id,sensor_id,event_time,vehicle_count,avg_speed,alert_type,alerted_at
9919,J4_BORELLA,2026-05-05 01:49:09.570079+05:30,101,5.85,SPEED_BELOW_10,2026-05-05 01:49:10.203139+05:30
9914,J3_TOWN_HALL,2026-05-05 01:49:09.135655+05:30,143,8.84,SPEED_BELOW_10,2026-05-05 01:49:10.198313+05:30
9918,J1_KOLLUPITIYA,2026-05-05 01:49:09.132510+05:30,106,9.86,SPEED_BELOW_10,2026-05-05 01:49:10.203139+05:30
9913,J3_TOWN_HALL,2026-05-05 01:49:07.118744+05:30,132,9.38,SPEED_BELOW_10,2026-05-05 01:49:10.198313+05:30
9910,J2_BAMBALAPITIYA,2026-05-05 01:49:06.107283+05:30,119,7.46,SPEED_BELOW_10,2026-05-05 01:49:10.194555+05:30
9917,J4_BORELLA,2026-05-05 01:49:05.544601+05:30,141,5.52,SPEED_BELOW_10,2026-05-05 01:49:10.203139+05:30
9912,J3_TOWN_HALL,2026-05-05 01:49:05.542222+05:30,104,2.30,SPEED_BELOW_10,2026-05-05 01:49:10.198313+05:30
9909,J2_BAMBALAPITIYA,2026-05-05 01:49:05.538921+05:30,98,5.00,SPEED_BELOW_10,2026-05-05 01:49:10.194555+05:30
9911,J3_TOWN_HALL,2026-05-05 01:49:04.531924+05:30,131,7.78,SPEED_BELOW_10,2026-05-05 01:49:10.198313+05:30
9916,J1_KOLLUPITIYA,2026-05-05 01:49:01.509657+05:30,148,8.44,SPEED_BELOW_10,2026-05-05 01:49:10.203139+05:30
9915,J1_KOLLUPITIYA,2026-05-05 01:49:00.491371+05:30,113,3.90,SPEED_BELOW_10,2026-05-05 01:49:10.203139+05:30
9905,J2_BAMBALAPITIYA,2026-05-05 01:48:59.485235+05:30,141,7.69,SPEED_BELOW_10,2026-05-05 01:49:00.552318+05:30
9906,J4_BORELLA,2026-05-05 01:48:57.473567+05:30,103,4.95,SPEED_BELOW_10,2026-05-05 01:49:00.552340+05:30
9908,J3_TOWN_HALL,2026-05-05 01:48:54.448175+05:30,129,8.76,SPEED_BELOW_10,2026-05-05 01:49:00.558503+05:30
9907,J3_TOWN_HALL,2026-05-05 01:48:51.427083+05:30,130,8.21,SPEED_BELOW_10,2026-05-05 01:49:00.558503+05:30
9904,J3_TOWN_HALL,2026-05-05 01:48:46.376339+05:30,103,6.93,SPEED_BELOW_10,2026-05-05 01:48:50.479493+05:30
9903,J4_BORELLA,2026-05-05 01:48:40.325680+05:30,116,4.26,SPEED_BELOW_10,2026-05-05 01:48:50.472770+05:30
9899,J1_KOLLUPITIYA,2026-05-05 01:48:39.926714+05:30,147,2.01,SPEED_BELOW_10,2026-05-05 01:48:40.379944+05:30
9902,J2_BAMBALAPITIYA,2026-05-05 01:48:37.910876+05:30,90,3.99,SPEED_BELOW_10,2026-05-05 01:48:40.387452+05:30
9901,J3_TOWN_HALL,2026-05-05 01:48:37.302689+05:30,91,5.94,SPEED_BELOW_10,2026-05-05 01:48:40.383723+05:30
9900,J3_TOWN_HALL,2026-05-05 01:48:35.894226+05:30,100,3.50,SPEED_BELOW_10,2026-05-05 01:48:40.383723+05:30
9898,J4_BORELLA,2026-05-05 01:48:33.880601+05:30,107,9.38,SPEED_BELOW_10,2026-05-05 01:48:40.379944+05:30
9897,J1_KOLLUPITIYA,2026-05-05 01:48:30.249697+05:30,137,7.67,SPEED_BELOW_10,2026-05-05 01:48:40.379944+05:30
9892,J1_KOLLUPITIYA,2026-05-05 01:48:28.239310+05:30,118,3.52,SPEED_BELOW_10,2026-05-05 01:48:30.301189+05:30
9891,J4_BORELLA,2026-05-05 01:48:27.235944+05:30,135,8.12,SPEED_BELOW_10,2026-05-05 01:48:30.301189+05:30
9890,J1_KOLLUPITIYA,2026-05-05 01:48:27.230602+05:30,91,4.03,SPEED_BELOW_10,2026-05-05 01:48:30.301189+05:30
9889,J1_KOLLUPITIYA,2026-05-05 01:48:26.826776+05:30,110,4.05,SPEED_BELOW_10,2026-05-05 01:48:30.301189+05:30
9888,J1_KOLLUPITIYA,2026-05-05 01:48:26.222540+05:30,144,6.28,SPEED_BELOW_10,2026-05-05 01:48:30.301189+05:30
9887,J1_KOLLUPITIYA,2026-05-05 01:48:25.816454+05:30,143,2.85,SPEED_BELOW_10,2026-05-05 01:48:30.301189+05:30
9896,J2_BAMBALAPITIYA,2026-05-05 01:48:25.211703+05:30,99,8.11,SPEED_BELOW_10,2026-05-05 01:48:30.302417+05:30
9886,J4_BORELLA,2026-05-05 01:48:24.212500+05:30,134,4.39,SPEED_BELOW_10,2026-05-05 01:48:30.301189+05:30
9895,J2_BAMBALAPITIYA,2026-05-05 01:48:24.201954+05:30,148,2.42,SPEED_BELOW_10,2026-05-05 01:48:30.302417+05:30
9885,J4_BORELLA,2026-05-05 01:48:21.792282+05:30,94,6.79,SPEED_BELOW_10,2026-05-05 01:48:30.301189+05:30
9894,J2_BAMBALAPITIYA,2026-05-05 01:48:21.177428+05:30,106,7.12,SPEED_BELOW_10,2026-05-05 01:48:30.302417+05:30
9893,J2_BAMBALAPITIYA,2026-05-05 01:48:20.779220+05:30,129,7.33,SPEED_BELOW_10,2026-05-05 01:48:30.302417+05:30
9884,J2_BAMBALAPITIYA,2026-05-05 01:48:17.753235+05:30,124,7.99,SPEED_BELOW_10,2026-05-05 01:48:20.736375+05:30
9883,J2_BAMBALAPITIYA,2026-05-05 01:48:15.733777+05:30,128,2.59,SPEED_BELOW_10,2026-05-05 01:48:20.736375+05:30
9881,J3_TOWN_HALL,2026-05-05 01:48:14.143942+05:30,92,3.73,SPEED_BELOW_10,2026-05-05 01:48:20.728219+05:30
9882,J4_BORELLA,2026-05-05 01:48:13.122090+05:30,118,6.57,SPEED_BELOW_10,2026-05-05 01:48:20.736360+05:30
9880,J2_BAMBALAPITIYA,2026-05-05 01:48:09.108523+05:30,118,3.10,SPEED_BELOW_10,2026-05-05 01:48:10.691573+05:30
9878,J2_BAMBALAPITIYA,2026-05-05 01:48:08.681294+05:30,141,8.68,SPEED_BELOW_10,2026-05-05 01:48:10.691573+05:30
9879,J3_TOWN_HALL,2026-05-05 01:48:07.674877+05:30,97,4.53,SPEED_BELOW_10,2026-05-05 01:48:10.691580+05:30
9877,J3_TOWN_HALL,2026-05-05 01:48:02.642006+05:30,103,4.93,SPEED_BELOW_10,2026-05-05 01:48:10.691580+05:30
9876,J3_TOWN_HALL,2026-05-05 01:47:58.027970+05:30,143,4.94,SPEED_BELOW_10,2026-05-05 01:48:00.674066+05:30
9873,J2_BAMBALAPITIYA,2026-05-05 01:47:58.024777+05:30,112,3.09,SPEED_BELOW_10,2026-05-05 01:48:00.666831+05:30
9874,J1_KOLLUPITIYA,2026-05-05 01:47:51.980619+05:30,109,2.32,SPEED_BELOW_10,2026-05-05 01:48:00.672252+05:30
9875,J3_TOWN_HALL,2026-05-05 01:47:51.559436+05:30,113,5.51,SPEED_BELOW_10,2026-05-05 01:48:00.674066+05:30
9872,J4_BORELLA,2026-05-05 01:47:48.966119+05:30,111,6.84,SPEED_BELOW_10,2026-05-05 01:47:50.593217+05:30
9871,J1_KOLLUPITIYA,2026-05-05 01:47:47.942998+05:30,108,5.69,SPEED_BELOW_10,2026-05-05 01:47:50.593217+05:30
9869,J2_BAMBALAPITIYA,2026-05-05 01:47:47.522233+05:30,106,2.11,SPEED_BELOW_10,2026-05-05 01:47:50.593187+05:30
9870,J4_BORELLA,2026-05-05 01:47:45.946075+05:30,142,4.41,SPEED_BELOW_10,2026-05-05 01:47:50.593217+05:30
9866,J3_TOWN_HALL,2026-05-05 01:47:44.926172+05:30,92,2.19,SPEED_BELOW_10,2026-05-05 01:47:50.586501+05:30
9867,J2_BAMBALAPITIYA,2026-05-05 01:47:44.923529+05:30,130,8.62,SPEED_BELOW_10,2026-05-05 01:47:50.593187+05:30
9868,J4_BORELLA,2026-05-05 01:47:44.503970+05:30,119,2.53,SPEED_BELOW_10,2026-05-05 01:47:50.593217+05:30
9865,J3_TOWN_HALL,2026-05-05 01:47:42.919945+05:30,100,4.56,SPEED_BELOW_10,2026-05-05 01:47:50.586501+05:30
9863,J3_TOWN_HALL,2026-05-05 01:47:36.858549+05:30,125,7.37,SPEED_BELOW_10,2026-05-05 01:47:40.535689+05:30
9862,J2_BAMBALAPITIYA,2026-05-05 01:47:35.841799+05:30,132,6.67,SPEED_BELOW_10,2026-05-05 01:47:40.532909+05:30
9864,J1_KOLLUPITIYA,2026-05-05 01:47:32.843505+05:30,122,8.68,SPEED_BELOW_10,2026-05-05 01:47:40.541002+05:30
9861,J2_BAMBALAPITIYA,2026-05-05 01:47:31.814061+05:30,108,7.68,SPEED_BELOW_10,2026-05-05 01:47:40.532909+05:30
9859,J4_BORELLA,2026-05-05 01:47:25.778786+05:30,101,3.27,SPEED_BELOW_10,2026-05-05 01:47:30.425565+05:30
9860,J2_BAMBALAPITIYA,2026-05-05 01:47:21.777147+05:30,117,3.17,SPEED_BELOW_10,2026-05-05 01:47:30.429498+05:30
9857,J1_KOLLUPITIYA,2026-05-05 01:47:19.736042+05:30,94,3.43,SPEED_BELOW_10,2026-05-05 01:47:20.335548+05:30
9858,J2_BAMBALAPITIYA,2026-05-05 01:47:13.245115+05:30,104,4.48,SPEED_BELOW_10,2026-05-05 01:47:20.337093+05:30
9856,J3_TOWN_HALL,2026-05-05 01:47:08.116775+05:30,103,4.31,SPEED_BELOW_10,2026-05-05 01:47:10.756445+05:30
9853,J1_KOLLUPITIYA,2026-05-05 01:47:06.665797+05:30,142,8.98,SPEED_BELOW_10,2026-05-05 01:47:10.749583+05:30
9855,J3_TOWN_HALL,2026-05-05 01:47:06.635570+05:30,115,7.61,SPEED_BELOW_10,2026-05-05 01:47:10.756445+05:30
9852,J1_KOLLUPITIYA,2026-05-05 01:47:05.657571+05:30,100,9.73,SPEED_BELOW_10,2026-05-05 01:47:10.749583+05:30
9854,J2_BAMBALAPITIYA,2026-05-05 01:47:02.636480+05:30,146,4.51,SPEED_BELOW_10,2026-05-05 01:47:10.753984+05:30
9851,J3_TOWN_HALL,2026-05-05 01:46:57.608503+05:30,110,4.56,SPEED_BELOW_10,2026-05-05 01:47:00.647395+05:30
9849,J1_KOLLUPITIYA,2026-05-05 01:46:57.606203+05:30,105,7.45,SPEED_BELOW_10,2026-05-05 01:47:00.646337+05:30
9848,J2_BAMBALAPITIYA,2026-05-05 01:46:57.029343+05:30,94,5.97,SPEED_BELOW_10,2026-05-05 01:47:00.645996+05:30
9847,J1_KOLLUPITIYA,2026-05-05 01:46:56.599121+05:30,98,8.40,SPEED_BELOW_10,2026-05-05 01:47:00.646337+05:30
9850,J3_TOWN_HALL,2026-05-05 01:46:55.595598+05:30,149,9.03,SPEED_BELOW_10,2026-05-05 01:47:00.647395+05:30
9846,J2_BAMBALAPITIYA,2026-05-05 01:46:50.983215+05:30,141,9.02,SPEED_BELOW_10,2026-05-05 01:47:00.645996+05:30
9845,J1_KOLLUPITIYA,2026-05-05 01:46:47.518821+05:30,146,4.09,SPEED_BELOW_10,2026-05-05 01:46:50.589346+05:30
9841,J3_TOWN_HALL,2026-05-05 01:46:46.953209+05:30,119,6.03,SPEED_BELOW_10,2026-05-05 01:46:50.580719+05:30
9844,J1_KOLLUPITIYA,2026-05-05 01:46:44.934083+05:30,120,9.81,SPEED_BELOW_10,2026-05-05 01:46:50.589346+05:30
9840,J3_TOWN_HALL,2026-05-05 01:46:41.503917+05:30,99,2.14,SPEED_BELOW_10,2026-05-05 01:46:50.580719+05:30
9843,J1_KOLLUPITIYA,2026-05-05 01:46:41.470627+05:30,147,6.45,SPEED_BELOW_10,2026-05-05 01:46:50.589346+05:30
9842,J1_KOLLUPITIYA,2026-05-05 01:46:40.494021+05:30,139,8.58,SPEED_BELOW_10,2026-05-05 01:46:50.589346+05:30
9833,J3_TOWN_HALL,2026-05-05 01:46:38.895445+05:30,140,6.54,SPEED_BELOW_10,2026-05-05 01:46:40.506151+05:30
9839,J4_BORELLA,2026-05-05 01:46:37.481592+05:30,100,8.32,SPEED_BELOW_10,2026-05-05 01:46:40.508100+05:30
9838,J1_KOLLUPITIYA,2026-05-05 01:46:37.430467+05:30,142,3.18,SPEED_BELOW_10,2026-05-05 01:46:40.508100+05:30
9832,J3_TOWN_HALL,2026-05-05 01:46:36.881972+05:30,121,6.04,SPEED_BELOW_10,2026-05-05 01:46:40.506151+05:30
9837,J1_KOLLUPITIYA,2026-05-05 01:46:36.421717+05:30,99,7.14,SPEED_BELOW_10,2026-05-05 01:46:40.508100+05:30
9836,J1_KOLLUPITIYA,2026-05-05 01:46:31.841539+05:30,93,8.14,SPEED_BELOW_10,2026-05-05 01:46:40.508100+05:30
9835,J1_KOLLUPITIYA,2026-05-05 01:46:31.386682+05:30,115,2.05,SPEED_BELOW_10,2026-05-05 01:46:40.508100+05:30
9834,J4_BORELLA,2026-05-05 01:46:30.435729+05:30,91,6.06,SPEED_BELOW_10,2026-05-05 01:46:40.508100+05:30
9831,J2_BAMBALAPITIYA,2026-05-05 01:46:29.828727+05:30,120,3.12,SPEED_BELOW_10,2026-05-05 01:46:30.433041+05:30
9829,J3_TOWN_HALL,2026-05-05 01:46:28.820450+05:30,146,8.40,SPEED_BELOW_10,2026-05-05 01:46:30.430234+05:30
9828,J4_BORELLA,2026-05-05 01:46:27.364451+05:30,106,4.40,SPEED_BELOW_10,2026-05-05 01:46:30.385764+05:30
9830,J2_BAMBALAPITIYA,2026-05-05 01:46:25.793997+05:30,93,5.19,SPEED_BELOW_10,2026-05-05 01:46:30.433041+05:30
9827,J1_KOLLUPITIYA,2026-05-05 01:46:22.370825+05:30,116,2.23,SPEED_BELOW_10,2026-05-05 01:46:30.385764+05:30
9826,J4_BORELLA,2026-05-05 01:46:22.329788+05:30,115,6.65,SPEED_BELOW_10,2026-05-05 01:46:30.385764+05:30
9825,J1_KOLLUPITIYA,2026-05-05 01:46:20.313243+05:30,132,5.39,SPEED_BELOW_10,2026-05-05 01:46:30.385764+05:30
9823,J1_KOLLUPITIYA,2026-05-05 01:46:14.281535+05:30,150,6.09,SPEED_BELOW_10,2026-05-05 01:46:20.359710+05:30
9822,J4_BORELLA,2026-05-05 01:46:10.702945+05:30,122,7.07,SPEED_BELOW_10,2026-05-05 01:46:20.359710+05:30
9824,J3_TOWN_HALL,2026-05-05 01:46:10.297618+05:30,148,2.01,SPEED_BELOW_10,2026-05-05 01:46:20.361037+05:30
9815,J1_KOLLUPITIYA,2026-05-05 01:46:09.255325+05:30,90,6.47,SPEED_BELOW_10,2026-05-05 01:46:10.317209+05:30
9821,J2_BAMBALAPITIYA,2026-05-05 01:46:06.237052+05:30,120,5.77,SPEED_BELOW_10,2026-05-05 01:46:10.334802+05:30
9820,J2_BAMBALAPITIYA,2026-05-05 01:46:04.669961+05:30,108,9.47,SPEED_BELOW_10,2026-05-05 01:46:10.334802+05:30
9819,J2_BAMBALAPITIYA,2026-05-05 01:46:04.263106+05:30,109,9.55,SPEED_BELOW_10,2026-05-05 01:46:10.334802+05:30
9818,J2_BAMBALAPITIYA,2026-05-05 01:46:03.662242+05:30,102,3.54,SPEED_BELOW_10,2026-05-05 01:46:10.334802+05:30
9817,J3_TOWN_HALL,2026-05-05 01:46:03.223766+05:30,128,2.95,SPEED_BELOW_10,2026-05-05 01:46:10.331812+05:30
9816,J3_TOWN_HALL,2026-05-05 01:46:01.207325+05:30,136,3.50,SPEED_BELOW_10,2026-05-05 01:46:10.331812+05:30
9814,J1_KOLLUPITIYA,2026-05-05 01:46:00.640377+05:30,133,7.88,SPEED_BELOW_10,2026-05-05 01:46:10.317209+05:30
9813,J4_BORELLA,2026-05-05 01:46:00.239293+05:30,142,9.21,SPEED_BELOW_10,2026-05-05 01:46:10.317209+05:30
9812,J2_BAMBALAPITIYA,2026-05-05 01:45:59.231484+05:30,132,3.61,SPEED_BELOW_10,2026-05-05 01:46:00.247189+05:30
9811,J2_BAMBALAPITIYA,2026-05-05 01:45:58.628031+05:30,116,3.00,SPEED_BELOW_10,2026-05-05 01:46:00.247189+05:30
9810,J4_BORELLA,2026-05-05 01:45:56.618114+05:30,144,5.50,SPEED_BELOW_10,2026-05-05 01:46:00.247357+05:30
9808,J4_BORELLA,2026-05-05 01:45:51.152238+05:30,100,2.68,SPEED_BELOW_10,2026-05-05 01:46:00.247357+05:30
9809,J2_BAMBALAPITIYA,2026-05-05 01:45:51.148928+05:30,97,7.70,SPEED_BELOW_10,2026-05-05 01:46:00.247189+05:30
9807,J3_TOWN_HALL,2026-05-05 01:45:49.135749+05:30,140,9.31,SPEED_BELOW_10,2026-05-05 01:45:50.214498+05:30
9803,J2_BAMBALAPITIYA,2026-05-05 01:45:48.571019+05:30,101,4.35,SPEED_BELOW_10,2026-05-05 01:45:50.207715+05:30
9806,J1_KOLLUPITIYA,2026-05-05 01:45:47.153951+05:30,109,2.71,SPEED_BELOW_10,2026-05-05 01:45:50.210168+05:30
9802,J2_BAMBALAPITIYA,2026-05-05 01:45:46.147401+05:30,126,6.74,SPEED_BELOW_10,2026-05-05 01:45:50.207715+05:30
9805,J4_BORELLA,2026-05-05 01:45:45.554584+05:30,132,4.98,SPEED_BELOW_10,2026-05-05 01:45:50.210168+05:30
9801,J2_BAMBALAPITIYA,2026-05-05 01:45:45.550001+05:30,119,8.85,SPEED_BELOW_10,2026-05-05 01:45:50.207715+05:30
9804,J4_BORELLA,2026-05-05 01:45:42.124222+05:30,139,4.43,SPEED_BELOW_10,2026-05-05 01:45:50.210168+05:30
9800,J2_BAMBALAPITIYA,2026-05-05 01:45:42.104122+05:30,97,7.38,SPEED_BELOW_10,2026-05-05 01:45:50.207715+05:30
9799,J2_BAMBALAPITIYA,2026-05-05 01:45:40.492670+05:30,144,3.48,SPEED_BELOW_10,2026-05-05 01:45:50.207715+05:30
9798,J1_KOLLUPITIYA,2026-05-05 01:45:39.486754+05:30,120,7.46,SPEED_BELOW_10,2026-05-05 01:45:40.539106+05:30
9797,J4_BORELLA,2026-05-05 01:45:39.105574+05:30,120,3.08,SPEED_BELOW_10,2026-05-05 01:45:40.539106+05:30
9796,J1_KOLLUPITIYA,2026-05-05 01:45:36.464508+05:30,149,2.75,SPEED_BELOW_10,2026-05-05 01:45:40.539106+05:30
9795,J1_KOLLUPITIYA,2026-05-05 01:45:35.458240+05:30,135,8.71,SPEED_BELOW_10,2026-05-05 01:45:40.539106+05:30
9793,J2_BAMBALAPITIYA,2026-05-05 01:45:34.452510+05:30,135,4.06,SPEED_BELOW_10,2026-05-05 01:45:40.497624+05:30
9794,J1_KOLLUPITIYA,2026-05-05 01:45:33.050660+05:30,143,3.77,SPEED_BELOW_10,2026-05-05 01:45:40.539106+05:30
9792,J2_BAMBALAPITIYA,2026-05-05 01:45:30.051279+05:30,108,7.53,SPEED_BELOW_10,2026-05-05 01:45:40.497624+05:30
9786,J4_BORELLA,2026-05-05 01:45:29.047129+05:30,116,9.47,SPEED_BELOW_10,2026-05-05 01:45:30.467323+05:30
9791,J3_TOWN_HALL,2026-05-05 01:45:29.028682+05:30,123,3.06,SPEED_BELOW_10,2026-05-05 01:45:30.471989+05:30
9789,J2_BAMBALAPITIYA,2026-05-05 01:45:27.398831+05:30,104,6.01,SPEED_BELOW_10,2026-05-05 01:45:30.467632+05:30
9788,J2_BAMBALAPITIYA,2026-05-05 01:45:27.015821+05:30,132,9.52,SPEED_BELOW_10,2026-05-05 01:45:30.467632+05:30
9785,J1_KOLLUPITIYA,2026-05-05 01:45:27.013866+05:30,97,4.39,SPEED_BELOW_10,2026-05-05 01:45:30.467323+05:30
9787,J2_BAMBALAPITIYA,2026-05-05 01:45:26.028500+05:30,135,2.66,SPEED_BELOW_10,2026-05-05 01:45:30.467632+05:30
9790,J3_TOWN_HALL,2026-05-05 01:45:23.999095+05:30,96,2.24,SPEED_BELOW_10,2026-05-05 01:45:30.471989+05:30
9784,J2_BAMBALAPITIYA,2026-05-05 01:45:22.375339+05:30,134,2.02,SPEED_BELOW_10,2026-05-05 01:45:30.467632+05:30
9783,J4_BORELLA,2026-05-05 01:45:21.370935+05:30,106,8.02,SPEED_BELOW_10,2026-05-05 01:45:30.467323+05:30
9780,J3_TOWN_HALL,2026-05-05 01:45:19.979113+05:30,97,4.74,SPEED_BELOW_10,2026-05-05 01:45:20.422364+05:30
9782,J4_BORELLA,2026-05-05 01:45:18.357770+05:30,137,5.22,SPEED_BELOW_10,2026-05-05 01:45:20.422411+05:30
9781,J4_BORELLA,2026-05-05 01:45:15.973204+05:30,107,5.17,SPEED_BELOW_10,2026-05-05 01:45:20.422411+05:30
9773,J4_BORELLA,2026-05-05 01:45:08.911162+05:30,133,4.09,SPEED_BELOW_10,2026-05-05 01:45:10.328367+05:30
9776,J2_BAMBALAPITIYA,2026-05-05 01:45:05.909285+05:30,102,9.52,SPEED_BELOW_10,2026-05-05 01:45:10.328638+05:30
9775,J2_BAMBALAPITIYA,2026-05-05 01:45:05.240054+05:30,137,9.04,SPEED_BELOW_10,2026-05-05 01:45:10.328638+05:30
9772,J1_KOLLUPITIYA,2026-05-05 01:45:05.238179+05:30,142,5.03,SPEED_BELOW_10,2026-05-05 01:45:10.328367+05:30
9774,J2_BAMBALAPITIYA,2026-05-05 01:45:04.901322+05:30,111,5.32,SPEED_BELOW_10,2026-05-05 01:45:10.328638+05:30
9779,J3_TOWN_HALL,2026-05-05 01:45:04.888679+05:30,123,7.69,SPEED_BELOW_10,2026-05-05 01:45:10.329857+05:30
9770,J4_BORELLA,2026-05-05 01:45:04.233864+05:30,110,8.23,SPEED_BELOW_10,2026-05-05 01:45:10.328367+05:30
9778,J3_TOWN_HALL,2026-05-05 01:45:03.883332+05:30,128,4.71,SPEED_BELOW_10,2026-05-05 01:45:10.329857+05:30
9771,J2_BAMBALAPITIYA,2026-05-05 01:45:03.221778+05:30,128,9.00,SPEED_BELOW_10,2026-05-05 01:45:10.328638+05:30
9769,J4_BORELLA,2026-05-05 01:45:02.214387+05:30,133,2.16,SPEED_BELOW_10,2026-05-05 01:45:10.328367+05:30
9777,J3_TOWN_HALL,2026-05-05 01:45:00.860137+05:30,145,3.82,SPEED_BELOW_10,2026-05-05 01:45:10.329857+05:30
9766,J4_BORELLA,2026-05-05 01:44:59.855681+05:30,96,8.25,SPEED_BELOW_10,2026-05-05 01:45:00.245400+05:30
9768,J3_TOWN_HALL,2026-05-05 01:44:58.861161+05:30,141,9.59,SPEED_BELOW_10,2026-05-05 01:45:00.248998+05:30
9765,J4_BORELLA,2026-05-05 01:44:58.188286+05:30,143,2.28,SPEED_BELOW_10,2026-05-05 01:45:00.245400+05:30
9767,J3_TOWN_HALL,2026-05-05 01:44:56.848290+05:30,112,8.15,SPEED_BELOW_10,2026-05-05 01:45:00.248998+05:30
9764,J2_BAMBALAPITIYA,2026-05-05 01:44:53.828666+05:30,110,8.92,SPEED_BELOW_10,2026-05-05 01:45:00.203594+05:30
9763,J2_BAMBALAPITIYA,2026-05-05 01:44:53.147533+05:30,145,7.96,SPEED_BELOW_10,2026-05-05 01:45:00.203594+05:30
9762,J2_BAMBALAPITIYA,2026-05-05 01:44:52.138277+05:30,111,2.46,SPEED_BELOW_10,2026-05-05 01:45:00.203594+05:30
9761,J2_BAMBALAPITIYA,2026-05-05 01:44:51.807786+05:30,103,2.55,SPEED_BELOW_10,2026-05-05 01:45:00.203594+05:30
9760,J2_BAMBALAPITIYA,2026-05-05 01:44:50.124470+05:30,95,8.85,SPEED_BELOW_10,2026-05-05 01:45:00.203594+05:30
9754,J3_TOWN_HALL,2026-05-05 01:44:49.805181+05:30,133,4.98,SPEED_BELOW_10,2026-05-05 01:44:50.679296+05:30
9753,J3_TOWN_HALL,2026-05-05 01:44:49.119433+05:30,122,7.68,SPEED_BELOW_10,2026-05-05 01:44:50.679296+05:30
9759,J1_KOLLUPITIYA,2026-05-05 01:44:48.789573+05:30,106,6.33,SPEED_BELOW_10,2026-05-05 01:44:50.679596+05:30
9758,J4_BORELLA,2026-05-05 01:44:47.797199+05:30,117,8.61,SPEED_BELOW_10,2026-05-05 01:44:50.679596+05:30
9757,J4_BORELLA,2026-05-05 01:44:46.790348+05:30,144,8.46,SPEED_BELOW_10,2026-05-05 01:44:50.679596+05:30
9756,J4_BORELLA,2026-05-05 01:44:44.092666+05:30,146,2.86,SPEED_BELOW_10,2026-05-05 01:44:50.679596+05:30
9755,J1_KOLLUPITIYA,2026-05-05 01:44:43.772170+05:30,90,3.42,SPEED_BELOW_10,2026-05-05 01:44:50.679596+05:30
9751,J1_KOLLUPITIYA,2026-05-05 01:44:42.749874+05:30,115,6.54,SPEED_BELOW_10,2026-05-05 01:44:50.679596+05:30
9752,J3_TOWN_HALL,2026-05-05 01:44:42.081010+05:30,121,9.03,SPEED_BELOW_10,2026-05-05 01:44:50.679296+05:30
9750,J3_TOWN_HALL,2026-05-05 01:44:40.749729+05:30,142,2.74,SPEED_BELOW_10,2026-05-05 01:44:50.679296+05:30
9746,J2_BAMBALAPITIYA,2026-05-05 01:44:39.029513+05:30,108,8.91,SPEED_BELOW_10,2026-05-05 01:44:40.692566+05:30
9745,J2_BAMBALAPITIYA,2026-05-05 01:44:38.022342+05:30,124,2.56,SPEED_BELOW_10,2026-05-05 01:44:40.692566+05:30
9747,J3_TOWN_HALL,2026-05-05 01:44:37.015003+05:30,106,4.42,SPEED_BELOW_10,2026-05-05 01:44:40.693093+05:30
9749,J1_KOLLUPITIYA,2026-05-05 01:44:36.713497+05:30,137,3.80,SPEED_BELOW_10,2026-05-05 01:44:40.693342+05:30
9744,J2_BAMBALAPITIYA,2026-05-05 01:44:36.004058+05:30,97,9.20,SPEED_BELOW_10,2026-05-05 01:44:40.692566+05:30
9748,J1_KOLLUPITIYA,2026-05-05 01:44:34.992887+05:30,127,8.39,SPEED_BELOW_10,2026-05-05 01:44:40.693342+05:30
9737,J3_TOWN_HALL,2026-05-05 01:44:29.674440+05:30,129,3.16,SPEED_BELOW_10,2026-05-05 01:44:30.674175+05:30
9743,J4_BORELLA,2026-05-05 01:44:26.935609+05:30,104,4.54,SPEED_BELOW_10,2026-05-05 01:44:30.674233+05:30
9742,J4_BORELLA,2026-05-05 01:44:26.672433+05:30,121,2.03,SPEED_BELOW_10,2026-05-05 01:44:30.674233+05:30
9741,J1_KOLLUPITIYA,2026-05-05 01:44:26.668455+05:30,110,8.44,SPEED_BELOW_10,2026-05-05 01:44:30.674233+05:30
9740,J1_KOLLUPITIYA,2026-05-05 01:44:26.648850+05:30,96,3.33,SPEED_BELOW_10,2026-05-05 01:44:30.674233+05:30
9739,J4_BORELLA,2026-05-05 01:44:24.659160+05:30,99,3.84,SPEED_BELOW_10,2026-05-05 01:44:30.674233+05:30
9738,J1_KOLLUPITIYA,2026-05-05 01:44:21.903063+05:30,128,4.88,SPEED_BELOW_10,2026-05-05 01:44:30.674233+05:30
9736,J1_KOLLUPITIYA,2026-05-05 01:44:19.890876+05:30,129,9.64,SPEED_BELOW_10,2026-05-05 01:44:20.690928+05:30
9735,J1_KOLLUPITIYA,2026-05-05 01:44:18.883118+05:30,95,8.42,SPEED_BELOW_10,2026-05-05 01:44:20.690928+05:30
9734,J1_KOLLUPITIYA,2026-05-05 01:44:17.617126+05:30,104,7.30,SPEED_BELOW_10,2026-05-05 01:44:20.690928+05:30
9731,J3_TOWN_HALL,2026-05-05 01:44:14.850860+05:30,116,6.66,SPEED_BELOW_10,2026-05-05 01:44:20.666185+05:30
9733,J2_BAMBALAPITIYA,2026-05-05 01:44:14.579571+05:30,146,6.58,SPEED_BELOW_10,2026-05-05 01:44:20.666206+05:30
9732,J2_BAMBALAPITIYA,2026-05-05 01:44:12.568832+05:30,132,7.10,SPEED_BELOW_10,2026-05-05 01:44:20.666206+05:30
9728,J3_TOWN_HALL,2026-05-05 01:44:09.547566+05:30,136,7.61,SPEED_BELOW_10,2026-05-05 01:44:10.609717+05:30
9730,J1_KOLLUPITIYA,2026-05-05 01:44:08.555773+05:30,142,3.63,SPEED_BELOW_10,2026-05-05 01:44:10.609818+05:30
9727,J2_BAMBALAPITIYA,2026-05-05 01:44:07.794938+05:30,136,3.14,SPEED_BELOW_10,2026-05-05 01:44:10.608040+05:30
9726,J2_BAMBALAPITIYA,2026-05-05 01:44:07.532898+05:30,100,4.82,SPEED_BELOW_10,2026-05-05 01:44:10.608040+05:30
9725,J2_BAMBALAPITIYA,2026-05-05 01:44:06.525353+05:30,111,7.61,SPEED_BELOW_10,2026-05-05 01:44:10.608040+05:30
9724,J2_BAMBALAPITIYA,2026-05-05 01:44:03.772068+05:30,90,8.51,SPEED_BELOW_10,2026-05-05 01:44:10.608040+05:30
9729,J4_BORELLA,2026-05-05 01:44:02.531129+05:30,149,7.14,SPEED_BELOW_10,2026-05-05 01:44:10.609818+05:30
9723,J2_BAMBALAPITIYA,2026-05-05 01:44:01.762263+05:30,98,7.97,SPEED_BELOW_10,2026-05-05 01:44:10.608040+05:30
9722,J1_KOLLUPITIYA,2026-05-05 01:43:53.721818+05:30,149,5.55,SPEED_BELOW_10,2026-05-05 01:44:00.502835+05:30
9721,J1_KOLLUPITIYA,2026-05-05 01:43:53.460467+05:30,95,6.27,SPEED_BELOW_10,2026-05-05 01:44:00.502835+05:30
9720,J1_KOLLUPITIYA,2026-05-05 01:43:50.439188+05:30,133,4.46,SPEED_BELOW_10,2026-05-05 01:44:00.502835+05:30
9718,J1_KOLLUPITIYA,2026-05-05 01:43:48.687602+05:30,144,8.70,SPEED_BELOW_10,2026-05-05 01:43:50.483542+05:30
9719,J2_BAMBALAPITIYA,2026-05-05 01:43:41.643507+05:30,126,4.53,SPEED_BELOW_10,2026-05-05 01:43:50.485752+05:30
9711,J2_BAMBALAPITIYA,2026-05-05 01:43:39.635598+05:30,124,3.40,SPEED_BELOW_10,2026-05-05 01:43:40.430105+05:30
9714,J1_KOLLUPITIYA,2026-05-05 01:43:39.374105+05:30,120,3.34,SPEED_BELOW_10,2026-05-05 01:43:40.443566+05:30
9717,J3_TOWN_HALL,2026-05-05 01:43:38.398394+05:30,121,6.78,SPEED_BELOW_10,2026-05-05 01:43:40.447637+05:30
9716,J3_TOWN_HALL,2026-05-05 01:43:37.365993+05:30,116,3.92,SPEED_BELOW_10,2026-05-05 01:43:40.447637+05:30
9715,J3_TOWN_HALL,2026-05-05 01:43:36.357985+05:30,108,6.05,SPEED_BELOW_10,2026-05-05 01:43:40.447637+05:30
9713,J4_BORELLA,2026-05-05 01:43:33.342129+05:30,122,4.06,SPEED_BELOW_10,2026-05-05 01:43:40.443566+05:30
9712,J4_BORELLA,2026-05-05 01:43:32.331778+05:30,144,7.53,SPEED_BELOW_10,2026-05-05 01:43:40.443566+05:30
9707,J4_BORELLA,2026-05-05 01:43:29.338469+05:30,91,2.18,SPEED_BELOW_10,2026-05-05 01:43:30.369591+05:30
9710,J3_TOWN_HALL,2026-05-05 01:43:29.337544+05:30,131,2.30,SPEED_BELOW_10,2026-05-05 01:43:30.373403+05:30
9708,J2_BAMBALAPITIYA,2026-05-05 01:43:24.529222+05:30,118,9.65,SPEED_BELOW_10,2026-05-05 01:43:30.372531+05:30
9706,J1_KOLLUPITIYA,2026-05-05 01:43:23.501359+05:30,120,9.57,SPEED_BELOW_10,2026-05-05 01:43:30.369591+05:30
9705,J1_KOLLUPITIYA,2026-05-05 01:43:21.284698+05:30,146,3.98,SPEED_BELOW_10,2026-05-05 01:43:30.369591+05:30
9709,J3_TOWN_HALL,2026-05-05 01:43:20.274304+05:30,108,7.61,SPEED_BELOW_10,2026-05-05 01:43:30.373403+05:30
9703,J2_BAMBALAPITIYA,2026-05-05 01:43:14.232795+05:30,143,4.26,SPEED_BELOW_10,2026-05-05 01:43:20.281797+05:30
9702,J4_BORELLA,2026-05-05 01:43:13.228302+05:30,112,6.31,SPEED_BELOW_10,2026-05-05 01:43:20.230865+05:30
9704,J3_TOWN_HALL,2026-05-05 01:43:12.436782+05:30,95,9.52,SPEED_BELOW_10,2026-05-05 01:43:20.292048+05:30
9701,J4_BORELLA,2026-05-05 01:43:10.168272+05:30,130,5.50,SPEED_BELOW_10,2026-05-05 01:43:20.230865+05:30
9697,J4_BORELLA,2026-05-05 01:43:09.187802+05:30,104,7.48,SPEED_BELOW_10,2026-05-05 01:43:10.253933+05:30
9699,J2_BAMBALAPITIYA,2026-05-05 01:43:09.185376+05:30,108,5.69,SPEED_BELOW_10,2026-05-05 01:43:10.266170+05:30
9696,J4_BORELLA,2026-05-05 01:43:08.157133+05:30,91,3.31,SPEED_BELOW_10,2026-05-05 01:43:10.253933+05:30
9695,J4_BORELLA,2026-05-05 01:43:05.395081+05:30,149,3.46,SPEED_BELOW_10,2026-05-05 01:43:10.253933+05:30
9698,J2_BAMBALAPITIYA,2026-05-05 01:43:05.391821+05:30,127,5.24,SPEED_BELOW_10,2026-05-05 01:43:10.266170+05:30
9700,J3_TOWN_HALL,2026-05-05 01:43:04.160989+05:30,111,6.44,SPEED_BELOW_10,2026-05-05 01:43:10.269619+05:30
9692,J1_KOLLUPITIYA,2026-05-05 01:42:58.346668+05:30,137,4.08,SPEED_BELOW_10,2026-05-05 01:43:00.410180+05:30
9694,J2_BAMBALAPITIYA,2026-05-05 01:42:57.109165+05:30,103,3.77,SPEED_BELOW_10,2026-05-05 01:43:00.416965+05:30
9693,J3_TOWN_HALL,2026-05-05 01:42:57.081176+05:30,92,6.24,SPEED_BELOW_10,2026-05-05 01:43:00.416971+05:30
9691,J1_KOLLUPITIYA,2026-05-05 01:42:52.078433+05:30,126,6.77,SPEED_BELOW_10,2026-05-05 01:43:00.410180+05:30
9689,J2_BAMBALAPITIYA,2026-05-05 01:42:46.275969+05:30,138,7.99,SPEED_BELOW_10,2026-05-05 01:42:50.348652+05:30
9690,J3_TOWN_HALL,2026-05-05 01:42:46.045669+05:30,106,4.58,SPEED_BELOW_10,2026-05-05 01:42:50.349517+05:30
9688,J2_BAMBALAPITIYA,2026-05-05 01:42:44.996734+05:30,150,3.13,SPEED_BELOW_10,2026-05-05 01:42:50.348652+05:30
9687,J1_KOLLUPITIYA,2026-05-05 01:42:43.990411+05:30,140,9.28,SPEED_BELOW_10,2026-05-05 01:42:50.304766+05:30
9686,J1_KOLLUPITIYA,2026-05-05 01:42:41.012781+05:30,122,7.76,SPEED_BELOW_10,2026-05-05 01:42:50.304766+05:30
9685,J1_KOLLUPITIYA,2026-05-05 01:42:40.235432+05:30,124,7.65,SPEED_BELOW_10,2026-05-05 01:42:50.304766+05:30
9679,J2_BAMBALAPITIYA,2026-05-05 01:42:39.965735+05:30,112,7.19,SPEED_BELOW_10,2026-05-05 01:42:40.283421+05:30
9678,J2_BAMBALAPITIYA,2026-05-05 01:42:38.960359+05:30,139,9.56,SPEED_BELOW_10,2026-05-05 01:42:40.283421+05:30
9682,J3_TOWN_HALL,2026-05-05 01:42:37.954966+05:30,127,8.84,SPEED_BELOW_10,2026-05-05 01:42:40.283412+05:30
9681,J3_TOWN_HALL,2026-05-05 01:42:35.209497+05:30,116,6.31,SPEED_BELOW_10,2026-05-05 01:42:40.283412+05:30
9680,J3_TOWN_HALL,2026-05-05 01:42:34.939986+05:30,148,5.46,SPEED_BELOW_10,2026-05-05 01:42:40.283412+05:30
9677,J3_TOWN_HALL,2026-05-05 01:42:33.933324+05:30,126,2.15,SPEED_BELOW_10,2026-05-05 01:42:40.283412+05:30
9684,J1_KOLLUPITIYA,2026-05-05 01:42:32.927352+05:30,132,6.43,SPEED_BELOW_10,2026-05-05 01:42:40.289531+05:30
9676,J2_BAMBALAPITIYA,2026-05-05 01:42:31.920711+05:30,113,2.68,SPEED_BELOW_10,2026-05-05 01:42:40.283421+05:30
9683,J1_KOLLUPITIYA,2026-05-05 01:42:31.918155+05:30,122,5.46,SPEED_BELOW_10,2026-05-05 01:42:40.289531+05:30
9673,J1_KOLLUPITIYA,2026-05-05 01:42:27.898235+05:30,147,2.66,SPEED_BELOW_10,2026-05-05 01:42:30.189670+05:30
9672,J4_BORELLA,2026-05-05 01:42:26.896208+05:30,138,6.63,SPEED_BELOW_10,2026-05-05 01:42:30.189670+05:30
9674,J3_TOWN_HALL,2026-05-05 01:42:21.896804+05:30,142,5.81,SPEED_BELOW_10,2026-05-05 01:42:30.679221+05:30
9675,J2_BAMBALAPITIYA,2026-05-05 01:42:21.861205+05:30,122,6.68,SPEED_BELOW_10,2026-05-05 01:42:30.679283+05:30
9671,J1_KOLLUPITIYA,2026-05-05 01:42:19.877540+05:30,141,7.03,SPEED_BELOW_10,2026-05-05 01:42:20.683953+05:30
9670,J1_KOLLUPITIYA,2026-05-05 01:42:19.846322+05:30,107,8.47,SPEED_BELOW_10,2026-05-05 01:42:20.683953+05:30
9669,J1_KOLLUPITIYA,2026-05-05 01:42:12.825408+05:30,125,4.52,SPEED_BELOW_10,2026-05-05 01:42:20.683953+05:30
9668,J4_BORELLA,2026-05-05 01:42:04.739854+05:30,119,7.66,SPEED_BELOW_10,2026-05-05 01:42:10.736132+05:30
9667,J1_KOLLUPITIYA,2026-05-05 01:42:04.694230+05:30,101,6.23,SPEED_BELOW_10,2026-05-05 01:42:10.736132+05:30
9666,J4_BORELLA,2026-05-05 01:42:03.690465+05:30,97,9.16,SPEED_BELOW_10,2026-05-05 01:42:10.736132+05:30
9664,J2_BAMBALAPITIYA,2026-05-05 01:42:03.687386+05:30,119,5.78,SPEED_BELOW_10,2026-05-05 01:42:10.735769+05:30
9665,J4_BORELLA,2026-05-05 01:42:00.706010+05:30,123,3.60,SPEED_BELOW_10,2026-05-05 01:42:10.736132+05:30
9663,J3_TOWN_HALL,2026-05-05 01:41:55.676443+05:30,101,8.06,SPEED_BELOW_10,2026-05-05 01:42:00.716541+05:30
9662,J3_TOWN_HALL,2026-05-05 01:41:53.914236+05:30,138,6.79,SPEED_BELOW_10,2026-05-05 01:42:00.716541+05:30
9661,J1_KOLLUPITIYA,2026-05-05 01:41:51.639010+05:30,143,3.50,SPEED_BELOW_10,2026-05-05 01:42:00.710760+05:30
9660,J3_TOWN_HALL,2026-05-05 01:41:47.876007+05:30,148,3.80,SPEED_BELOW_10,2026-05-05 01:41:50.661011+05:30
9658,J4_BORELLA,2026-05-05 01:41:45.583311+05:30,144,7.35,SPEED_BELOW_10,2026-05-05 01:41:50.656551+05:30
9659,J3_TOWN_HALL,2026-05-05 01:41:42.579040+05:30,111,2.85,SPEED_BELOW_10,2026-05-05 01:41:50.661011+05:30
9657,J2_BAMBALAPITIYA,2026-05-05 01:41:40.529673+05:30,123,7.86,SPEED_BELOW_10,2026-05-05 01:41:50.613314+05:30
9656,J3_TOWN_HALL,2026-05-05 01:41:39.522042+05:30,95,4.71,SPEED_BELOW_10,2026-05-05 01:41:40.578417+05:30
9654,J1_KOLLUPITIYA,2026-05-05 01:41:38.545416+05:30,105,3.64,SPEED_BELOW_10,2026-05-05 01:41:40.577336+05:30
9653,J4_BORELLA,2026-05-05 01:41:36.805549+05:30,91,7.57,SPEED_BELOW_10,2026-05-05 01:41:40.577336+05:30
9655,J3_TOWN_HALL,2026-05-05 01:41:35.493199+05:30,145,5.01,SPEED_BELOW_10,2026-05-05 01:41:40.578417+05:30
9652,J4_BORELLA,2026-05-05 01:41:34.527232+05:30,95,8.21,SPEED_BELOW_10,2026-05-05 01:41:40.577336+05:30
9651,J1_KOLLUPITIYA,2026-05-05 01:41:34.486530+05:30,148,7.31,SPEED_BELOW_10,2026-05-05 01:41:40.577336+05:30
9650,J3_TOWN_HALL,2026-05-05 01:41:26.479779+05:30,131,7.69,SPEED_BELOW_10,2026-05-05 01:41:30.503796+05:30
9649,J2_BAMBALAPITIYA,2026-05-05 01:41:22.406220+05:30,116,4.84,SPEED_BELOW_10,2026-05-05 01:41:30.502878+05:30
9647,J3_TOWN_HALL,2026-05-05 01:41:17.423765+05:30,93,6.72,SPEED_BELOW_10,2026-05-05 01:41:20.439381+05:30
9646,J3_TOWN_HALL,2026-05-05 01:41:16.680663+05:30,124,2.03,SPEED_BELOW_10,2026-05-05 01:41:20.439381+05:30
9644,J4_BORELLA,2026-05-05 01:41:16.370313+05:30,102,8.74,SPEED_BELOW_10,2026-05-05 01:41:20.435072+05:30
9643,J1_KOLLUPITIYA,2026-05-05 01:41:13.400767+05:30,122,2.86,SPEED_BELOW_10,2026-05-05 01:41:20.435072+05:30
9648,J2_BAMBALAPITIYA,2026-05-05 01:41:13.350638+05:30,128,7.55,SPEED_BELOW_10,2026-05-05 01:41:20.443338+05:30
9645,J3_TOWN_HALL,2026-05-05 01:41:11.386997+05:30,123,9.74,SPEED_BELOW_10,2026-05-05 01:41:20.439381+05:30
9642,J3_TOWN_HALL,2026-05-05 01:41:08.621757+05:30,112,9.68,SPEED_BELOW_10,2026-05-05 01:41:10.374361+05:30
9638,J4_BORELLA,2026-05-05 01:41:04.289731+05:30,131,6.37,SPEED_BELOW_10,2026-05-05 01:41:10.369512+05:30
9640,J2_BAMBALAPITIYA,2026-05-05 01:41:03.589180+05:30,100,2.58,SPEED_BELOW_10,2026-05-05 01:41:10.371037+05:30
9639,J2_BAMBALAPITIYA,2026-05-05 01:41:02.580696+05:30,119,6.76,SPEED_BELOW_10,2026-05-05 01:41:10.371037+05:30
9637,J1_KOLLUPITIYA,2026-05-05 01:41:02.332758+05:30,92,5.35,SPEED_BELOW_10,2026-05-05 01:41:10.369512+05:30
9641,J3_TOWN_HALL,2026-05-05 01:41:00.569736+05:30,143,7.95,SPEED_BELOW_10,2026-05-05 01:41:10.374361+05:30
9633,J4_BORELLA,2026-05-05 01:40:58.311452+05:30,122,8.59,SPEED_BELOW_10,2026-05-05 01:41:00.311137+05:30
9636,J3_TOWN_HALL,2026-05-05 01:40:56.546866+05:30,123,8.95,SPEED_BELOW_10,2026-05-05 01:41:00.343457+05:30
9632,J4_BORELLA,2026-05-05 01:40:53.529505+05:30,106,2.12,SPEED_BELOW_10,2026-05-05 01:41:00.311137+05:30
9635,J3_TOWN_HALL,2026-05-05 01:40:53.215246+05:30,116,9.13,SPEED_BELOW_10,2026-05-05 01:41:00.343457+05:30
9631,J1_KOLLUPITIYA,2026-05-05 01:40:50.484704+05:30,115,3.86,SPEED_BELOW_10,2026-05-05 01:41:00.311137+05:30
9634,J3_TOWN_HALL,2026-05-05 01:40:50.267209+05:30,127,4.86,SPEED_BELOW_10,2026-05-05 01:41:00.343457+05:30
9629,J1_KOLLUPITIYA,2026-05-05 01:40:46.460004+05:30,106,8.73,SPEED_BELOW_10,2026-05-05 01:40:50.240230+05:30
9626,J3_TOWN_HALL,2026-05-05 01:40:42.437641+05:30,149,4.59,SPEED_BELOW_10,2026-05-05 01:40:50.239233+05:30
9630,J2_BAMBALAPITIYA,2026-05-05 01:40:42.147728+05:30,136,2.02,SPEED_BELOW_10,2026-05-05 01:40:50.241690+05:30
9628,J4_BORELLA,2026-05-05 01:40:41.430270+05:30,139,3.31,SPEED_BELOW_10,2026-05-05 01:40:50.240230+05:30
9627,J4_BORELLA,2026-05-05 01:40:41.216286+05:30,92,5.22,SPEED_BELOW_10,2026-05-05 01:40:50.240230+05:30
9625,J4_BORELLA,2026-05-05 01:40:38.197188+05:30,127,5.10,SPEED_BELOW_10,2026-05-05 01:40:40.197308+05:30
9623,J3_TOWN_HALL,2026-05-05 01:40:38.125238+05:30,113,4.15,SPEED_BELOW_10,2026-05-05 01:40:40.177315+05:30
9622,J3_TOWN_HALL,2026-05-05 01:40:36.399061+05:30,106,3.30,SPEED_BELOW_10,2026-05-05 01:40:40.177315+05:30
9624,J1_KOLLUPITIYA,2026-05-05 01:40:36.180219+05:30,125,3.48,SPEED_BELOW_10,2026-05-05 01:40:40.197308+05:30
9621,J3_TOWN_HALL,2026-05-05 01:40:33.165906+05:30,96,3.87,SPEED_BELOW_10,2026-05-05 01:40:40.177315+05:30
9620,J2_BAMBALAPITIYA,2026-05-05 01:40:20.091308+05:30,97,3.77,SPEED_BELOW_10,2026-05-05 01:40:30.366883+05:30
9615,J3_TOWN_HALL,2026-05-05 01:40:18.999188+05:30,118,3.29,SPEED_BELOW_10,2026-05-05 01:40:20.354599+05:30
9613,J2_BAMBALAPITIYA,2026-05-05 01:40:13.255992+05:30,118,3.19,SPEED_BELOW_10,2026-05-05 01:40:20.350953+05:30
9619,J1_KOLLUPITIYA,2026-05-05 01:40:13.254247+05:30,132,6.44,SPEED_BELOW_10,2026-05-05 01:40:20.355712+05:30
9618,J4_BORELLA,2026-05-05 01:40:12.235027+05:30,112,7.73,SPEED_BELOW_10,2026-05-05 01:40:20.355712+05:30
9617,J4_BORELLA,2026-05-05 01:40:12.048741+05:30,92,2.90,SPEED_BELOW_10,2026-05-05 01:40:20.355712+05:30
9614,J3_TOWN_HALL,2026-05-05 01:40:12.046545+05:30,99,4.23,SPEED_BELOW_10,2026-05-05 01:40:20.354599+05:30
9616,J1_KOLLUPITIYA,2026-05-05 01:40:12.040471+05:30,117,8.86,SPEED_BELOW_10,2026-05-05 01:40:20.355712+05:30
9612,J3_TOWN_HALL,2026-05-05 01:40:08.947861+05:30,136,6.42,SPEED_BELOW_10,2026-05-05 01:40:10.256353+05:30
9611,J3_TOWN_HALL,2026-05-05 01:40:07.191131+05:30,130,5.74,SPEED_BELOW_10,2026-05-05 01:40:10.256353+05:30
9610,J3_TOWN_HALL,2026-05-05 01:40:05.997343+05:30,146,3.31,SPEED_BELOW_10,2026-05-05 01:40:10.256353+05:30
9608,J2_BAMBALAPITIYA,2026-05-05 01:40:04.922386+05:30,103,5.74,SPEED_BELOW_10,2026-05-05 01:40:10.254668+05:30
9607,J4_BORELLA,2026-05-05 01:40:03.169860+05:30,109,4.90,SPEED_BELOW_10,2026-05-05 01:40:10.252402+05:30
9609,J3_TOWN_HALL,2026-05-05 01:40:02.979987+05:30,118,4.38,SPEED_BELOW_10,2026-05-05 01:40:10.256353+05:30
9606,J3_TOWN_HALL,2026-05-05 01:39:53.926105+05:30,108,2.26,SPEED_BELOW_10,2026-05-05 01:40:00.806291+05:30
9605,J1_KOLLUPITIYA,2026-05-05 01:39:53.855940+05:30,114,4.03,SPEED_BELOW_10,2026-05-05 01:40:00.798473+05:30
9604,J1_KOLLUPITIYA,2026-05-05 01:39:52.848642+05:30,116,7.64,SPEED_BELOW_10,2026-05-05 01:40:00.798473+05:30
9603,J4_BORELLA,2026-05-05 01:39:50.838317+05:30,99,2.84,SPEED_BELOW_10,2026-05-05 01:40:00.798473+05:30
9598,J3_TOWN_HALL,2026-05-05 01:39:49.829507+05:30,107,9.69,SPEED_BELOW_10,2026-05-05 01:39:50.685870+05:30
9602,J2_BAMBALAPITIYA,2026-05-05 01:39:48.896628+05:30,107,4.26,SPEED_BELOW_10,2026-05-05 01:39:50.687787+05:30
9600,J1_KOLLUPITIYA,2026-05-05 01:39:43.786564+05:30,117,7.87,SPEED_BELOW_10,2026-05-05 01:39:50.686054+05:30
9601,J2_BAMBALAPITIYA,2026-05-05 01:39:43.049325+05:30,99,5.93,SPEED_BELOW_10,2026-05-05 01:39:50.687787+05:30
9599,J4_BORELLA,2026-05-05 01:39:42.865579+05:30,109,2.62,SPEED_BELOW_10,2026-05-05 01:39:50.686054+05:30
9596,J3_TOWN_HALL,2026-05-05 01:39:39.843258+05:30,138,6.05,SPEED_BELOW_10,2026-05-05 01:39:40.701766+05:30
9595,J3_TOWN_HALL,2026-05-05 01:39:35.743153+05:30,118,3.04,SPEED_BELOW_10,2026-05-05 01:39:40.701766+05:30
9594,J3_TOWN_HALL,2026-05-05 01:39:34.813268+05:30,102,6.73,SPEED_BELOW_10,2026-05-05 01:39:40.701766+05:30
9597,J1_KOLLUPITIYA,2026-05-05 01:39:32.721669+05:30,112,4.39,SPEED_BELOW_10,2026-05-05 01:39:40.704895+05:30
9593,J3_TOWN_HALL,2026-05-05 01:39:30.968737+05:30,105,6.84,SPEED_BELOW_10,2026-05-05 01:39:40.701766+05:30
9592,J4_BORELLA,2026-05-05 01:39:27.954517+05:30,127,4.50,SPEED_BELOW_10,2026-05-05 01:39:30.671353+05:30
9591,J1_KOLLUPITIYA,2026-05-05 01:39:27.775194+05:30,117,9.23,SPEED_BELOW_10,2026-05-05 01:39:30.671353+05:30
9590,J3_TOWN_HALL,2026-05-05 01:39:23.751161+05:30,145,8.79,SPEED_BELOW_10,2026-05-05 01:39:30.671282+05:30
9588,J4_BORELLA,2026-05-05 01:39:14.622318+05:30,149,9.63,SPEED_BELOW_10,2026-05-05 01:39:20.681875+05:30
9587,J3_TOWN_HALL,2026-05-05 01:39:12.682542+05:30,138,7.23,SPEED_BELOW_10,2026-05-05 01:39:20.681433+05:30
9589,J2_BAMBALAPITIYA,2026-05-05 01:39:11.674406+05:30,123,9.14,SPEED_BELOW_10,2026-05-05 01:39:20.681112+05:30
9586,J2_BAMBALAPITIYA,2026-05-05 01:39:10.666314+05:30,136,7.67,SPEED_BELOW_10,2026-05-05 01:39:20.681112+05:30
9581,J2_BAMBALAPITIYA,2026-05-05 01:39:09.581505+05:30,125,7.51,SPEED_BELOW_10,2026-05-05 01:39:10.637675+05:30
9580,J2_BAMBALAPITIYA,2026-05-05 01:39:08.574427+05:30,127,8.14,SPEED_BELOW_10,2026-05-05 01:39:10.637675+05:30
9585,J4_BORELLA,2026-05-05 01:39:07.777925+05:30,137,3.82,SPEED_BELOW_10,2026-05-05 01:39:10.645185+05:30
9582,J3_TOWN_HALL,2026-05-05 01:39:07.769067+05:30,148,8.91,SPEED_BELOW_10,2026-05-05 01:39:10.643242+05:30
9579,J2_BAMBALAPITIYA,2026-05-05 01:39:07.568135+05:30,115,2.20,SPEED_BELOW_10,2026-05-05 01:39:10.637675+05:30
9584,J4_BORELLA,2026-05-05 01:39:06.563757+05:30,135,8.79,SPEED_BELOW_10,2026-05-05 01:39:10.645185+05:30
9583,J4_BORELLA,2026-05-05 01:39:02.623389+05:30,131,8.63,SPEED_BELOW_10,2026-05-05 01:39:10.645185+05:30
9578,J2_BAMBALAPITIYA,2026-05-05 01:39:00.607504+05:30,106,4.26,SPEED_BELOW_10,2026-05-05 01:39:10.637675+05:30
9577,J2_BAMBALAPITIYA,2026-05-05 01:38:59.714527+05:30,134,3.82,SPEED_BELOW_10,2026-05-05 01:39:00.568142+05:30
9576,J2_BAMBALAPITIYA,2026-05-05 01:38:58.707605+05:30,141,4.49,SPEED_BELOW_10,2026-05-05 01:39:00.568142+05:30
9573,J4_BORELLA,2026-05-05 01:38:58.599729+05:30,148,8.85,SPEED_BELOW_10,2026-05-05 01:39:00.527882+05:30
9572,J4_BORELLA,2026-05-05 01:38:57.594351+05:30,123,8.11,SPEED_BELOW_10,2026-05-05 01:39:00.527882+05:30
9571,J1_KOLLUPITIYA,2026-05-05 01:38:57.504355+05:30,142,9.82,SPEED_BELOW_10,2026-05-05 01:39:00.527882+05:30
9575,J2_BAMBALAPITIYA,2026-05-05 01:38:53.681226+05:30,145,3.76,SPEED_BELOW_10,2026-05-05 01:39:00.568142+05:30
9570,J1_KOLLUPITIYA,2026-05-05 01:38:51.666721+05:30,101,9.79,SPEED_BELOW_10,2026-05-05 01:39:00.527882+05:30
9574,J2_BAMBALAPITIYA,2026-05-05 01:38:51.554077+05:30,123,5.15,SPEED_BELOW_10,2026-05-05 01:39:00.568142+05:30
9569,J1_KOLLUPITIYA,2026-05-05 01:38:50.460343+05:30,104,2.74,SPEED_BELOW_10,2026-05-05 01:39:00.527882+05:30
9566,J2_BAMBALAPITIYA,2026-05-05 01:38:49.537577+05:30,145,9.73,SPEED_BELOW_10,2026-05-05 01:38:50.511421+05:30
9565,J4_BORELLA,2026-05-05 01:38:48.653332+05:30,147,9.77,SPEED_BELOW_10,2026-05-05 01:38:50.509138+05:30
9564,J4_BORELLA,2026-05-05 01:38:46.523429+05:30,95,8.46,SPEED_BELOW_10,2026-05-05 01:38:50.509138+05:30
9568,J3_TOWN_HALL,2026-05-05 01:38:41.498142+05:30,120,9.63,SPEED_BELOW_10,2026-05-05 01:38:50.512803+05:30
9567,J3_TOWN_HALL,2026-05-05 01:38:40.605960+05:30,112,8.36,SPEED_BELOW_10,2026-05-05 01:38:50.512803+05:30
9560,J4_BORELLA,2026-05-05 01:38:39.599413+05:30,96,2.10,SPEED_BELOW_10,2026-05-05 01:38:40.469328+05:30
9563,J2_BAMBALAPITIYA,2026-05-05 01:38:39.483305+05:30,102,5.01,SPEED_BELOW_10,2026-05-05 01:38:40.472276+05:30
9559,J1_KOLLUPITIYA,2026-05-05 01:38:39.481571+05:30,92,9.02,SPEED_BELOW_10,2026-05-05 01:38:40.469328+05:30
9562,J2_BAMBALAPITIYA,2026-05-05 01:38:35.380713+05:30,127,6.93,SPEED_BELOW_10,2026-05-05 01:38:40.472276+05:30
9561,J2_BAMBALAPITIYA,2026-05-05 01:38:31.537903+05:30,103,3.32,SPEED_BELOW_10,2026-05-05 01:38:40.472276+05:30
9558,J4_BORELLA,2026-05-05 01:38:31.360802+05:30,110,8.42,SPEED_BELOW_10,2026-05-05 01:38:40.469328+05:30
9557,J3_TOWN_HALL,2026-05-05 01:38:30.532300+05:30,112,2.50,SPEED_BELOW_10,2026-05-05 01:38:40.462514+05:30
9554,J3_TOWN_HALL,2026-05-05 01:38:29.524657+05:30,132,6.62,SPEED_BELOW_10,2026-05-05 01:38:30.394431+05:30
9553,J3_TOWN_HALL,2026-05-05 01:38:28.519413+05:30,107,4.44,SPEED_BELOW_10,2026-05-05 01:38:30.394431+05:30
9556,J4_BORELLA,2026-05-05 01:38:28.424543+05:30,90,2.63,SPEED_BELOW_10,2026-05-05 01:38:30.397851+05:30
9555,J1_KOLLUPITIYA,2026-05-05 01:38:27.415898+05:30,149,5.61,SPEED_BELOW_10,2026-05-05 01:38:30.397851+05:30
9552,J4_BORELLA,2026-05-05 01:38:19.465152+05:30,94,9.67,SPEED_BELOW_10,2026-05-05 01:38:20.341342+05:30
9550,J2_BAMBALAPITIYA,2026-05-05 01:38:18.455378+05:30,141,6.45,SPEED_BELOW_10,2026-05-05 01:38:20.339824+05:30
9549,J2_BAMBALAPITIYA,2026-05-05 01:38:17.450318+05:30,120,2.52,SPEED_BELOW_10,2026-05-05 01:38:20.339824+05:30
9551,J4_BORELLA,2026-05-05 01:38:17.358362+05:30,145,6.94,SPEED_BELOW_10,2026-05-05 01:38:20.341342+05:30
9548,J2_BAMBALAPITIYA,2026-05-05 01:38:15.341354+05:30,137,3.80,SPEED_BELOW_10,2026-05-05 01:38:20.339824+05:30
9546,J4_BORELLA,2026-05-05 01:38:09.398193+05:30,101,3.64,SPEED_BELOW_10,2026-05-05 01:38:10.287068+05:30
9545,J1_KOLLUPITIYA,2026-05-05 01:38:08.305887+05:30,106,3.69,SPEED_BELOW_10,2026-05-05 01:38:10.287068+05:30
9541,J3_TOWN_HALL,2026-05-05 01:38:07.301466+05:30,120,8.06,SPEED_BELOW_10,2026-05-05 01:38:10.286484+05:30
9544,J1_KOLLUPITIYA,2026-05-05 01:38:06.295213+05:30,148,2.26,SPEED_BELOW_10,2026-05-05 01:38:10.287068+05:30
9547,J2_BAMBALAPITIYA,2026-05-05 01:38:04.361656+05:30,107,9.84,SPEED_BELOW_10,2026-05-05 01:38:10.289748+05:30
9540,J3_TOWN_HALL,2026-05-05 01:38:04.286891+05:30,135,5.35,SPEED_BELOW_10,2026-05-05 01:38:10.286484+05:30
9543,J1_KOLLUPITIYA,2026-05-05 01:38:02.270937+05:30,122,5.21,SPEED_BELOW_10,2026-05-05 01:38:10.287068+05:30
9542,J4_BORELLA,2026-05-05 01:38:01.348912+05:30,110,9.59,SPEED_BELOW_10,2026-05-05 01:38:10.287068+05:30
9539,J3_TOWN_HALL,2026-05-05 01:37:58.166982+05:30,104,8.56,SPEED_BELOW_10,2026-05-05 01:38:00.213645+05:30
9538,J3_TOWN_HALL,2026-05-05 01:37:57.158164+05:30,132,9.54,SPEED_BELOW_10,2026-05-05 01:38:00.213645+05:30
9537,J4_BORELLA,2026-05-05 01:37:51.272911+05:30,118,7.23,SPEED_BELOW_10,2026-05-05 01:38:00.213906+05:30
9536,J3_TOWN_HALL,2026-05-05 01:37:49.255766+05:30,114,7.91,SPEED_BELOW_10,2026-05-05 01:37:50.314580+05:30
9534,J4_BORELLA,2026-05-05 01:37:48.169883+05:30,114,6.36,SPEED_BELOW_10,2026-05-05 01:37:50.272879+05:30
9535,J3_TOWN_HALL,2026-05-05 01:37:47.246431+05:30,134,7.19,SPEED_BELOW_10,2026-05-05 01:37:50.314580+05:30
9533,J4_BORELLA,2026-05-05 01:37:41.072993+05:30,95,5.62,SPEED_BELOW_10,2026-05-05 01:37:50.272879+05:30
9532,J1_KOLLUPITIYA,2026-05-05 01:37:40.214560+05:30,148,4.61,SPEED_BELOW_10,2026-05-05 01:37:50.272879+05:30
9531,J2_BAMBALAPITIYA,2026-05-05 01:37:39.114573+05:30,93,3.17,SPEED_BELOW_10,2026-05-05 01:37:40.267119+05:30
9530,J2_BAMBALAPITIYA,2026-05-05 01:37:38.199507+05:30,113,5.03,SPEED_BELOW_10,2026-05-05 01:37:40.267119+05:30
9529,J1_KOLLUPITIYA,2026-05-05 01:37:38.054384+05:30,148,2.87,SPEED_BELOW_10,2026-05-05 01:37:40.220198+05:30
9528,J4_BORELLA,2026-05-05 01:37:34.182387+05:30,95,6.65,SPEED_BELOW_10,2026-05-05 01:37:40.220198+05:30
9527,J1_KOLLUPITIYA,2026-05-05 01:37:31.163333+05:30,128,3.04,SPEED_BELOW_10,2026-05-05 01:37:40.220198+05:30
9526,J1_KOLLUPITIYA,2026-05-05 01:37:30.152538+05:30,117,7.48,SPEED_BELOW_10,2026-05-05 01:37:40.220198+05:30
9522,J2_BAMBALAPITIYA,2026-05-05 01:37:28.145249+05:30,97,4.90,SPEED_BELOW_10,2026-05-05 01:37:30.208703+05:30
9525,J4_BORELLA,2026-05-05 01:37:27.039279+05:30,94,6.47,SPEED_BELOW_10,2026-05-05 01:37:30.699882+05:30
9524,J1_KOLLUPITIYA,2026-05-05 01:37:26.983462+05:30,115,5.16,SPEED_BELOW_10,2026-05-05 01:37:30.699882+05:30
9523,J4_BORELLA,2026-05-05 01:37:19.999312+05:30,110,4.24,SPEED_BELOW_10,2026-05-05 01:37:30.699882+05:30
9515,J2_BAMBALAPITIYA,2026-05-05 01:37:19.996279+05:30,96,4.76,SPEED_BELOW_10,2026-05-05 01:37:20.690669+05:30
9521,J1_KOLLUPITIYA,2026-05-05 01:37:18.094001+05:30,90,7.92,SPEED_BELOW_10,2026-05-05 01:37:20.693839+05:30
9520,J1_KOLLUPITIYA,2026-05-05 01:37:17.984983+05:30,121,6.12,SPEED_BELOW_10,2026-05-05 01:37:20.693839+05:30
9519,J1_KOLLUPITIYA,2026-05-05 01:37:17.933739+05:30,122,4.60,SPEED_BELOW_10,2026-05-05 01:37:20.693839+05:30
9514,J2_BAMBALAPITIYA,2026-05-05 01:37:16.980046+05:30,97,5.17,SPEED_BELOW_10,2026-05-05 01:37:20.690669+05:30
9518,J1_KOLLUPITIYA,2026-05-05 01:37:16.083556+05:30,140,9.80,SPEED_BELOW_10,2026-05-05 01:37:20.693839+05:30
9517,J1_KOLLUPITIYA,2026-05-05 01:37:14.063312+05:30,137,3.06,SPEED_BELOW_10,2026-05-05 01:37:20.693839+05:30
9516,J4_BORELLA,2026-05-05 01:37:12.909743+05:30,133,9.78,SPEED_BELOW_10,2026-05-05 01:37:20.693839+05:30
9512,J3_TOWN_HALL,2026-05-05 01:37:05.869805+05:30,148,5.81,SPEED_BELOW_10,2026-05-05 01:37:10.680952+05:30
9513,J4_BORELLA,2026-05-05 01:37:01.828109+05:30,117,7.58,SPEED_BELOW_10,2026-05-05 01:37:10.681451+05:30
9507,J2_BAMBALAPITIYA,2026-05-05 01:36:57.869368+05:30,129,2.82,SPEED_BELOW_10,2026-05-05 01:37:00.686399+05:30
9511,J1_KOLLUPITIYA,2026-05-05 01:36:54.952651+05:30,109,4.07,SPEED_BELOW_10,2026-05-05 01:37:00.687918+05:30
9506,J2_BAMBALAPITIYA,2026-05-05 01:36:54.786632+05:30,133,4.79,SPEED_BELOW_10,2026-05-05 01:37:00.686399+05:30
9510,J4_BORELLA,2026-05-05 01:36:53.941683+05:30,124,4.06,SPEED_BELOW_10,2026-05-05 01:37:00.687918+05:30
9509,J1_KOLLUPITIYA,2026-05-05 01:36:53.779124+05:30,118,7.07,SPEED_BELOW_10,2026-05-05 01:37:00.687918+05:30
9508,J4_BORELLA,2026-05-05 01:36:52.849278+05:30,121,8.99,SPEED_BELOW_10,2026-05-05 01:37:00.687918+05:30
9505,J3_TOWN_HALL,2026-05-05 01:36:49.897360+05:30,123,2.90,SPEED_BELOW_10,2026-05-05 01:36:50.823315+05:30
9499,J2_BAMBALAPITIYA,2026-05-05 01:36:48.716009+05:30,147,6.99,SPEED_BELOW_10,2026-05-05 01:36:50.810748+05:30
9496,J1_KOLLUPITIYA,2026-05-05 01:36:46.805923+05:30,121,7.40,SPEED_BELOW_10,2026-05-05 01:36:50.806513+05:30
9504,J3_TOWN_HALL,2026-05-05 01:36:44.873267+05:30,99,2.39,SPEED_BELOW_10,2026-05-05 01:36:50.823315+05:30
9495,J1_KOLLUPITIYA,2026-05-05 01:36:44.795589+05:30,97,7.66,SPEED_BELOW_10,2026-05-05 01:36:50.806513+05:30
9503,J3_TOWN_HALL,2026-05-05 01:36:43.862124+05:30,90,7.62,SPEED_BELOW_10,2026-05-05 01:36:50.823315+05:30
9498,J2_BAMBALAPITIYA,2026-05-05 01:36:42.846306+05:30,142,5.88,SPEED_BELOW_10,2026-05-05 01:36:50.810748+05:30
9502,J3_TOWN_HALL,2026-05-05 01:36:41.833706+05:30,117,8.32,SPEED_BELOW_10,2026-05-05 01:36:50.823315+05:30
9501,J3_TOWN_HALL,2026-05-05 01:36:41.775808+05:30,90,5.01,SPEED_BELOW_10,2026-05-05 01:36:50.823315+05:30
9497,J2_BAMBALAPITIYA,2026-05-05 01:36:41.772143+05:30,103,6.79,SPEED_BELOW_10,2026-05-05 01:36:50.810748+05:30
9500,J3_TOWN_HALL,2026-05-05 01:36:40.669111+05:30,127,5.20,SPEED_BELOW_10,2026-05-05 01:36:50.823315+05:30
9492,J3_TOWN_HALL,2026-05-05 01:36:38.653678+05:30,134,7.11,SPEED_BELOW_10,2026-05-05 01:36:40.685650+05:30
9490,J3_TOWN_HALL,2026-05-05 01:36:36.644553+05:30,107,2.93,SPEED_BELOW_10,2026-05-05 01:36:40.685650+05:30
9488,J3_TOWN_HALL,2026-05-05 01:36:35.789545+05:30,115,4.66,SPEED_BELOW_10,2026-05-05 01:36:40.685650+05:30
9486,J3_TOWN_HALL,2026-05-05 01:36:35.637453+05:30,94,6.31,SPEED_BELOW_10,2026-05-05 01:36:40.685650+05:30
9494,J4_BORELLA,2026-05-05 01:36:34.633305+05:30,126,8.11,SPEED_BELOW_10,2026-05-05 01:36:40.686460+05:30
9493,J1_KOLLUPITIYA,2026-05-05 01:36:33.777643+05:30,103,8.18,SPEED_BELOW_10,2026-05-05 01:36:40.686460+05:30
9491,J1_KOLLUPITIYA,2026-05-05 01:36:31.766264+05:30,117,6.62,SPEED_BELOW_10,2026-05-05 01:36:40.686460+05:30
9489,J1_KOLLUPITIYA,2026-05-05 01:36:31.686279+05:30,127,4.90,SPEED_BELOW_10,2026-05-05 01:36:40.686460+05:30
9487,J4_BORELLA,2026-05-05 01:36:30.762065+05:30,112,4.80,SPEED_BELOW_10,2026-05-05 01:36:40.686460+05:30
9484,J1_KOLLUPITIYA,2026-05-05 01:36:29.602360+05:30,150,2.23,SPEED_BELOW_10,2026-05-05 01:36:30.664126+05:30
9485,J2_BAMBALAPITIYA,2026-05-05 01:36:23.572570+05:30,136,7.99,SPEED_BELOW_10,2026-05-05 01:36:30.687444+05:30
9483,J4_BORELLA,2026-05-05 01:36:22.720516+05:30,120,9.61,SPEED_BELOW_10,2026-05-05 01:36:30.664126+05:30
9482,J4_BORELLA,2026-05-05 01:36:22.634416+05:30,127,6.84,SPEED_BELOW_10,2026-05-05 01:36:30.664126+05:30
9481,J3_TOWN_HALL,2026-05-05 01:36:20.621853+05:30,140,4.61,SPEED_BELOW_10,2026-05-05 01:36:30.664126+05:30
9480,J1_KOLLUPITIYA,2026-05-05 01:36:19.614271+05:30,93,4.63,SPEED_BELOW_10,2026-05-05 01:36:20.597505+05:30
9479,J4_BORELLA,2026-05-05 01:36:19.547148+05:30,140,7.50,SPEED_BELOW_10,2026-05-05 01:36:20.597505+05:30
9477,J4_BORELLA,2026-05-05 01:36:18.540469+05:30,144,4.87,SPEED_BELOW_10,2026-05-05 01:36:20.597505+05:30
9476,J1_KOLLUPITIYA,2026-05-05 01:36:16.597631+05:30,106,2.60,SPEED_BELOW_10,2026-05-05 01:36:20.597505+05:30
9478,J3_TOWN_HALL,2026-05-05 01:36:12.653727+05:30,111,8.64,SPEED_BELOW_10,2026-05-05 01:36:20.598001+05:30
9475,J2_BAMBALAPITIYA,2026-05-05 01:36:10.475273+05:30,112,2.86,SPEED_BELOW_10,2026-05-05 01:36:20.560265+05:30
9472,J3_TOWN_HALL,2026-05-05 01:36:08.550606+05:30,132,5.51,SPEED_BELOW_10,2026-05-05 01:36:10.527314+05:30
9470,J1_KOLLUPITIYA,2026-05-05 01:36:07.543699+05:30,123,3.87,SPEED_BELOW_10,2026-05-05 01:36:10.525492+05:30
9471,J3_TOWN_HALL,2026-05-05 01:36:07.457361+05:30,132,7.70,SPEED_BELOW_10,2026-05-05 01:36:10.527314+05:30
9469,J1_KOLLUPITIYA,2026-05-05 01:36:07.454349+05:30,119,2.92,SPEED_BELOW_10,2026-05-05 01:36:10.525492+05:30
9474,J2_BAMBALAPITIYA,2026-05-05 01:36:03.588786+05:30,107,6.09,SPEED_BELOW_10,2026-05-05 01:36:10.528738+05:30
9473,J2_BAMBALAPITIYA,2026-05-05 01:36:03.517578+05:30,91,8.74,SPEED_BELOW_10,2026-05-05 01:36:10.528738+05:30
9466,J3_TOWN_HALL,2026-05-05 01:35:59.489930+05:30,144,4.03,SPEED_BELOW_10,2026-05-05 01:36:00.480625+05:30
9465,J3_TOWN_HALL,2026-05-05 01:35:55.472077+05:30,124,3.71,SPEED_BELOW_10,2026-05-05 01:36:00.480625+05:30
9463,J4_BORELLA,2026-05-05 01:35:54.540837+05:30,116,7.02,SPEED_BELOW_10,2026-05-05 01:36:00.476462+05:30
9464,J3_TOWN_HALL,2026-05-05 01:35:54.467978+05:30,135,9.21,SPEED_BELOW_10,2026-05-05 01:36:00.480625+05:30
9468,J2_BAMBALAPITIYA,2026-05-05 01:35:52.523337+05:30,97,8.44,SPEED_BELOW_10,2026-05-05 01:36:00.486895+05:30
9467,J2_BAMBALAPITIYA,2026-05-05 01:35:52.358500+05:30,94,9.69,SPEED_BELOW_10,2026-05-05 01:36:00.486895+05:30
9462,J3_TOWN_HALL,2026-05-05 01:35:49.506427+05:30,142,3.14,SPEED_BELOW_10,2026-05-05 01:35:50.388556+05:30
9461,J2_BAMBALAPITIYA,2026-05-05 01:35:48.499267+05:30,130,7.88,SPEED_BELOW_10,2026-05-05 01:35:50.386446+05:30
9458,J1_KOLLUPITIYA,2026-05-05 01:35:43.291646+05:30,101,3.19,SPEED_BELOW_10,2026-05-05 01:35:50.343712+05:30
9457,J4_BORELLA,2026-05-05 01:35:41.386472+05:30,118,7.89,SPEED_BELOW_10,2026-05-05 01:35:50.343712+05:30
9460,J2_BAMBALAPITIYA,2026-05-05 01:35:41.383807+05:30,122,3.21,SPEED_BELOW_10,2026-05-05 01:35:50.386446+05:30
9459,J2_BAMBALAPITIYA,2026-05-05 01:35:40.375359+05:30,125,9.65,SPEED_BELOW_10,2026-05-05 01:35:50.386446+05:30
9456,J1_KOLLUPITIYA,2026-05-05 01:35:40.271042+05:30,113,9.78,SPEED_BELOW_10,2026-05-05 01:35:50.343712+05:30
9455,J2_BAMBALAPITIYA,2026-05-05 01:35:35.244200+05:30,141,8.95,SPEED_BELOW_10,2026-05-05 01:35:40.337466+05:30
9452,J4_BORELLA,2026-05-05 01:35:27.366161+05:30,139,2.10,SPEED_BELOW_10,2026-05-05 01:35:30.259066+05:30
9454,J2_BAMBALAPITIYA,2026-05-05 01:35:26.191498+05:30,90,3.29,SPEED_BELOW_10,2026-05-05 01:35:30.261263+05:30
9451,J4_BORELLA,2026-05-05 01:35:24.182872+05:30,99,9.01,SPEED_BELOW_10,2026-05-05 01:35:30.259066+05:30
9450,J4_BORELLA,2026-05-05 01:35:23.176360+05:30,96,5.88,SPEED_BELOW_10,2026-05-05 01:35:30.259066+05:30
9453,J3_TOWN_HALL,2026-05-05 01:35:21.331166+05:30,122,2.48,SPEED_BELOW_10,2026-05-05 01:35:30.261052+05:30
9449,J4_BORELLA,2026-05-05 01:35:20.273390+05:30,143,7.22,SPEED_BELOW_10,2026-05-05 01:35:30.259066+05:30
9448,J2_BAMBALAPITIYA,2026-05-05 01:35:19.264565+05:30,143,9.37,SPEED_BELOW_10,2026-05-05 01:35:20.206358+05:30
9446,J2_BAMBALAPITIYA,2026-05-05 01:35:15.244065+05:30,141,8.49,SPEED_BELOW_10,2026-05-05 01:35:20.206358+05:30
9444,J2_BAMBALAPITIYA,2026-05-05 01:35:13.114130+05:30,148,3.06,SPEED_BELOW_10,2026-05-05 01:35:20.206358+05:30
9445,J1_KOLLUPITIYA,2026-05-05 01:35:12.227774+05:30,143,9.66,SPEED_BELOW_10,2026-05-05 01:35:20.206589+05:30
9447,J3_TOWN_HALL,2026-05-05 01:35:11.245390+05:30,123,3.82,SPEED_BELOW_10,2026-05-05 01:35:20.207110+05:30
9442,J2_BAMBALAPITIYA,2026-05-05 01:35:10.236791+05:30,104,2.61,SPEED_BELOW_10,2026-05-05 01:35:20.206358+05:30
9443,J4_BORELLA,2026-05-05 01:35:10.216000+05:30,105,8.28,SPEED_BELOW_10,2026-05-05 01:35:20.206589+05:30
9440,J4_BORELLA,2026-05-05 01:35:07.181222+05:30,133,8.55,SPEED_BELOW_10,2026-05-05 01:35:10.241388+05:30
9439,J4_BORELLA,2026-05-05 01:35:07.079432+05:30,101,5.91,SPEED_BELOW_10,2026-05-05 01:35:10.241388+05:30
9438,J4_BORELLA,2026-05-05 01:35:05.168648+05:30,100,8.19,SPEED_BELOW_10,2026-05-05 01:35:10.241388+05:30
9437,J4_BORELLA,2026-05-05 01:35:05.068258+05:30,123,8.08,SPEED_BELOW_10,2026-05-05 01:35:10.241388+05:30
9436,J1_KOLLUPITIYA,2026-05-05 01:35:04.058901+05:30,119,4.47,SPEED_BELOW_10,2026-05-05 01:35:10.241388+05:30
9435,J4_BORELLA,2026-05-05 01:35:02.039014+05:30,90,8.67,SPEED_BELOW_10,2026-05-05 01:35:10.241388+05:30
9441,J3_TOWN_HALL,2026-05-05 01:35:01.145243+05:30,118,9.60,SPEED_BELOW_10,2026-05-05 01:35:10.275160+05:30
9434,J1_KOLLUPITIYA,2026-05-05 01:35:00.171011+05:30,146,7.77,SPEED_BELOW_10,2026-05-05 01:35:10.241388+05:30
9433,J4_BORELLA,2026-05-05 01:35:00.139811+05:30,118,6.18,SPEED_BELOW_10,2026-05-05 01:35:10.241388+05:30
9432,J1_KOLLUPITIYA,2026-05-05 01:34:59.164802+05:30,131,4.11,SPEED_BELOW_10,2026-05-05 01:35:00.223151+05:30
9431,J1_KOLLUPITIYA,2026-05-05 01:34:56.113521+05:30,110,2.75,SPEED_BELOW_10,2026-05-05 01:35:00.223151+05:30
9429,J1_KOLLUPITIYA,2026-05-05 01:34:48.960135+05:30,148,5.75,SPEED_BELOW_10,2026-05-05 01:34:50.678143+05:30
9426,J3_TOWN_HALL,2026-05-05 01:34:44.089534+05:30,90,7.02,SPEED_BELOW_10,2026-05-05 01:34:50.674570+05:30
9428,J1_KOLLUPITIYA,2026-05-05 01:34:44.085949+05:30,142,5.01,SPEED_BELOW_10,2026-05-05 01:34:50.678143+05:30
9427,J4_BORELLA,2026-05-05 01:34:42.076483+05:30,105,4.61,SPEED_BELOW_10,2026-05-05 01:34:50.678143+05:30
9430,J2_BAMBALAPITIYA,2026-05-05 01:34:40.011018+05:30,121,4.53,SPEED_BELOW_10,2026-05-05 01:34:50.685949+05:30
9419,J3_TOWN_HALL,2026-05-05 01:34:38.034517+05:30,107,2.11,SPEED_BELOW_10,2026-05-05 01:34:40.699113+05:30
9425,J1_KOLLUPITIYA,2026-05-05 01:34:38.032204+05:30,121,8.73,SPEED_BELOW_10,2026-05-05 01:34:40.710140+05:30
9424,J4_BORELLA,2026-05-05 01:34:36.998377+05:30,109,9.34,SPEED_BELOW_10,2026-05-05 01:34:40.710140+05:30
9423,J1_KOLLUPITIYA,2026-05-05 01:34:36.888585+05:30,107,6.78,SPEED_BELOW_10,2026-05-05 01:34:40.710140+05:30
9422,J1_KOLLUPITIYA,2026-05-05 01:34:35.881697+05:30,134,3.18,SPEED_BELOW_10,2026-05-05 01:34:40.710140+05:30
9421,J1_KOLLUPITIYA,2026-05-05 01:34:35.016597+05:30,128,5.30,SPEED_BELOW_10,2026-05-05 01:34:40.710140+05:30
9420,J4_BORELLA,2026-05-05 01:34:34.878802+05:30,127,5.17,SPEED_BELOW_10,2026-05-05 01:34:40.710140+05:30
9417,J2_BAMBALAPITIYA,2026-05-05 01:34:34.010371+05:30,110,6.45,SPEED_BELOW_10,2026-05-05 01:34:40.699106+05:30
9418,J3_TOWN_HALL,2026-05-05 01:34:30.958163+05:30,145,6.56,SPEED_BELOW_10,2026-05-05 01:34:40.699113+05:30
9416,J2_BAMBALAPITIYA,2026-05-05 01:34:27.974257+05:30,98,9.02,SPEED_BELOW_10,2026-05-05 01:34:30.740883+05:30
9415,J3_TOWN_HALL,2026-05-05 01:34:24.959439+05:30,144,2.10,SPEED_BELOW_10,2026-05-05 01:34:30.736451+05:30
9414,J3_TOWN_HALL,2026-05-05 01:34:24.927868+05:30,99,7.63,SPEED_BELOW_10,2026-05-05 01:34:30.736451+05:30
9413,J3_TOWN_HALL,2026-05-05 01:34:23.817646+05:30,122,5.45,SPEED_BELOW_10,2026-05-05 01:34:30.736451+05:30
9411,J2_BAMBALAPITIYA,2026-05-05 01:34:16.913260+05:30,116,2.31,SPEED_BELOW_10,2026-05-05 01:34:20.694284+05:30
9409,J1_KOLLUPITIYA,2026-05-05 01:34:16.778096+05:30,146,3.39,SPEED_BELOW_10,2026-05-05 01:34:20.674803+05:30
9412,J3_TOWN_HALL,2026-05-05 01:34:13.868439+05:30,94,9.49,SPEED_BELOW_10,2026-05-05 01:34:20.693952+05:30
9408,J4_BORELLA,2026-05-05 01:34:11.886324+05:30,94,9.61,SPEED_BELOW_10,2026-05-05 01:34:20.674803+05:30
9410,J3_TOWN_HALL,2026-05-05 01:34:11.873947+05:30,95,9.15,SPEED_BELOW_10,2026-05-05 01:34:20.693952+05:30
9407,J1_KOLLUPITIYA,2026-05-05 01:34:07.843056+05:30,92,8.11,SPEED_BELOW_10,2026-05-05 01:34:10.742715+05:30
9406,J3_TOWN_HALL,2026-05-05 01:34:04.827284+05:30,128,4.89,SPEED_BELOW_10,2026-05-05 01:34:10.739982+05:30
9404,J2_BAMBALAPITIYA,2026-05-05 01:34:03.800163+05:30,93,7.46,SPEED_BELOW_10,2026-05-05 01:34:10.739304+05:30
9403,J2_BAMBALAPITIYA,2026-05-05 01:34:03.712461+05:30,140,3.20,SPEED_BELOW_10,2026-05-05 01:34:10.739304+05:30
9402,J2_BAMBALAPITIYA,2026-05-05 01:34:01.787202+05:30,90,7.69,SPEED_BELOW_10,2026-05-05 01:34:10.739304+05:30
9405,J3_TOWN_HALL,2026-05-05 01:34:01.695994+05:30,129,7.69,SPEED_BELOW_10,2026-05-05 01:34:10.739982+05:30
9401,J3_TOWN_HALL,2026-05-05 01:33:53.746451+05:30,123,4.33,SPEED_BELOW_10,2026-05-05 01:34:00.728667+05:30
9398,J1_KOLLUPITIYA,2026-05-05 01:33:45.697005+05:30,109,9.19,SPEED_BELOW_10,2026-05-05 01:33:50.657271+05:30
9397,J1_KOLLUPITIYA,2026-05-05 01:33:45.588404+05:30,90,3.41,SPEED_BELOW_10,2026-05-05 01:33:50.657271+05:30
9400,J3_TOWN_HALL,2026-05-05 01:33:43.578632+05:30,92,4.46,SPEED_BELOW_10,2026-05-05 01:33:50.658567+05:30
9399,J3_TOWN_HALL,2026-05-05 01:33:42.699701+05:30,95,8.56,SPEED_BELOW_10,2026-05-05 01:33:50.658567+05:30
9396,J1_KOLLUPITIYA,2026-05-05 01:33:39.652906+05:30,134,9.32,SPEED_BELOW_10,2026-05-05 01:33:40.606139+05:30
9395,J2_BAMBALAPITIYA,2026-05-05 01:33:34.627654+05:30,106,3.92,SPEED_BELOW_10,2026-05-05 01:33:40.601528+05:30
9394,J2_BAMBALAPITIYA,2026-05-05 01:33:31.619617+05:30,149,3.73,SPEED_BELOW_10,2026-05-05 01:33:40.601528+05:30
9388,J3_TOWN_HALL,2026-05-05 01:33:26.478193+05:30,123,3.61,SPEED_BELOW_10,2026-05-05 01:33:30.542826+05:30
9393,J1_KOLLUPITIYA,2026-05-05 01:33:25.584074+05:30,123,6.93,SPEED_BELOW_10,2026-05-05 01:33:30.546509+05:30
9392,J4_BORELLA,2026-05-05 01:33:24.572470+05:30,114,7.45,SPEED_BELOW_10,2026-05-05 01:33:30.546509+05:30
9387,J3_TOWN_HALL,2026-05-05 01:33:23.571806+05:30,105,2.34,SPEED_BELOW_10,2026-05-05 01:33:30.542826+05:30
9390,J2_BAMBALAPITIYA,2026-05-05 01:33:23.458658+05:30,148,9.56,SPEED_BELOW_10,2026-05-05 01:33:30.545082+05:30
9389,J2_BAMBALAPITIYA,2026-05-05 01:33:22.563279+05:30,150,4.97,SPEED_BELOW_10,2026-05-05 01:33:30.545082+05:30
9391,J4_BORELLA,2026-05-05 01:33:20.536305+05:30,126,8.15,SPEED_BELOW_10,2026-05-05 01:33:30.546509+05:30
9386,J4_BORELLA,2026-05-05 01:33:19.425460+05:30,147,3.29,SPEED_BELOW_10,2026-05-05 01:33:20.486725+05:30
9385,J4_BORELLA,2026-05-05 01:33:18.515047+05:30,114,3.53,SPEED_BELOW_10,2026-05-05 01:33:20.486725+05:30
9382,J3_TOWN_HALL,2026-05-05 01:33:18.513707+05:30,123,5.91,SPEED_BELOW_10,2026-05-05 01:33:20.486902+05:30
9384,J1_KOLLUPITIYA,2026-05-05 01:33:17.506727+05:30,115,8.74,SPEED_BELOW_10,2026-05-05 01:33:20.486725+05:30
9383,J4_BORELLA,2026-05-05 01:33:15.496785+05:30,117,8.37,SPEED_BELOW_10,2026-05-05 01:33:20.486725+05:30
9381,J4_BORELLA,2026-05-05 01:33:12.454653+05:30,105,4.62,SPEED_BELOW_10,2026-05-05 01:33:20.486725+05:30
9380,J3_TOWN_HALL,2026-05-05 01:33:12.438434+05:30,103,7.90,SPEED_BELOW_10,2026-05-05 01:33:20.486902+05:30
9379,J4_BORELLA,2026-05-05 01:33:11.381579+05:30,143,3.55,SPEED_BELOW_10,2026-05-05 01:33:20.486725+05:30
9378,J2_BAMBALAPITIYA,2026-05-05 01:33:10.423357+05:30,115,7.37,SPEED_BELOW_10,2026-05-05 01:33:20.484365+05:30
9374,J2_BAMBALAPITIYA,2026-05-05 01:33:08.364185+05:30,108,3.93,SPEED_BELOW_10,2026-05-05 01:33:10.419061+05:30
9377,J1_KOLLUPITIYA,2026-05-05 01:33:07.403389+05:30,95,2.16,SPEED_BELOW_10,2026-05-05 01:33:10.420770+05:30
9376,J1_KOLLUPITIYA,2026-05-05 01:33:07.356481+05:30,118,9.78,SPEED_BELOW_10,2026-05-05 01:33:10.420770+05:30
9375,J1_KOLLUPITIYA,2026-05-05 01:33:04.340635+05:30,149,6.76,SPEED_BELOW_10,2026-05-05 01:33:10.420770+05:30
9373,J2_BAMBALAPITIYA,2026-05-05 01:33:00.351735+05:30,131,2.17,SPEED_BELOW_10,2026-05-05 01:33:10.419061+05:30
9372,J1_KOLLUPITIYA,2026-05-05 01:32:57.330775+05:30,134,9.83,SPEED_BELOW_10,2026-05-05 01:33:00.347443+05:30
9371,J4_BORELLA,2026-05-05 01:32:55.321211+05:30,124,7.01,SPEED_BELOW_10,2026-05-05 01:33:00.347443+05:30
9368,J2_BAMBALAPITIYA,2026-05-05 01:32:47.283719+05:30,99,5.72,SPEED_BELOW_10,2026-05-05 01:32:50.287582+05:30
9370,J3_TOWN_HALL,2026-05-05 01:32:45.206678+05:30,91,9.71,SPEED_BELOW_10,2026-05-05 01:32:50.288393+05:30
9369,J3_TOWN_HALL,2026-05-05 01:32:44.255770+05:30,136,9.47,SPEED_BELOW_10,2026-05-05 01:32:50.288393+05:30
9367,J1_KOLLUPITIYA,2026-05-05 01:32:44.192206+05:30,146,7.23,SPEED_BELOW_10,2026-05-05 01:32:50.285692+05:30
9366,J4_BORELLA,2026-05-05 01:32:38.206371+05:30,110,7.09,SPEED_BELOW_10,2026-05-05 01:32:40.214162+05:30
9365,J1_KOLLUPITIYA,2026-05-05 01:32:38.204433+05:30,137,8.40,SPEED_BELOW_10,2026-05-05 01:32:40.214162+05:30
9364,J4_BORELLA,2026-05-05 01:32:37.152444+05:30,135,4.05,SPEED_BELOW_10,2026-05-05 01:32:40.214162+05:30
9363,J4_BORELLA,2026-05-05 01:32:35.138571+05:30,131,7.60,SPEED_BELOW_10,2026-05-05 01:32:40.214162+05:30
9361,J3_TOWN_HALL,2026-05-05 01:32:34.127463+05:30,91,8.19,SPEED_BELOW_10,2026-05-05 01:32:40.182931+05:30
9362,J2_BAMBALAPITIYA,2026-05-05 01:32:33.117700+05:30,122,5.95,SPEED_BELOW_10,2026-05-05 01:32:40.214268+05:30
9360,J3_TOWN_HALL,2026-05-05 01:32:32.169851+05:30,123,4.86,SPEED_BELOW_10,2026-05-05 01:32:40.182931+05:30
9359,J3_TOWN_HALL,2026-05-05 01:32:30.100490+05:30,93,3.77,SPEED_BELOW_10,2026-05-05 01:32:40.182931+05:30
9358,J3_TOWN_HALL,2026-05-05 01:32:29.143453+05:30,116,3.68,SPEED_BELOW_10,2026-05-05 01:32:30.203682+05:30
9356,J1_KOLLUPITIYA,2026-05-05 01:32:29.129347+05:30,94,9.81,SPEED_BELOW_10,2026-05-05 01:32:30.202440+05:30
9355,J1_KOLLUPITIYA,2026-05-05 01:32:28.139804+05:30,112,9.60,SPEED_BELOW_10,2026-05-05 01:32:30.202440+05:30
9354,J4_BORELLA,2026-05-05 01:32:26.115094+05:30,128,9.05,SPEED_BELOW_10,2026-05-05 01:32:30.202440+05:30
9353,J4_BORELLA,2026-05-05 01:32:24.120674+05:30,110,2.97,SPEED_BELOW_10,2026-05-05 01:32:30.202440+05:30
9357,J3_TOWN_HALL,2026-05-05 01:32:24.118783+05:30,131,4.84,SPEED_BELOW_10,2026-05-05 01:32:30.203682+05:30
9352,J4_BORELLA,2026-05-05 01:32:19.077121+05:30,147,7.27,SPEED_BELOW_10,2026-05-05 01:32:20.793349+05:30
9351,J4_BORELLA,2026-05-05 01:32:19.071407+05:30,93,5.30,SPEED_BELOW_10,2026-05-05 01:32:20.793349+05:30
9350,J3_TOWN_HALL,2026-05-05 01:32:01.949185+05:30,135,2.16,SPEED_BELOW_10,2026-05-05 01:32:10.683628+05:30
9349,J1_KOLLUPITIYA,2026-05-05 01:32:00.943912+05:30,144,8.54,SPEED_BELOW_10,2026-05-05 01:32:10.680957+05:30
9346,J1_KOLLUPITIYA,2026-05-05 01:31:58.886864+05:30,148,4.14,SPEED_BELOW_10,2026-05-05 01:32:00.716554+05:30
9348,J2_BAMBALAPITIYA,2026-05-05 01:31:56.870016+05:30,107,3.54,SPEED_BELOW_10,2026-05-05 01:32:00.719535+05:30
9347,J2_BAMBALAPITIYA,2026-05-05 01:31:54.856566+05:30,92,7.03,SPEED_BELOW_10,2026-05-05 01:32:00.719535+05:30
9343,J4_BORELLA,2026-05-05 01:31:47.864621+05:30,115,8.81,SPEED_BELOW_10,2026-05-05 01:31:50.750184+05:30
9342,J1_KOLLUPITIYA,2026-05-05 01:31:46.860378+05:30,124,8.22,SPEED_BELOW_10,2026-05-05 01:31:50.750184+05:30
9340,J2_BAMBALAPITIYA,2026-05-05 01:31:44.794085+05:30,101,7.97,SPEED_BELOW_10,2026-05-05 01:31:50.750075+05:30
9341,J1_KOLLUPITIYA,2026-05-05 01:31:44.792754+05:30,144,8.85,SPEED_BELOW_10,2026-05-05 01:31:50.750184+05:30
9345,J3_TOWN_HALL,2026-05-05 01:31:43.842534+05:30,124,9.23,SPEED_BELOW_10,2026-05-05 01:31:50.751613+05:30
9339,J1_KOLLUPITIYA,2026-05-05 01:31:43.836256+05:30,130,5.68,SPEED_BELOW_10,2026-05-05 01:31:50.750184+05:30
9338,J2_BAMBALAPITIYA,2026-05-05 01:31:42.777438+05:30,128,8.50,SPEED_BELOW_10,2026-05-05 01:31:50.750075+05:30
9344,J3_TOWN_HALL,2026-05-05 01:31:41.826177+05:30,90,7.03,SPEED_BELOW_10,2026-05-05 01:31:50.751613+05:30
9336,J4_BORELLA,2026-05-05 01:31:36.791134+05:30,109,3.26,SPEED_BELOW_10,2026-05-05 01:31:40.671043+05:30
9335,J1_KOLLUPITIYA,2026-05-05 01:31:36.788099+05:30,148,2.24,SPEED_BELOW_10,2026-05-05 01:31:40.671043+05:30
9334,J4_BORELLA,2026-05-05 01:31:35.787270+05:30,135,7.15,SPEED_BELOW_10,2026-05-05 01:31:40.671043+05:30
9337,J3_TOWN_HALL,2026-05-05 01:31:34.728460+05:30,120,4.43,SPEED_BELOW_10,2026-05-05 01:31:40.671043+05:30
9333,J3_TOWN_HALL,2026-05-05 01:31:31.760259+05:30,96,5.13,SPEED_BELOW_10,2026-05-05 01:31:40.671043+05:30
9332,J1_KOLLUPITIYA,2026-05-05 01:31:31.754916+05:30,104,8.98,SPEED_BELOW_10,2026-05-05 01:31:40.671043+05:30
9331,J3_TOWN_HALL,2026-05-05 01:31:28.694332+05:30,114,9.82,SPEED_BELOW_10,2026-05-05 01:31:30.658915+05:30
9328,J2_BAMBALAPITIYA,2026-05-05 01:31:26.729971+05:30,136,7.53,SPEED_BELOW_10,2026-05-05 01:31:30.658873+05:30
9330,J3_TOWN_HALL,2026-05-05 01:31:25.654861+05:30,123,9.21,SPEED_BELOW_10,2026-05-05 01:31:30.658915+05:30
9329,J3_TOWN_HALL,2026-05-05 01:31:23.641504+05:30,148,3.13,SPEED_BELOW_10,2026-05-05 01:31:30.658915+05:30
9327,J4_BORELLA,2026-05-05 01:31:19.654569+05:30,149,3.00,SPEED_BELOW_10,2026-05-05 01:31:20.674525+05:30
9326,J1_KOLLUPITIYA,2026-05-05 01:31:19.605221+05:30,150,6.01,SPEED_BELOW_10,2026-05-05 01:31:20.674525+05:30
9325,J1_KOLLUPITIYA,2026-05-05 01:31:17.671726+05:30,142,2.57,SPEED_BELOW_10,2026-05-05 01:31:20.674525+05:30
9324,J2_BAMBALAPITIYA,2026-05-05 01:31:12.546544+05:30,149,6.63,SPEED_BELOW_10,2026-05-05 01:31:20.670989+05:30
9318,J3_TOWN_HALL,2026-05-05 01:31:09.524535+05:30,135,4.41,SPEED_BELOW_10,2026-05-05 01:31:10.579333+05:30
9322,J2_BAMBALAPITIYA,2026-05-05 01:31:07.509812+05:30,120,4.93,SPEED_BELOW_10,2026-05-05 01:31:10.581600+05:30
9323,J1_KOLLUPITIYA,2026-05-05 01:31:07.506325+05:30,133,3.63,SPEED_BELOW_10,2026-05-05 01:31:10.581637+05:30
9321,J1_KOLLUPITIYA,2026-05-05 01:31:05.605274+05:30,118,6.66,SPEED_BELOW_10,2026-05-05 01:31:10.581637+05:30
9317,J3_TOWN_HALL,2026-05-05 01:31:03.588104+05:30,131,8.71,SPEED_BELOW_10,2026-05-05 01:31:10.579333+05:30
9319,J2_BAMBALAPITIYA,2026-05-05 01:31:03.574856+05:30,147,2.32,SPEED_BELOW_10,2026-05-05 01:31:10.581600+05:30
9320,J4_BORELLA,2026-05-05 01:31:03.541528+05:30,111,8.34,SPEED_BELOW_10,2026-05-05 01:31:10.581637+05:30
9310,J4_BORELLA,2026-05-05 01:30:58.518281+05:30,102,2.52,SPEED_BELOW_10,2026-05-05 01:31:00.502088+05:30
9309,J1_KOLLUPITIYA,2026-05-05 01:30:57.482087+05:30,105,2.82,SPEED_BELOW_10,2026-05-05 01:31:00.502088+05:30
9316,J2_BAMBALAPITIYA,2026-05-05 01:30:56.499331+05:30,139,6.46,SPEED_BELOW_10,2026-05-05 01:31:00.509248+05:30
9315,J2_BAMBALAPITIYA,2026-05-05 01:30:54.490096+05:30,107,2.54,SPEED_BELOW_10,2026-05-05 01:31:00.509248+05:30
9308,J1_KOLLUPITIYA,2026-05-05 01:30:54.420610+05:30,138,3.91,SPEED_BELOW_10,2026-05-05 01:31:00.502088+05:30
9314,J3_TOWN_HALL,2026-05-05 01:30:53.415297+05:30,112,6.98,SPEED_BELOW_10,2026-05-05 01:31:00.506764+05:30
9313,J3_TOWN_HALL,2026-05-05 01:30:52.454549+05:30,105,8.30,SPEED_BELOW_10,2026-05-05 01:31:00.506764+05:30
9307,J4_BORELLA,2026-05-05 01:30:52.407884+05:30,122,8.60,SPEED_BELOW_10,2026-05-05 01:31:00.502088+05:30
9312,J3_TOWN_HALL,2026-05-05 01:30:51.470845+05:30,112,6.88,SPEED_BELOW_10,2026-05-05 01:31:00.506764+05:30
9306,J4_BORELLA,2026-05-05 01:30:51.444375+05:30,95,6.28,SPEED_BELOW_10,2026-05-05 01:31:00.502088+05:30
9311,J3_TOWN_HALL,2026-05-05 01:30:50.458992+05:30,107,8.38,SPEED_BELOW_10,2026-05-05 01:31:00.506764+05:30
9303,J3_TOWN_HALL,2026-05-05 01:30:49.452738+05:30,90,8.14,SPEED_BELOW_10,2026-05-05 01:30:50.443137+05:30
9305,J2_BAMBALAPITIYA,2026-05-05 01:30:43.396446+05:30,116,2.88,SPEED_BELOW_10,2026-05-05 01:30:50.448822+05:30
9302,J3_TOWN_HALL,2026-05-05 01:30:42.408712+05:30,148,7.53,SPEED_BELOW_10,2026-05-05 01:30:50.443137+05:30
9304,J2_BAMBALAPITIYA,2026-05-05 01:30:42.390656+05:30,105,4.08,SPEED_BELOW_10,2026-05-05 01:30:50.448822+05:30
9300,J4_BORELLA,2026-05-05 01:30:39.317457+05:30,99,3.68,SPEED_BELOW_10,2026-05-05 01:30:40.386213+05:30
9301,J3_TOWN_HALL,2026-05-05 01:30:37.378723+05:30,113,4.50,SPEED_BELOW_10,2026-05-05 01:30:40.385724+05:30
9297,J3_TOWN_HALL,2026-05-05 01:30:35.291012+05:30,104,6.54,SPEED_BELOW_10,2026-05-05 01:30:40.385724+05:30
9299,J4_BORELLA,2026-05-05 01:30:33.358456+05:30,104,8.15,SPEED_BELOW_10,2026-05-05 01:30:40.386213+05:30
9298,J1_KOLLUPITIYA,2026-05-05 01:30:33.274653+05:30,121,7.62,SPEED_BELOW_10,2026-05-05 01:30:40.386213+05:30
9296,J4_BORELLA,2026-05-05 01:30:32.350766+05:30,148,3.02,SPEED_BELOW_10,2026-05-05 01:30:40.386213+05:30
9294,J2_BAMBALAPITIYA,2026-05-05 01:30:31.258173+05:30,108,2.87,SPEED_BELOW_10,2026-05-05 01:30:40.382366+05:30
9295,J1_KOLLUPITIYA,2026-05-05 01:30:30.323529+05:30,90,5.35,SPEED_BELOW_10,2026-05-05 01:30:40.386213+05:30
9291,J4_BORELLA,2026-05-05 01:30:29.336606+05:30,144,6.82,SPEED_BELOW_10,2026-05-05 01:30:30.311027+05:30
9290,J1_KOLLUPITIYA,2026-05-05 01:30:27.298000+05:30,132,8.81,SPEED_BELOW_10,2026-05-05 01:30:30.311027+05:30
9293,J2_BAMBALAPITIYA,2026-05-05 01:30:26.291715+05:30,150,4.22,SPEED_BELOW_10,2026-05-05 01:30:30.312868+05:30
9289,J1_KOLLUPITIYA,2026-05-05 01:30:24.302524+05:30,92,4.71,SPEED_BELOW_10,2026-05-05 01:30:30.311027+05:30
9288,J4_BORELLA,2026-05-05 01:30:24.282243+05:30,148,9.70,SPEED_BELOW_10,2026-05-05 01:30:30.311027+05:30
9287,J1_KOLLUPITIYA,2026-05-05 01:30:22.261432+05:30,145,2.23,SPEED_BELOW_10,2026-05-05 01:30:30.311027+05:30
9292,J2_BAMBALAPITIYA,2026-05-05 01:30:22.260825+05:30,95,6.42,SPEED_BELOW_10,2026-05-05 01:30:30.312868+05:30
9283,J4_BORELLA,2026-05-05 01:30:18.230053+05:30,142,4.55,SPEED_BELOW_10,2026-05-05 01:30:20.265586+05:30
9286,J2_BAMBALAPITIYA,2026-05-05 01:30:17.156068+05:30,119,9.87,SPEED_BELOW_10,2026-05-05 01:30:20.265520+05:30
9285,J2_BAMBALAPITIYA,2026-05-05 01:30:16.146256+05:30,107,4.59,SPEED_BELOW_10,2026-05-05 01:30:20.265520+05:30
9284,J2_BAMBALAPITIYA,2026-05-05 01:30:14.203073+05:30,104,5.39,SPEED_BELOW_10,2026-05-05 01:30:20.265520+05:30
9281,J3_TOWN_HALL,2026-05-05 01:30:11.179896+05:30,126,5.01,SPEED_BELOW_10,2026-05-05 01:30:20.258959+05:30
9282,J4_BORELLA,2026-05-05 01:30:11.110452+05:30,113,2.48,SPEED_BELOW_10,2026-05-05 01:30:20.265586+05:30
9280,J3_TOWN_HALL,2026-05-05 01:30:10.165051+05:30,144,8.82,SPEED_BELOW_10,2026-05-05 01:30:20.258959+05:30
9274,J3_TOWN_HALL,2026-05-05 01:30:08.152004+05:30,140,5.94,SPEED_BELOW_10,2026-05-05 01:30:10.787141+05:30
9277,J2_BAMBALAPITIYA,2026-05-05 01:30:07.139625+05:30,90,2.52,SPEED_BELOW_10,2026-05-05 01:30:10.792843+05:30
9276,J2_BAMBALAPITIYA,2026-05-05 01:30:06.136902+05:30,138,5.48,SPEED_BELOW_10,2026-05-05 01:30:10.792843+05:30
9273,J3_TOWN_HALL,2026-05-05 01:30:06.134287+05:30,90,5.83,SPEED_BELOW_10,2026-05-05 01:30:10.787141+05:30
9275,J2_BAMBALAPITIYA,2026-05-05 01:30:04.120777+05:30,98,3.17,SPEED_BELOW_10,2026-05-05 01:30:10.792843+05:30
9272,J3_TOWN_HALL,2026-05-05 01:30:03.054841+05:30,109,8.08,SPEED_BELOW_10,2026-05-05 01:30:10.787141+05:30
9279,J4_BORELLA,2026-05-05 01:30:02.111837+05:30,109,3.39,SPEED_BELOW_10,2026-05-05 01:30:10.809992+05:30
9278,J1_KOLLUPITIYA,2026-05-05 01:30:00.095026+05:30,134,3.18,SPEED_BELOW_10,2026-05-05 01:30:10.809992+05:30
9270,J3_TOWN_HALL,2026-05-05 01:29:59.089449+05:30,124,5.13,SPEED_BELOW_10,2026-05-05 01:30:00.678778+05:30
9271,J1_KOLLUPITIYA,2026-05-05 01:29:57.064063+05:30,117,9.46,SPEED_BELOW_10,2026-05-05 01:30:00.678835+05:30
9269,J1_KOLLUPITIYA,2026-05-05 01:29:45.929560+05:30,92,9.32,SPEED_BELOW_10,2026-05-05 01:29:50.702512+05:30
9268,J1_KOLLUPITIYA,2026-05-05 01:29:44.981799+05:30,94,6.32,SPEED_BELOW_10,2026-05-05 01:29:50.702512+05:30
9267,J4_BORELLA,2026-05-05 01:29:43.976136+05:30,132,7.09,SPEED_BELOW_10,2026-05-05 01:29:50.702512+05:30
9264,J3_TOWN_HALL,2026-05-05 01:29:42.969218+05:30,121,5.60,SPEED_BELOW_10,2026-05-05 01:29:50.701403+05:30
9265,J2_BAMBALAPITIYA,2026-05-05 01:29:42.966004+05:30,92,9.79,SPEED_BELOW_10,2026-05-05 01:29:50.701580+05:30
9266,J4_BORELLA,2026-05-05 01:29:40.952461+05:30,125,7.11,SPEED_BELOW_10,2026-05-05 01:29:50.702512+05:30
9262,J4_BORELLA,2026-05-05 01:29:39.945810+05:30,130,7.32,SPEED_BELOW_10,2026-05-05 01:29:40.697559+05:30
9263,J1_KOLLUPITIYA,2026-05-05 01:29:39.944795+05:30,149,2.71,SPEED_BELOW_10,2026-05-05 01:29:40.697559+05:30
9261,J4_BORELLA,2026-05-05 01:29:38.937052+05:30,149,4.36,SPEED_BELOW_10,2026-05-05 01:29:40.697559+05:30
9257,J3_TOWN_HALL,2026-05-05 01:29:38.934621+05:30,103,6.25,SPEED_BELOW_10,2026-05-05 01:29:40.688370+05:30
9260,J4_BORELLA,2026-05-05 01:29:37.933724+05:30,144,3.54,SPEED_BELOW_10,2026-05-05 01:29:40.697559+05:30
9259,J1_KOLLUPITIYA,2026-05-05 01:29:37.930523+05:30,124,5.44,SPEED_BELOW_10,2026-05-05 01:29:40.697559+05:30
9258,J2_BAMBALAPITIYA,2026-05-05 01:29:36.876380+05:30,119,7.21,SPEED_BELOW_10,2026-05-05 01:29:40.691213+05:30
9256,J3_TOWN_HALL,2026-05-05 01:29:35.915466+05:30,148,4.37,SPEED_BELOW_10,2026-05-05 01:29:40.688370+05:30
9255,J2_BAMBALAPITIYA,2026-05-05 01:29:23.841151+05:30,148,3.85,SPEED_BELOW_10,2026-05-05 01:29:30.658944+05:30
9254,J2_BAMBALAPITIYA,2026-05-05 01:29:23.841079+05:30,105,7.41,SPEED_BELOW_10,2026-05-05 01:29:30.658944+05:30
9253,J2_BAMBALAPITIYA,2026-05-05 01:29:20.808602+05:30,106,9.04,SPEED_BELOW_10,2026-05-05 01:29:30.658944+05:30
9251,J1_KOLLUPITIYA,2026-05-05 01:29:18.786450+05:30,144,2.61,SPEED_BELOW_10,2026-05-05 01:29:20.790829+05:30
9247,J2_BAMBALAPITIYA,2026-05-05 01:29:17.780629+05:30,119,7.62,SPEED_BELOW_10,2026-05-05 01:29:20.789200+05:30
9250,J4_BORELLA,2026-05-05 01:29:16.786336+05:30,131,8.96,SPEED_BELOW_10,2026-05-05 01:29:20.790829+05:30
9249,J4_BORELLA,2026-05-05 01:29:13.748265+05:30,134,6.32,SPEED_BELOW_10,2026-05-05 01:29:20.790829+05:30
9252,J3_TOWN_HALL,2026-05-05 01:29:12.754623+05:30,138,3.08,SPEED_BELOW_10,2026-05-05 01:29:20.793903+05:30
9248,J4_BORELLA,2026-05-05 01:29:11.737634+05:30,106,7.89,SPEED_BELOW_10,2026-05-05 01:29:20.790829+05:30
9246,J2_BAMBALAPITIYA,2026-05-05 01:29:10.722403+05:30,128,8.89,SPEED_BELOW_10,2026-05-05 01:29:20.789200+05:30
9243,J4_BORELLA,2026-05-05 01:29:09.715499+05:30,115,8.97,SPEED_BELOW_10,2026-05-05 01:29:10.781457+05:30
9242,J1_KOLLUPITIYA,2026-05-05 01:29:09.704299+05:30,126,6.96,SPEED_BELOW_10,2026-05-05 01:29:10.781457+05:30
9241,J4_BORELLA,2026-05-05 01:29:08.705175+05:30,145,7.25,SPEED_BELOW_10,2026-05-05 01:29:10.781457+05:30
9238,J4_BORELLA,2026-05-05 01:29:08.698693+05:30,117,9.48,SPEED_BELOW_10,2026-05-05 01:29:10.781457+05:30
9240,J2_BAMBALAPITIYA,2026-05-05 01:29:08.694651+05:30,141,4.32,SPEED_BELOW_10,2026-05-05 01:29:10.781273+05:30
9239,J2_BAMBALAPITIYA,2026-05-05 01:29:07.689465+05:30,110,7.74,SPEED_BELOW_10,2026-05-05 01:29:10.781273+05:30
9245,J3_TOWN_HALL,2026-05-05 01:29:04.668624+05:30,121,7.71,SPEED_BELOW_10,2026-05-05 01:29:10.797091+05:30
9244,J3_TOWN_HALL,2026-05-05 01:29:03.660328+05:30,150,6.89,SPEED_BELOW_10,2026-05-05 01:29:10.797091+05:30
9237,J2_BAMBALAPITIYA,2026-05-05 01:29:01.656248+05:30,107,2.49,SPEED_BELOW_10,2026-05-05 01:29:10.781273+05:30
9236,J1_KOLLUPITIYA,2026-05-05 01:28:59.632800+05:30,91,7.63,SPEED_BELOW_10,2026-05-05 01:29:00.686665+05:30
9231,J3_TOWN_HALL,2026-05-05 01:28:57.620108+05:30,111,4.52,SPEED_BELOW_10,2026-05-05 01:29:00.683192+05:30
9235,J4_BORELLA,2026-05-05 01:28:55.609515+05:30,122,8.63,SPEED_BELOW_10,2026-05-05 01:29:00.686665+05:30
9234,J4_BORELLA,2026-05-05 01:28:52.591290+05:30,92,3.91,SPEED_BELOW_10,2026-05-05 01:29:00.686665+05:30
9233,J2_BAMBALAPITIYA,2026-05-05 01:28:51.577351+05:30,101,2.35,SPEED_BELOW_10,2026-05-05 01:29:00.682952+05:30
9232,J2_BAMBALAPITIYA,2026-05-05 01:28:50.563179+05:30,139,7.13,SPEED_BELOW_10,2026-05-05 01:29:00.682952+05:30
9225,J3_TOWN_HALL,2026-05-05 01:28:48.547807+05:30,98,9.74,SPEED_BELOW_10,2026-05-05 01:28:50.605953+05:30
9228,J2_BAMBALAPITIYA,2026-05-05 01:28:48.542389+05:30,106,2.51,SPEED_BELOW_10,2026-05-05 01:28:50.605728+05:30
9230,J4_BORELLA,2026-05-05 01:28:46.536323+05:30,131,3.44,SPEED_BELOW_10,2026-05-05 01:28:50.612553+05:30
9229,J1_KOLLUPITIYA,2026-05-05 01:28:43.508996+05:30,109,8.01,SPEED_BELOW_10,2026-05-05 01:28:50.612553+05:30
9227,J2_BAMBALAPITIYA,2026-05-05 01:28:43.506580+05:30,93,7.48,SPEED_BELOW_10,2026-05-05 01:28:50.605728+05:30
9226,J2_BAMBALAPITIYA,2026-05-05 01:28:42.498351+05:30,132,7.84,SPEED_BELOW_10,2026-05-05 01:28:50.605728+05:30
9224,J1_KOLLUPITIYA,2026-05-05 01:28:37.448196+05:30,100,7.73,SPEED_BELOW_10,2026-05-05 01:28:40.518769+05:30
9223,J1_KOLLUPITIYA,2026-05-05 01:28:36.441222+05:30,123,5.71,SPEED_BELOW_10,2026-05-05 01:28:40.518769+05:30
9221,J1_KOLLUPITIYA,2026-05-05 01:28:34.427970+05:30,116,9.29,SPEED_BELOW_10,2026-05-05 01:28:40.518769+05:30
9219,J2_BAMBALAPITIYA,2026-05-05 01:28:33.422807+05:30,114,6.08,SPEED_BELOW_10,2026-05-05 01:28:40.481219+05:30
9218,J2_BAMBALAPITIYA,2026-05-05 01:28:33.417519+05:30,95,5.17,SPEED_BELOW_10,2026-05-05 01:28:40.481219+05:30
9222,J3_TOWN_HALL,2026-05-05 01:28:32.415110+05:30,124,4.03,SPEED_BELOW_10,2026-05-05 01:28:40.519536+05:30
9220,J4_BORELLA,2026-05-05 01:28:32.409060+05:30,123,4.83,SPEED_BELOW_10,2026-05-05 01:28:40.518769+05:30
9217,J2_BAMBALAPITIYA,2026-05-05 01:28:30.383212+05:30,114,7.79,SPEED_BELOW_10,2026-05-05 01:28:40.481219+05:30
9215,J3_TOWN_HALL,2026-05-05 01:28:28.373002+05:30,126,4.19,SPEED_BELOW_10,2026-05-05 01:28:30.432150+05:30
9213,J3_TOWN_HALL,2026-05-05 01:28:26.358793+05:30,133,8.66,SPEED_BELOW_10,2026-05-05 01:28:30.432150+05:30
9216,J1_KOLLUPITIYA,2026-05-05 01:28:22.319700+05:30,96,6.20,SPEED_BELOW_10,2026-05-05 01:28:30.432625+05:30
9214,J4_BORELLA,2026-05-05 01:28:21.316183+05:30,136,5.98,SPEED_BELOW_10,2026-05-05 01:28:30.432625+05:30
9212,J3_TOWN_HALL,2026-05-05 01:28:21.314648+05:30,150,6.29,SPEED_BELOW_10,2026-05-05 01:28:30.432150+05:30
9211,J3_TOWN_HALL,2026-05-05 01:28:19.286950+05:30,135,8.14,SPEED_BELOW_10,2026-05-05 01:28:20.354765+05:30
9209,J1_KOLLUPITIYA,2026-05-05 01:28:16.262770+05:30,130,4.98,SPEED_BELOW_10,2026-05-05 01:28:20.352538+05:30
9208,J1_KOLLUPITIYA,2026-05-05 01:28:14.251111+05:30,139,7.43,SPEED_BELOW_10,2026-05-05 01:28:20.352538+05:30
9207,J4_BORELLA,2026-05-05 01:28:13.243407+05:30,138,5.04,SPEED_BELOW_10,2026-05-05 01:28:20.352538+05:30
9210,J3_TOWN_HALL,2026-05-05 01:28:13.214718+05:30,107,6.33,SPEED_BELOW_10,2026-05-05 01:28:20.354765+05:30
9206,J1_KOLLUPITIYA,2026-05-05 01:28:11.211125+05:30,101,6.04,SPEED_BELOW_10,2026-05-05 01:28:20.352538+05:30
9205,J4_BORELLA,2026-05-05 01:28:08.194162+05:30,129,5.06,SPEED_BELOW_10,2026-05-05 01:28:10.250111+05:30
9204,J1_KOLLUPITIYA,2026-05-05 01:28:08.190123+05:30,150,8.83,SPEED_BELOW_10,2026-05-05 01:28:10.250111+05:30
9203,J4_BORELLA,2026-05-05 01:28:04.151975+05:30,118,7.49,SPEED_BELOW_10,2026-05-05 01:28:10.250111+05:30
9202,J1_KOLLUPITIYA,2026-05-05 01:28:01.153484+05:30,110,6.60,SPEED_BELOW_10,2026-05-05 01:28:10.250111+05:30
9201,J1_KOLLUPITIYA,2026-05-05 01:28:01.138823+05:30,110,3.27,SPEED_BELOW_10,2026-05-05 01:28:10.250111+05:30
9200,J4_BORELLA,2026-05-05 01:28:01.136561+05:30,102,2.61,SPEED_BELOW_10,2026-05-05 01:28:10.250111+05:30
9199,J1_KOLLUPITIYA,2026-05-05 01:28:01.131175+05:30,115,9.35,SPEED_BELOW_10,2026-05-05 01:28:10.250111+05:30
9193,J3_TOWN_HALL,2026-05-05 01:27:59.142220+05:30,101,2.33,SPEED_BELOW_10,2026-05-05 01:28:00.716835+05:30
9192,J3_TOWN_HALL,2026-05-05 01:27:59.122119+05:30,95,5.54,SPEED_BELOW_10,2026-05-05 01:28:00.716835+05:30
9198,J4_BORELLA,2026-05-05 01:27:56.080305+05:30,119,4.78,SPEED_BELOW_10,2026-05-05 01:28:00.721479+05:30
9197,J1_KOLLUPITIYA,2026-05-05 01:27:56.072788+05:30,102,9.35,SPEED_BELOW_10,2026-05-05 01:28:00.721479+05:30
9196,J1_KOLLUPITIYA,2026-05-05 01:27:53.056771+05:30,129,5.78,SPEED_BELOW_10,2026-05-05 01:28:00.721479+05:30
9195,J4_BORELLA,2026-05-05 01:27:52.061643+05:30,121,3.32,SPEED_BELOW_10,2026-05-05 01:28:00.721479+05:30
9191,J3_TOWN_HALL,2026-05-05 01:27:52.056071+05:30,113,5.99,SPEED_BELOW_10,2026-05-05 01:28:00.716835+05:30
9194,J1_KOLLUPITIYA,2026-05-05 01:27:51.025828+05:30,103,6.65,SPEED_BELOW_10,2026-05-05 01:28:00.721479+05:30
9184,J2_BAMBALAPITIYA,2026-05-05 01:27:48.018215+05:30,127,3.86,SPEED_BELOW_10,2026-05-05 01:27:50.721747+05:30
9190,J3_TOWN_HALL,2026-05-05 01:27:47.012346+05:30,91,9.49,SPEED_BELOW_10,2026-05-05 01:27:50.725417+05:30
9188,J1_KOLLUPITIYA,2026-05-05 01:27:46.009077+05:30,126,4.83,SPEED_BELOW_10,2026-05-05 01:27:50.722611+05:30
9187,J4_BORELLA,2026-05-05 01:27:45.002332+05:30,106,7.27,SPEED_BELOW_10,2026-05-05 01:27:50.722611+05:30
9189,J3_TOWN_HALL,2026-05-05 01:27:43.980804+05:30,128,9.45,SPEED_BELOW_10,2026-05-05 01:27:50.725417+05:30
9186,J1_KOLLUPITIYA,2026-05-05 01:27:42.971220+05:30,135,8.55,SPEED_BELOW_10,2026-05-05 01:27:50.722611+05:30
9185,J1_KOLLUPITIYA,2026-05-05 01:27:40.967951+05:30,120,4.01,SPEED_BELOW_10,2026-05-05 01:27:50.722611+05:30
9183,J2_BAMBALAPITIYA,2026-05-05 01:27:39.946112+05:30,120,7.76,SPEED_BELOW_10,2026-05-05 01:27:40.699929+05:30
9182,J2_BAMBALAPITIYA,2026-05-05 01:27:35.913919+05:30,118,8.80,SPEED_BELOW_10,2026-05-05 01:27:40.699929+05:30
9181,J4_BORELLA,2026-05-05 01:27:34.909503+05:30,143,5.97,SPEED_BELOW_10,2026-05-05 01:27:40.696452+05:30
9180,J4_BORELLA,2026-05-05 01:27:30.911067+05:30,104,9.75,SPEED_BELOW_10,2026-05-05 01:27:40.696452+05:30
9177,J4_BORELLA,2026-05-05 01:27:27.885956+05:30,134,6.22,SPEED_BELOW_10,2026-05-05 01:27:30.694935+05:30
9176,J4_BORELLA,2026-05-05 01:27:26.887943+05:30,147,7.63,SPEED_BELOW_10,2026-05-05 01:27:30.694935+05:30
9170,J2_BAMBALAPITIYA,2026-05-05 01:27:26.884480+05:30,91,2.57,SPEED_BELOW_10,2026-05-05 01:27:30.693551+05:30
9179,J3_TOWN_HALL,2026-05-05 01:27:26.875700+05:30,111,9.81,SPEED_BELOW_10,2026-05-05 01:27:30.698367+05:30
9175,J1_KOLLUPITIYA,2026-05-05 01:27:26.853338+05:30,136,8.04,SPEED_BELOW_10,2026-05-05 01:27:30.694935+05:30
9169,J2_BAMBALAPITIYA,2026-05-05 01:27:25.877194+05:30,136,8.32,SPEED_BELOW_10,2026-05-05 01:27:30.693551+05:30
9168,J2_BAMBALAPITIYA,2026-05-05 01:27:24.868648+05:30,150,7.60,SPEED_BELOW_10,2026-05-05 01:27:30.693551+05:30
9174,J4_BORELLA,2026-05-05 01:27:23.856488+05:30,139,4.41,SPEED_BELOW_10,2026-05-05 01:27:30.694935+05:30
9173,J1_KOLLUPITIYA,2026-05-05 01:27:22.853570+05:30,105,8.55,SPEED_BELOW_10,2026-05-05 01:27:30.694935+05:30
9167,J2_BAMBALAPITIYA,2026-05-05 01:27:22.822979+05:30,145,2.94,SPEED_BELOW_10,2026-05-05 01:27:30.693551+05:30
9178,J3_TOWN_HALL,2026-05-05 01:27:20.838857+05:30,150,4.25,SPEED_BELOW_10,2026-05-05 01:27:30.698367+05:30
9172,J4_BORELLA,2026-05-05 01:27:20.831237+05:30,97,6.77,SPEED_BELOW_10,2026-05-05 01:27:30.694935+05:30
9171,J1_KOLLUPITIYA,2026-05-05 01:27:20.826116+05:30,122,4.06,SPEED_BELOW_10,2026-05-05 01:27:30.694935+05:30
9163,J1_KOLLUPITIYA,2026-05-05 01:27:19.829643+05:30,112,7.48,SPEED_BELOW_10,2026-05-05 01:27:20.682692+05:30
9165,J3_TOWN_HALL,2026-05-05 01:27:19.823469+05:30,105,4.17,SPEED_BELOW_10,2026-05-05 01:27:20.688139+05:30
9162,J1_KOLLUPITIYA,2026-05-05 01:27:15.798530+05:30,148,2.65,SPEED_BELOW_10,2026-05-05 01:27:20.682692+05:30
9164,J3_TOWN_HALL,2026-05-05 01:27:14.774791+05:30,121,7.41,SPEED_BELOW_10,2026-05-05 01:27:20.688139+05:30
9166,J2_BAMBALAPITIYA,2026-05-05 01:27:12.759622+05:30,148,7.92,SPEED_BELOW_10,2026-05-05 01:27:20.690242+05:30
9161,J1_KOLLUPITIYA,2026-05-05 01:27:11.784361+05:30,104,3.58,SPEED_BELOW_10,2026-05-05 01:27:20.682692+05:30
9160,J1_KOLLUPITIYA,2026-05-05 01:27:11.751400+05:30,110,2.28,SPEED_BELOW_10,2026-05-05 01:27:20.682692+05:30
9159,J1_KOLLUPITIYA,2026-05-05 01:27:10.763782+05:30,90,5.81,SPEED_BELOW_10,2026-05-05 01:27:20.682692+05:30
9158,J1_KOLLUPITIYA,2026-05-05 01:27:08.728551+05:30,114,5.08,SPEED_BELOW_10,2026-05-05 01:27:10.676022+05:30
9153,J3_TOWN_HALL,2026-05-05 01:27:07.764855+05:30,146,8.36,SPEED_BELOW_10,2026-05-05 01:27:10.672799+05:30
9157,J1_KOLLUPITIYA,2026-05-05 01:27:07.746343+05:30,114,6.19,SPEED_BELOW_10,2026-05-05 01:27:10.676022+05:30
9152,J3_TOWN_HALL,2026-05-05 01:27:06.758311+05:30,100,6.88,SPEED_BELOW_10,2026-05-05 01:27:10.672799+05:30
9151,J3_TOWN_HALL,2026-05-05 01:27:04.745830+05:30,143,9.68,SPEED_BELOW_10,2026-05-05 01:27:10.672799+05:30
9155,J2_BAMBALAPITIYA,2026-05-05 01:27:02.692637+05:30,92,9.14,SPEED_BELOW_10,2026-05-05 01:27:10.676587+05:30
9150,J3_TOWN_HALL,2026-05-05 01:27:01.721192+05:30,144,3.49,SPEED_BELOW_10,2026-05-05 01:27:10.672799+05:30
9156,J1_KOLLUPITIYA,2026-05-05 01:27:01.714250+05:30,123,3.49,SPEED_BELOW_10,2026-05-05 01:27:10.676022+05:30
9154,J1_KOLLUPITIYA,2026-05-05 01:27:00.697577+05:30,91,8.02,SPEED_BELOW_10,2026-05-05 01:27:10.676022+05:30
9149,J1_KOLLUPITIYA,2026-05-05 01:26:59.671367+05:30,101,4.90,SPEED_BELOW_10,2026-05-05 01:27:00.679060+05:30
9145,J2_BAMBALAPITIYA,2026-05-05 01:26:58.683561+05:30,112,5.53,SPEED_BELOW_10,2026-05-05 01:27:00.675724+05:30
9148,J4_BORELLA,2026-05-05 01:26:57.680815+05:30,141,4.16,SPEED_BELOW_10,2026-05-05 01:27:00.679060+05:30
9146,J3_TOWN_HALL,2026-05-05 01:26:52.629879+05:30,129,5.08,SPEED_BELOW_10,2026-05-05 01:27:00.677476+05:30
9147,J1_KOLLUPITIYA,2026-05-05 01:26:51.628935+05:30,92,9.87,SPEED_BELOW_10,2026-05-05 01:27:00.679060+05:30
9143,J4_BORELLA,2026-05-05 01:26:49.609422+05:30,130,9.37,SPEED_BELOW_10,2026-05-05 01:26:50.656056+05:30
9142,J4_BORELLA,2026-05-05 01:26:46.590096+05:30,120,8.26,SPEED_BELOW_10,2026-05-05 01:26:50.656056+05:30
9141,J4_BORELLA,2026-05-05 01:26:44.576339+05:30,102,4.22,SPEED_BELOW_10,2026-05-05 01:26:50.656056+05:30
9140,J1_KOLLUPITIYA,2026-05-05 01:26:44.568549+05:30,115,9.16,SPEED_BELOW_10,2026-05-05 01:26:50.656056+05:30
9144,J2_BAMBALAPITIYA,2026-05-05 01:26:43.560159+05:30,126,7.23,SPEED_BELOW_10,2026-05-05 01:26:50.674351+05:30
9139,J4_BORELLA,2026-05-05 01:26:42.583148+05:30,111,2.59,SPEED_BELOW_10,2026-05-05 01:26:50.656056+05:30
9138,J3_TOWN_HALL,2026-05-05 01:26:40.533098+05:30,99,5.76,SPEED_BELOW_10,2026-05-05 01:26:50.619993+05:30
9136,J3_TOWN_HALL,2026-05-05 01:26:39.526795+05:30,138,6.52,SPEED_BELOW_10,2026-05-05 01:26:40.576130+05:30
9137,J2_BAMBALAPITIYA,2026-05-05 01:26:36.542786+05:30,99,8.02,SPEED_BELOW_10,2026-05-05 01:26:40.576148+05:30
9135,J2_BAMBALAPITIYA,2026-05-05 01:26:34.489349+05:30,123,2.89,SPEED_BELOW_10,2026-05-05 01:26:40.576148+05:30
9134,J3_TOWN_HALL,2026-05-05 01:26:32.476949+05:30,104,2.91,SPEED_BELOW_10,2026-05-05 01:26:40.576130+05:30
9133,J4_BORELLA,2026-05-05 01:26:30.507230+05:30,93,4.48,SPEED_BELOW_10,2026-05-05 01:26:40.538906+05:30
9132,J1_KOLLUPITIYA,2026-05-05 01:26:30.464823+05:30,103,3.98,SPEED_BELOW_10,2026-05-05 01:26:40.538906+05:30
9127,J2_BAMBALAPITIYA,2026-05-05 01:26:29.497149+05:30,132,6.93,SPEED_BELOW_10,2026-05-05 01:26:30.511788+05:30
9125,J2_BAMBALAPITIYA,2026-05-05 01:26:29.455959+05:30,126,8.20,SPEED_BELOW_10,2026-05-05 01:26:30.511788+05:30
9131,J1_KOLLUPITIYA,2026-05-05 01:26:28.491581+05:30,117,9.40,SPEED_BELOW_10,2026-05-05 01:26:30.514672+05:30
9128,J3_TOWN_HALL,2026-05-05 01:26:27.464481+05:30,91,7.15,SPEED_BELOW_10,2026-05-05 01:26:30.511803+05:30
9126,J3_TOWN_HALL,2026-05-05 01:26:26.457500+05:30,95,5.81,SPEED_BELOW_10,2026-05-05 01:26:30.511803+05:30
9130,J4_BORELLA,2026-05-05 01:26:22.425327+05:30,144,6.99,SPEED_BELOW_10,2026-05-05 01:26:30.514672+05:30
9129,J1_KOLLUPITIYA,2026-05-05 01:26:21.404216+05:30,134,5.37,SPEED_BELOW_10,2026-05-05 01:26:30.514672+05:30
9123,J2_BAMBALAPITIYA,2026-05-05 01:26:19.372258+05:30,120,8.12,SPEED_BELOW_10,2026-05-05 01:26:20.429504+05:30
9124,J1_KOLLUPITIYA,2026-05-05 01:26:19.371246+05:30,121,7.06,SPEED_BELOW_10,2026-05-05 01:26:20.430109+05:30
9121,J1_KOLLUPITIYA,2026-05-05 01:26:17.361183+05:30,133,5.60,SPEED_BELOW_10,2026-05-05 01:26:20.430109+05:30
9122,J2_BAMBALAPITIYA,2026-05-05 01:26:16.367661+05:30,146,7.36,SPEED_BELOW_10,2026-05-05 01:26:20.429504+05:30
9119,J3_TOWN_HALL,2026-05-05 01:26:13.361889+05:30,116,6.77,SPEED_BELOW_10,2026-05-05 01:26:20.426018+05:30
9120,J2_BAMBALAPITIYA,2026-05-05 01:26:12.330451+05:30,142,8.98,SPEED_BELOW_10,2026-05-05 01:26:20.429504+05:30
9118,J2_BAMBALAPITIYA,2026-05-05 01:26:07.320599+05:30,137,8.70,SPEED_BELOW_10,2026-05-05 01:26:10.375676+05:30
9114,J1_KOLLUPITIYA,2026-05-05 01:26:07.289435+05:30,91,8.80,SPEED_BELOW_10,2026-05-05 01:26:10.370935+05:30
9116,J3_TOWN_HALL,2026-05-05 01:26:06.300554+05:30,122,5.06,SPEED_BELOW_10,2026-05-05 01:26:10.373866+05:30
9117,J2_BAMBALAPITIYA,2026-05-05 01:26:04.289637+05:30,137,4.34,SPEED_BELOW_10,2026-05-05 01:26:10.375676+05:30
9113,J1_KOLLUPITIYA,2026-05-05 01:26:04.288177+05:30,109,8.87,SPEED_BELOW_10,2026-05-05 01:26:10.370935+05:30
9112,J4_BORELLA,2026-05-05 01:26:02.262101+05:30,115,6.15,SPEED_BELOW_10,2026-05-05 01:26:10.370935+05:30
9115,J3_TOWN_HALL,2026-05-05 01:26:00.263290+05:30,147,8.76,SPEED_BELOW_10,2026-05-05 01:26:10.373866+05:30
9109,J1_KOLLUPITIYA,2026-05-05 01:25:57.242506+05:30,120,9.67,SPEED_BELOW_10,2026-05-05 01:26:00.320410+05:30
9108,J4_BORELLA,2026-05-05 01:25:56.238856+05:30,134,5.22,SPEED_BELOW_10,2026-05-05 01:26:00.320410+05:30
9107,J4_BORELLA,2026-05-05 01:25:55.217458+05:30,94,9.00,SPEED_BELOW_10,2026-05-05 01:26:00.320410+05:30
9106,J1_KOLLUPITIYA,2026-05-05 01:25:54.210373+05:30,139,2.42,SPEED_BELOW_10,2026-05-05 01:26:00.320410+05:30
9110,J3_TOWN_HALL,2026-05-05 01:25:52.238386+05:30,129,9.82,SPEED_BELOW_10,2026-05-05 01:26:00.321355+05:30
9111,J2_BAMBALAPITIYA,2026-05-05 01:25:51.195809+05:30,116,6.45,SPEED_BELOW_10,2026-05-05 01:26:00.322786+05:30
9105,J4_BORELLA,2026-05-05 01:25:50.186686+05:30,128,8.79,SPEED_BELOW_10,2026-05-05 01:26:00.320410+05:30
9104,J1_KOLLUPITIYA,2026-05-05 01:25:49.194053+05:30,90,8.49,SPEED_BELOW_10,2026-05-05 01:25:50.222694+05:30
9100,J2_BAMBALAPITIYA,2026-05-05 01:25:45.170014+05:30,93,6.39,SPEED_BELOW_10,2026-05-05 01:25:50.191980+05:30
9103,J4_BORELLA,2026-05-05 01:25:45.154846+05:30,100,2.10,SPEED_BELOW_10,2026-05-05 01:25:50.222694+05:30
9102,J4_BORELLA,2026-05-05 01:25:42.182909+05:30,133,5.80,SPEED_BELOW_10,2026-05-05 01:25:50.222694+05:30
9101,J1_KOLLUPITIYA,2026-05-05 01:25:42.178264+05:30,116,2.40,SPEED_BELOW_10,2026-05-05 01:25:50.222694+05:30
9099,J2_BAMBALAPITIYA,2026-05-05 01:25:40.162861+05:30,90,9.04,SPEED_BELOW_10,2026-05-05 01:25:50.191980+05:30
9091,J3_TOWN_HALL,2026-05-05 01:25:37.105044+05:30,100,2.28,SPEED_BELOW_10,2026-05-05 01:25:40.179725+05:30
9095,J4_BORELLA,2026-05-05 01:25:36.123244+05:30,131,2.61,SPEED_BELOW_10,2026-05-05 01:25:40.185624+05:30
9094,J4_BORELLA,2026-05-05 01:25:36.099076+05:30,120,9.73,SPEED_BELOW_10,2026-05-05 01:25:40.185624+05:30
9098,J2_BAMBALAPITIYA,2026-05-05 01:25:36.096671+05:30,91,7.35,SPEED_BELOW_10,2026-05-05 01:25:40.683212+05:30
9093,J1_KOLLUPITIYA,2026-05-05 01:25:36.095640+05:30,141,8.29,SPEED_BELOW_10,2026-05-05 01:25:40.185624+05:30
9097,J2_BAMBALAPITIYA,2026-05-05 01:25:35.090064+05:30,115,3.76,SPEED_BELOW_10,2026-05-05 01:25:40.683212+05:30
9090,J3_TOWN_HALL,2026-05-05 01:25:34.127636+05:30,142,7.16,SPEED_BELOW_10,2026-05-05 01:25:40.179725+05:30
9092,J4_BORELLA,2026-05-05 01:25:34.086582+05:30,133,6.88,SPEED_BELOW_10,2026-05-05 01:25:40.185624+05:30
9096,J2_BAMBALAPITIYA,2026-05-05 01:25:30.055274+05:30,127,3.22,SPEED_BELOW_10,2026-05-05 01:25:40.683212+05:30
9084,J2_BAMBALAPITIYA,2026-05-05 01:25:26.058002+05:30,138,5.76,SPEED_BELOW_10,2026-05-05 01:25:30.728333+05:30
9087,J1_KOLLUPITIYA,2026-05-05 01:25:25.047553+05:30,138,8.11,SPEED_BELOW_10,2026-05-05 01:25:30.730005+05:30
9089,J3_TOWN_HALL,2026-05-05 01:25:24.065322+05:30,103,4.44,SPEED_BELOW_10,2026-05-05 01:25:30.732290+05:30
9086,J1_KOLLUPITIYA,2026-05-05 01:25:23.030754+05:30,115,9.89,SPEED_BELOW_10,2026-05-05 01:25:30.730005+05:30
9085,J4_BORELLA,2026-05-05 01:25:23.014672+05:30,137,5.51,SPEED_BELOW_10,2026-05-05 01:25:30.730005+05:30
9083,J2_BAMBALAPITIYA,2026-05-05 01:25:23.012092+05:30,107,7.87,SPEED_BELOW_10,2026-05-05 01:25:30.728333+05:30
9088,J3_TOWN_HALL,2026-05-05 01:25:20.039455+05:30,149,8.03,SPEED_BELOW_10,2026-05-05 01:25:30.732290+05:30
9082,J2_BAMBALAPITIYA,2026-05-05 01:25:13.961645+05:30,110,3.44,SPEED_BELOW_10,2026-05-05 01:25:20.701766+05:30
9080,J1_KOLLUPITIYA,2026-05-05 01:25:12.972221+05:30,121,5.89,SPEED_BELOW_10,2026-05-05 01:25:20.701859+05:30
9081,J2_BAMBALAPITIYA,2026-05-05 01:25:10.985048+05:30,136,9.08,SPEED_BELOW_10,2026-05-05 01:25:20.701766+05:30
9079,J2_BAMBALAPITIYA,2026-05-05 01:25:08.947442+05:30,90,7.34,SPEED_BELOW_10,2026-05-05 01:25:10.700926+05:30
9076,J1_KOLLUPITIYA,2026-05-05 01:25:08.945563+05:30,93,2.37,SPEED_BELOW_10,2026-05-05 01:25:10.693502+05:30
9078,J2_BAMBALAPITIYA,2026-05-05 01:25:07.928082+05:30,91,6.45,SPEED_BELOW_10,2026-05-05 01:25:10.700926+05:30
9075,J1_KOLLUPITIYA,2026-05-05 01:25:04.953124+05:30,103,3.34,SPEED_BELOW_10,2026-05-05 01:25:10.693502+05:30
9074,J4_BORELLA,2026-05-05 01:25:01.911635+05:30,136,7.00,SPEED_BELOW_10,2026-05-05 01:25:10.693502+05:30
9077,J3_TOWN_HALL,2026-05-05 01:25:01.889775+05:30,134,8.68,SPEED_BELOW_10,2026-05-05 01:25:10.699225+05:30
9073,J3_TOWN_HALL,2026-05-05 01:24:54.839672+05:30,105,6.50,SPEED_BELOW_10,2026-05-05 01:25:00.905017+05:30
9070,J2_BAMBALAPITIYA,2026-05-05 01:24:54.836909+05:30,132,5.34,SPEED_BELOW_10,2026-05-05 01:25:00.886333+05:30
9071,J4_BORELLA,2026-05-05 01:24:50.812074+05:30,111,4.70,SPEED_BELOW_10,2026-05-05 01:25:00.886461+05:30
9072,J3_TOWN_HALL,2026-05-05 01:24:50.806662+05:30,106,2.16,SPEED_BELOW_10,2026-05-05 01:25:00.905017+05:30
9067,J3_TOWN_HALL,2026-05-05 01:24:44.762090+05:30,116,8.27,SPEED_BELOW_10,2026-05-05 01:24:50.785456+05:30
9066,J3_TOWN_HALL,2026-05-05 01:24:44.758122+05:30,122,6.32,SPEED_BELOW_10,2026-05-05 01:24:50.785456+05:30
9063,J1_KOLLUPITIYA,2026-05-05 01:24:44.758064+05:30,142,8.30,SPEED_BELOW_10,2026-05-05 01:24:50.780952+05:30
9069,J2_BAMBALAPITIYA,2026-05-05 01:24:44.753404+05:30,128,5.70,SPEED_BELOW_10,2026-05-05 01:24:50.785620+05:30
9062,J1_KOLLUPITIYA,2026-05-05 01:24:43.751522+05:30,109,4.14,SPEED_BELOW_10,2026-05-05 01:24:50.780952+05:30
9068,J2_BAMBALAPITIYA,2026-05-05 01:24:40.723082+05:30,143,8.09,SPEED_BELOW_10,2026-05-05 01:24:50.785620+05:30
9064,J3_TOWN_HALL,2026-05-05 01:24:40.721514+05:30,117,8.69,SPEED_BELOW_10,2026-05-05 01:24:50.785456+05:30
9065,J2_BAMBALAPITIYA,2026-05-05 01:24:40.719868+05:30,94,3.67,SPEED_BELOW_10,2026-05-05 01:24:50.785620+05:30
9061,J4_BORELLA,2026-05-05 01:24:36.688679+05:30,92,6.40,SPEED_BELOW_10,2026-05-05 01:24:40.653214+05:30
9057,J3_TOWN_HALL,2026-05-05 01:24:29.646648+05:30,104,5.18,SPEED_BELOW_10,2026-05-05 01:24:30.672806+05:30
9058,J2_BAMBALAPITIYA,2026-05-05 01:24:27.629538+05:30,136,2.69,SPEED_BELOW_10,2026-05-05 01:24:30.675526+05:30
9056,J3_TOWN_HALL,2026-05-05 01:24:27.625473+05:30,94,6.44,SPEED_BELOW_10,2026-05-05 01:24:30.672806+05:30
9060,J1_KOLLUPITIYA,2026-05-05 01:24:25.618250+05:30,147,6.21,SPEED_BELOW_10,2026-05-05 01:24:30.676982+05:30
9055,J3_TOWN_HALL,2026-05-05 01:24:24.613930+05:30,116,2.12,SPEED_BELOW_10,2026-05-05 01:24:30.672806+05:30
9054,J3_TOWN_HALL,2026-05-05 01:24:22.591090+05:30,150,5.51,SPEED_BELOW_10,2026-05-05 01:24:30.672806+05:30
9059,J4_BORELLA,2026-05-05 01:24:21.593467+05:30,117,2.55,SPEED_BELOW_10,2026-05-05 01:24:30.676982+05:30
9048,J2_BAMBALAPITIYA,2026-05-05 01:24:19.553196+05:30,112,2.83,SPEED_BELOW_10,2026-05-05 01:24:20.604089+05:30
9053,J1_KOLLUPITIYA,2026-05-05 01:24:17.538638+05:30,138,6.23,SPEED_BELOW_10,2026-05-05 01:24:20.609370+05:30
9052,J1_KOLLUPITIYA,2026-05-05 01:24:15.525114+05:30,91,7.34,SPEED_BELOW_10,2026-05-05 01:24:20.609370+05:30
9051,J4_BORELLA,2026-05-05 01:24:14.511724+05:30,144,8.38,SPEED_BELOW_10,2026-05-05 01:24:20.609370+05:30
9050,J4_BORELLA,2026-05-05 01:24:13.515050+05:30,115,3.99,SPEED_BELOW_10,2026-05-05 01:24:20.609370+05:30
9049,J1_KOLLUPITIYA,2026-05-05 01:24:11.496306+05:30,119,6.88,SPEED_BELOW_10,2026-05-05 01:24:20.609370+05:30
9043,J2_BAMBALAPITIYA,2026-05-05 01:24:03.430241+05:30,108,8.04,SPEED_BELOW_10,2026-05-05 01:24:10.541142+05:30
9047,J1_KOLLUPITIYA,2026-05-05 01:24:03.429131+05:30,99,6.52,SPEED_BELOW_10,2026-05-05 01:24:10.550849+05:30
9044,J3_TOWN_HALL,2026-05-05 01:24:01.425224+05:30,133,4.79,SPEED_BELOW_10,2026-05-05 01:24:10.550424+05:30
9046,J4_BORELLA,2026-05-05 01:24:00.405843+05:30,102,5.42,SPEED_BELOW_10,2026-05-05 01:24:10.550849+05:30
9045,J1_KOLLUPITIYA,2026-05-05 01:24:00.399087+05:30,90,3.09,SPEED_BELOW_10,2026-05-05 01:24:10.550849+05:30
9042,J4_BORELLA,2026-05-05 01:23:58.383424+05:30,104,5.63,SPEED_BELOW_10,2026-05-05 01:24:00.452341+05:30
9041,J4_BORELLA,2026-05-05 01:23:57.379211+05:30,127,5.55,SPEED_BELOW_10,2026-05-05 01:24:00.452341+05:30
9040,J1_KOLLUPITIYA,2026-05-05 01:23:56.388920+05:30,104,9.68,SPEED_BELOW_10,2026-05-05 01:24:00.452341+05:30
9038,J2_BAMBALAPITIYA,2026-05-05 01:23:54.380034+05:30,140,5.43,SPEED_BELOW_10,2026-05-05 01:24:00.452445+05:30
9037,J3_TOWN_HALL,2026-05-05 01:23:54.350497+05:30,131,7.43,SPEED_BELOW_10,2026-05-05 01:24:00.445600+05:30
9039,J4_BORELLA,2026-05-05 01:23:53.376352+05:30,108,5.27,SPEED_BELOW_10,2026-05-05 01:24:00.452341+05:30
9034,J2_BAMBALAPITIYA,2026-05-05 01:23:46.280053+05:30,126,6.41,SPEED_BELOW_10,2026-05-05 01:23:50.368154+05:30
9036,J1_KOLLUPITIYA,2026-05-05 01:23:44.264429+05:30,100,7.15,SPEED_BELOW_10,2026-05-05 01:23:50.368307+05:30
9035,J4_BORELLA,2026-05-05 01:23:41.249965+05:30,140,2.12,SPEED_BELOW_10,2026-05-05 01:23:50.368307+05:30
9033,J2_BAMBALAPITIYA,2026-05-05 01:23:39.226073+05:30,137,7.63,SPEED_BELOW_10,2026-05-05 01:23:40.295379+05:30
9029,J4_BORELLA,2026-05-05 01:23:35.196590+05:30,141,8.77,SPEED_BELOW_10,2026-05-05 01:23:40.276756+05:30
9028,J4_BORELLA,2026-05-05 01:23:34.184474+05:30,122,2.39,SPEED_BELOW_10,2026-05-05 01:23:40.276756+05:30
9026,J3_TOWN_HALL,2026-05-05 01:23:34.180713+05:30,132,9.31,SPEED_BELOW_10,2026-05-05 01:23:40.241326+05:30
9027,J1_KOLLUPITIYA,2026-05-05 01:23:34.177698+05:30,134,5.56,SPEED_BELOW_10,2026-05-05 01:23:40.276756+05:30
9032,J2_BAMBALAPITIYA,2026-05-05 01:23:33.177184+05:30,127,5.26,SPEED_BELOW_10,2026-05-05 01:23:40.295379+05:30
9025,J3_TOWN_HALL,2026-05-05 01:23:33.172262+05:30,118,2.40,SPEED_BELOW_10,2026-05-05 01:23:40.241326+05:30
9031,J2_BAMBALAPITIYA,2026-05-05 01:23:33.168783+05:30,133,7.75,SPEED_BELOW_10,2026-05-05 01:23:40.295379+05:30
9030,J2_BAMBALAPITIYA,2026-05-05 01:23:32.165897+05:30,106,4.20,SPEED_BELOW_10,2026-05-05 01:23:40.295379+05:30
9024,J3_TOWN_HALL,2026-05-05 01:23:32.158001+05:30,113,8.45,SPEED_BELOW_10,2026-05-05 01:23:40.241326+05:30
9023,J3_TOWN_HALL,2026-05-05 01:23:30.149760+05:30,136,8.20,SPEED_BELOW_10,2026-05-05 01:23:40.241326+05:30
9019,J4_BORELLA,2026-05-05 01:23:29.143310+05:30,101,8.60,SPEED_BELOW_10,2026-05-05 01:23:30.194467+05:30
9018,J1_KOLLUPITIYA,2026-05-05 01:23:25.103997+05:30,113,6.88,SPEED_BELOW_10,2026-05-05 01:23:30.194467+05:30
9021,J3_TOWN_HALL,2026-05-05 01:23:22.077833+05:30,131,5.84,SPEED_BELOW_10,2026-05-05 01:23:30.196162+05:30
9020,J3_TOWN_HALL,2026-05-05 01:23:21.069801+05:30,132,7.03,SPEED_BELOW_10,2026-05-05 01:23:30.196162+05:30
9022,J2_BAMBALAPITIYA,2026-05-05 01:23:20.057879+05:30,96,6.40,SPEED_BELOW_10,2026-05-05 01:23:30.671259+05:30
9017,J3_TOWN_HALL,2026-05-05 01:23:17.033250+05:30,109,2.75,SPEED_BELOW_10,2026-05-05 01:23:20.709943+05:30
9016,J2_BAMBALAPITIYA,2026-05-05 01:23:13.004727+05:30,108,2.12,SPEED_BELOW_10,2026-05-05 01:23:20.706217+05:30
9015,J4_BORELLA,2026-05-05 01:23:08.974247+05:30,128,3.11,SPEED_BELOW_10,2026-05-05 01:23:10.692001+05:30
9014,J4_BORELLA,2026-05-05 01:23:08.970809+05:30,134,4.09,SPEED_BELOW_10,2026-05-05 01:23:10.692001+05:30
9013,J1_KOLLUPITIYA,2026-05-05 01:23:04.930772+05:30,120,9.26,SPEED_BELOW_10,2026-05-05 01:23:10.692001+05:30
9012,J3_TOWN_HALL,2026-05-05 01:22:56.866176+05:30,95,9.88,SPEED_BELOW_10,2026-05-05 01:23:00.697450+05:30
9011,J3_TOWN_HALL,2026-05-05 01:22:54.861592+05:30,108,7.57,SPEED_BELOW_10,2026-05-05 01:23:00.697450+05:30
9010,J3_TOWN_HALL,2026-05-05 01:22:54.849183+05:30,127,6.66,SPEED_BELOW_10,2026-05-05 01:23:00.697450+05:30
9008,J1_KOLLUPITIYA,2026-05-05 01:22:53.852779+05:30,130,3.65,SPEED_BELOW_10,2026-05-05 01:23:00.688235+05:30
9009,J3_TOWN_HALL,2026-05-05 01:22:53.849894+05:30,115,3.52,SPEED_BELOW_10,2026-05-05 01:23:00.697450+05:30
9007,J4_BORELLA,2026-05-05 01:22:52.835655+05:30,96,6.95,SPEED_BELOW_10,2026-05-05 01:23:00.688235+05:30
9006,J1_KOLLUPITIYA,2026-05-05 01:22:51.836144+05:30,112,9.20,SPEED_BELOW_10,2026-05-05 01:23:00.688235+05:30
9005,J1_KOLLUPITIYA,2026-05-05 01:22:49.813068+05:30,103,8.37,SPEED_BELOW_10,2026-05-05 01:22:50.656572+05:30
9004,J1_KOLLUPITIYA,2026-05-05 01:22:42.751183+05:30,140,7.06,SPEED_BELOW_10,2026-05-05 01:22:50.656572+05:30
9003,J1_KOLLUPITIYA,2026-05-05 01:22:41.744743+05:30,96,4.33,SPEED_BELOW_10,2026-05-05 01:22:50.656572+05:30
9000,J2_BAMBALAPITIYA,2026-05-05 01:22:39.749307+05:30,140,3.33,SPEED_BELOW_10,2026-05-05 01:22:40.672692+05:30
8999,J3_TOWN_HALL,2026-05-05 01:22:39.729210+05:30,127,6.44,SPEED_BELOW_10,2026-05-05 01:22:40.668571+05:30
9002,J1_KOLLUPITIYA,2026-05-05 01:22:35.696728+05:30,90,4.66,SPEED_BELOW_10,2026-05-05 01:22:40.672919+05:30
9001,J1_KOLLUPITIYA,2026-05-05 01:22:33.683921+05:30,102,7.42,SPEED_BELOW_10,2026-05-05 01:22:40.672919+05:30
8997,J4_BORELLA,2026-05-05 01:22:28.644194+05:30,96,3.27,SPEED_BELOW_10,2026-05-05 01:22:30.675322+05:30
8998,J2_BAMBALAPITIYA,2026-05-05 01:22:22.611225+05:30,130,4.21,SPEED_BELOW_10,2026-05-05 01:22:30.677010+05:30
8996,J4_BORELLA,2026-05-05 01:22:15.566080+05:30,99,8.85,SPEED_BELOW_10,2026-05-05 01:22:20.647516+05:30
8995,J4_BORELLA,2026-05-05 01:22:14.560372+05:30,138,6.40,SPEED_BELOW_10,2026-05-05 01:22:20.647516+05:30
8993,J2_BAMBALAPITIYA,2026-05-05 01:22:14.539594+05:30,148,9.83,SPEED_BELOW_10,2026-05-05 01:22:20.647544+05:30
8991,J2_BAMBALAPITIYA,2026-05-05 01:22:13.554330+05:30,118,4.12,SPEED_BELOW_10,2026-05-05 01:22:20.647544+05:30
8994,J1_KOLLUPITIYA,2026-05-05 01:22:12.546469+05:30,147,7.12,SPEED_BELOW_10,2026-05-05 01:22:20.647516+05:30
8992,J1_KOLLUPITIYA,2026-05-05 01:22:11.519583+05:30,109,7.22,SPEED_BELOW_10,2026-05-05 01:22:20.647516+05:30
8988,J1_KOLLUPITIYA,2026-05-05 01:22:07.515949+05:30,141,3.18,SPEED_BELOW_10,2026-05-05 01:22:10.558328+05:30
8990,J3_TOWN_HALL,2026-05-05 01:22:06.505180+05:30,96,9.02,SPEED_BELOW_10,2026-05-05 01:22:10.564993+05:30
8987,J4_BORELLA,2026-05-05 01:22:05.476770+05:30,120,2.68,SPEED_BELOW_10,2026-05-05 01:22:10.558328+05:30
8989,J2_BAMBALAPITIYA,2026-05-05 01:22:04.496645+05:30,142,6.18,SPEED_BELOW_10,2026-05-05 01:22:10.560345+05:30
8986,J4_BORELLA,2026-05-05 01:22:02.487518+05:30,147,6.28,SPEED_BELOW_10,2026-05-05 01:22:10.558328+05:30
8985,J4_BORELLA,2026-05-05 01:22:00.475152+05:30,98,8.45,SPEED_BELOW_10,2026-05-05 01:22:10.558328+05:30
8984,J4_BORELLA,2026-05-05 01:22:00.435166+05:30,93,5.88,SPEED_BELOW_10,2026-05-05 01:22:10.558328+05:30
8977,J3_TOWN_HALL,2026-05-05 01:21:59.464747+05:30,147,6.06,SPEED_BELOW_10,2026-05-05 01:22:00.481145+05:30
8975,J2_BAMBALAPITIYA,2026-05-05 01:21:58.460344+05:30,97,8.80,SPEED_BELOW_10,2026-05-05 01:22:00.474654+05:30
8983,J1_KOLLUPITIYA,2026-05-05 01:21:58.457980+05:30,141,9.12,SPEED_BELOW_10,2026-05-05 01:22:00.481733+05:30
8974,J2_BAMBALAPITIYA,2026-05-05 01:21:55.441581+05:30,119,3.54,SPEED_BELOW_10,2026-05-05 01:22:00.474654+05:30
8982,J1_KOLLUPITIYA,2026-05-05 01:21:54.432535+05:30,123,4.64,SPEED_BELOW_10,2026-05-05 01:22:00.481733+05:30
8976,J3_TOWN_HALL,2026-05-05 01:21:52.430280+05:30,128,7.01,SPEED_BELOW_10,2026-05-05 01:22:00.481145+05:30
8981,J1_KOLLUPITIYA,2026-05-05 01:21:52.419667+05:30,104,4.83,SPEED_BELOW_10,2026-05-05 01:22:00.481733+05:30
8980,J4_BORELLA,2026-05-05 01:21:51.419682+05:30,124,3.43,SPEED_BELOW_10,2026-05-05 01:22:00.481733+05:30
8979,J1_KOLLUPITIYA,2026-05-05 01:21:51.411454+05:30,135,4.90,SPEED_BELOW_10,2026-05-05 01:22:00.481733+05:30
8973,J2_BAMBALAPITIYA,2026-05-05 01:21:51.370455+05:30,90,8.14,SPEED_BELOW_10,2026-05-05 01:22:00.474654+05:30
8978,J1_KOLLUPITIYA,2026-05-05 01:21:50.403974+05:30,127,4.21,SPEED_BELOW_10,2026-05-05 01:22:00.481733+05:30
8971,J3_TOWN_HALL,2026-05-05 01:21:47.388071+05:30,91,5.05,SPEED_BELOW_10,2026-05-05 01:21:50.422038+05:30
8972,J4_BORELLA,2026-05-05 01:21:46.381783+05:30,121,2.30,SPEED_BELOW_10,2026-05-05 01:21:50.425153+05:30
8970,J3_TOWN_HALL,2026-05-05 01:21:45.331729+05:30,149,8.95,SPEED_BELOW_10,2026-05-05 01:21:50.422038+05:30
8969,J3_TOWN_HALL,2026-05-05 01:21:44.320502+05:30,119,8.69,SPEED_BELOW_10,2026-05-05 01:21:50.422038+05:30
8968,J3_TOWN_HALL,2026-05-05 01:21:40.342521+05:30,95,5.31,SPEED_BELOW_10,2026-05-05 01:21:50.422038+05:30
8967,J1_KOLLUPITIYA,2026-05-05 01:21:38.275715+05:30,100,4.52,SPEED_BELOW_10,2026-05-05 01:21:40.337568+05:30
8966,J1_KOLLUPITIYA,2026-05-05 01:21:34.315078+05:30,148,6.00,SPEED_BELOW_10,2026-05-05 01:21:40.337568+05:30
8965,J2_BAMBALAPITIYA,2026-05-05 01:21:33.237365+05:30,112,6.92,SPEED_BELOW_10,2026-05-05 01:21:40.334061+05:30
8963,J4_BORELLA,2026-05-05 01:21:27.215094+05:30,137,7.72,SPEED_BELOW_10,2026-05-05 01:21:30.255803+05:30
8964,J2_BAMBALAPITIYA,2026-05-05 01:21:22.187485+05:30,117,4.06,SPEED_BELOW_10,2026-05-05 01:21:30.256074+05:30
8957,J3_TOWN_HALL,2026-05-05 01:21:17.151538+05:30,107,4.69,SPEED_BELOW_10,2026-05-05 01:21:20.204997+05:30
8956,J3_TOWN_HALL,2026-05-05 01:21:16.143722+05:30,93,9.00,SPEED_BELOW_10,2026-05-05 01:21:20.204997+05:30
8962,J1_KOLLUPITIYA,2026-05-05 01:21:14.130056+05:30,142,7.76,SPEED_BELOW_10,2026-05-05 01:21:20.206016+05:30
8961,J4_BORELLA,2026-05-05 01:21:14.108700+05:30,118,3.24,SPEED_BELOW_10,2026-05-05 01:21:20.206016+05:30
8958,J2_BAMBALAPITIYA,2026-05-05 01:21:13.124716+05:30,124,6.44,SPEED_BELOW_10,2026-05-05 01:21:20.206063+05:30
8960,J1_KOLLUPITIYA,2026-05-05 01:21:13.121864+05:30,129,6.75,SPEED_BELOW_10,2026-05-05 01:21:20.206016+05:30
8959,J1_KOLLUPITIYA,2026-05-05 01:21:11.098263+05:30,121,6.58,SPEED_BELOW_10,2026-05-05 01:21:20.206016+05:30
8955,J1_KOLLUPITIYA,2026-05-05 01:21:09.082517+05:30,102,3.89,SPEED_BELOW_10,2026-05-05 01:21:10.684950+05:30
8950,J3_TOWN_HALL,2026-05-05 01:21:08.075617+05:30,109,8.93,SPEED_BELOW_10,2026-05-05 01:21:10.683657+05:30
8954,J1_KOLLUPITIYA,2026-05-05 01:21:06.070619+05:30,98,8.83,SPEED_BELOW_10,2026-05-05 01:21:10.684950+05:30
8953,J4_BORELLA,2026-05-05 01:21:06.055913+05:30,121,3.41,SPEED_BELOW_10,2026-05-05 01:21:10.684950+05:30
8952,J4_BORELLA,2026-05-05 01:21:05.048718+05:30,123,9.68,SPEED_BELOW_10,2026-05-05 01:21:10.684950+05:30
8951,J2_BAMBALAPITIYA,2026-05-05 01:21:04.054060+05:30,92,4.02,SPEED_BELOW_10,2026-05-05 01:21:10.685079+05:30
8949,J3_TOWN_HALL,2026-05-05 01:21:03.048863+05:30,127,8.28,SPEED_BELOW_10,2026-05-05 01:21:10.683657+05:30
8948,J3_TOWN_HALL,2026-05-05 01:21:01.034751+05:30,144,6.84,SPEED_BELOW_10,2026-05-05 01:21:10.683657+05:30
8947,J2_BAMBALAPITIYA,2026-05-05 01:20:57.005984+05:30,143,3.54,SPEED_BELOW_10,2026-05-05 01:21:00.709291+05:30
8943,J1_KOLLUPITIYA,2026-05-05 01:20:55.997581+05:30,111,4.64,SPEED_BELOW_10,2026-05-05 01:21:00.707819+05:30
8942,J4_BORELLA,2026-05-05 01:20:54.995052+05:30,116,7.81,SPEED_BELOW_10,2026-05-05 01:21:00.707819+05:30
8946,J2_BAMBALAPITIYA,2026-05-05 01:20:54.991859+05:30,115,3.97,SPEED_BELOW_10,2026-05-05 01:21:00.709291+05:30
8945,J2_BAMBALAPITIYA,2026-05-05 01:20:51.976097+05:30,114,9.65,SPEED_BELOW_10,2026-05-05 01:21:00.709291+05:30
8944,J2_BAMBALAPITIYA,2026-05-05 01:20:50.970750+05:30,134,9.86,SPEED_BELOW_10,2026-05-05 01:21:00.709291+05:30
8941,J4_BORELLA,2026-05-05 01:20:50.970466+05:30,91,7.83,SPEED_BELOW_10,2026-05-05 01:21:00.707819+05:30
8940,J4_BORELLA,2026-05-05 01:20:49.975195+05:30,132,4.31,SPEED_BELOW_10,2026-05-05 01:20:50.689225+05:30
8939,J1_KOLLUPITIYA,2026-05-05 01:20:49.964368+05:30,127,7.64,SPEED_BELOW_10,2026-05-05 01:20:50.689225+05:30
8935,J2_BAMBALAPITIYA,2026-05-05 01:20:49.962194+05:30,131,5.86,SPEED_BELOW_10,2026-05-05 01:20:50.688904+05:30
8938,J4_BORELLA,2026-05-05 01:20:48.960113+05:30,108,5.44,SPEED_BELOW_10,2026-05-05 01:20:50.689225+05:30
8934,J3_TOWN_HALL,2026-05-05 01:20:45.943252+05:30,126,8.00,SPEED_BELOW_10,2026-05-05 01:20:50.687290+05:30
8937,J4_BORELLA,2026-05-05 01:20:43.941329+05:30,103,4.17,SPEED_BELOW_10,2026-05-05 01:20:50.689225+05:30
8936,J1_KOLLUPITIYA,2026-05-05 01:20:40.913410+05:30,117,4.01,SPEED_BELOW_10,2026-05-05 01:20:50.689225+05:30
8930,J2_BAMBALAPITIYA,2026-05-05 01:20:38.905746+05:30,111,8.59,SPEED_BELOW_10,2026-05-05 01:20:40.696508+05:30
8933,J1_KOLLUPITIYA,2026-05-05 01:20:34.895002+05:30,113,8.18,SPEED_BELOW_10,2026-05-05 01:20:40.701006+05:30
8931,J3_TOWN_HALL,2026-05-05 01:20:34.885381+05:30,104,2.95,SPEED_BELOW_10,2026-05-05 01:20:40.696098+05:30
8932,J4_BORELLA,2026-05-05 01:20:33.885142+05:30,106,7.98,SPEED_BELOW_10,2026-05-05 01:20:40.701006+05:30
8929,J3_TOWN_HALL,2026-05-05 01:20:30.876344+05:30,123,5.33,SPEED_BELOW_10,2026-05-05 01:20:40.696098+05:30
8928,J2_BAMBALAPITIYA,2026-05-05 01:20:30.862505+05:30,145,8.93,SPEED_BELOW_10,2026-05-05 01:20:40.696508+05:30
8920,J3_TOWN_HALL,2026-05-05 01:20:29.869626+05:30,126,8.69,SPEED_BELOW_10,2026-05-05 01:20:30.678968+05:30
8927,J4_BORELLA,2026-05-05 01:20:28.865089+05:30,144,3.58,SPEED_BELOW_10,2026-05-05 01:20:30.698615+05:30
8926,J4_BORELLA,2026-05-05 01:20:26.854343+05:30,144,9.41,SPEED_BELOW_10,2026-05-05 01:20:30.698615+05:30
8923,J2_BAMBALAPITIYA,2026-05-05 01:20:24.834529+05:30,131,6.22,SPEED_BELOW_10,2026-05-05 01:20:30.679027+05:30
8922,J2_BAMBALAPITIYA,2026-05-05 01:20:24.833194+05:30,109,5.59,SPEED_BELOW_10,2026-05-05 01:20:30.679027+05:30
8921,J2_BAMBALAPITIYA,2026-05-05 01:20:23.837538+05:30,118,2.37,SPEED_BELOW_10,2026-05-05 01:20:30.679027+05:30
8925,J4_BORELLA,2026-05-05 01:20:21.814379+05:30,128,5.98,SPEED_BELOW_10,2026-05-05 01:20:30.698615+05:30
8924,J1_KOLLUPITIYA,2026-05-05 01:20:20.779787+05:30,113,7.62,SPEED_BELOW_10,2026-05-05 01:20:30.698615+05:30
8914,J2_BAMBALAPITIYA,2026-05-05 01:20:17.767554+05:30,124,9.58,SPEED_BELOW_10,2026-05-05 01:20:20.855756+05:30
8919,J1_KOLLUPITIYA,2026-05-05 01:20:17.760249+05:30,121,2.68,SPEED_BELOW_10,2026-05-05 01:20:20.875397+05:30
8918,J1_KOLLUPITIYA,2026-05-05 01:20:14.749275+05:30,98,9.15,SPEED_BELOW_10,2026-05-05 01:20:20.875397+05:30
8917,J4_BORELLA,2026-05-05 01:20:14.744255+05:30,90,5.94,SPEED_BELOW_10,2026-05-05 01:20:20.875397+05:30
8916,J4_BORELLA,2026-05-05 01:20:13.747503+05:30,140,4.50,SPEED_BELOW_10,2026-05-05 01:20:20.875397+05:30
8913,J2_BAMBALAPITIYA,2026-05-05 01:20:13.745250+05:30,125,9.77,SPEED_BELOW_10,2026-05-05 01:20:20.855756+05:30
8915,J4_BORELLA,2026-05-05 01:20:12.744461+05:30,131,4.76,SPEED_BELOW_10,2026-05-05 01:20:20.875397+05:30
8912,J4_BORELLA,2026-05-05 01:20:09.717807+05:30,109,6.95,SPEED_BELOW_10,2026-05-05 01:20:10.673035+05:30
8907,J2_BAMBALAPITIYA,2026-05-05 01:20:07.695035+05:30,111,5.27,SPEED_BELOW_10,2026-05-05 01:20:10.672453+05:30
8911,J3_TOWN_HALL,2026-05-05 01:20:06.685301+05:30,126,4.94,SPEED_BELOW_10,2026-05-05 01:20:10.672558+05:30
8910,J4_BORELLA,2026-05-05 01:20:05.678085+05:30,113,2.18,SPEED_BELOW_10,2026-05-05 01:20:10.673035+05:30
8909,J3_TOWN_HALL,2026-05-05 01:20:04.672769+05:30,111,7.20,SPEED_BELOW_10,2026-05-05 01:20:10.672558+05:30
8908,J3_TOWN_HALL,2026-05-05 01:20:03.662024+05:30,103,6.52,SPEED_BELOW_10,2026-05-05 01:20:10.672558+05:30
8903,J1_KOLLUPITIYA,2026-05-05 01:19:59.639227+05:30,126,3.38,SPEED_BELOW_10,2026-05-05 01:20:00.675496+05:30
8906,J3_TOWN_HALL,2026-05-05 01:19:59.630426+05:30,108,4.36,SPEED_BELOW_10,2026-05-05 01:20:00.679186+05:30
8902,J4_BORELLA,2026-05-05 01:19:57.626269+05:30,134,3.50,SPEED_BELOW_10,2026-05-05 01:20:00.675496+05:30
8898,J2_BAMBALAPITIYA,2026-05-05 01:19:57.625326+05:30,149,7.42,SPEED_BELOW_10,2026-05-05 01:20:00.675712+05:30
8901,J1_KOLLUPITIYA,2026-05-05 01:19:57.623253+05:30,121,3.94,SPEED_BELOW_10,2026-05-05 01:20:00.675496+05:30
8905,J3_TOWN_HALL,2026-05-05 01:19:56.618447+05:30,104,7.80,SPEED_BELOW_10,2026-05-05 01:20:00.679186+05:30
8900,J4_BORELLA,2026-05-05 01:19:56.609853+05:30,145,7.11,SPEED_BELOW_10,2026-05-05 01:20:00.675496+05:30
8896,J2_BAMBALAPITIYA,2026-05-05 01:19:53.601934+05:30,128,4.66,SPEED_BELOW_10,2026-05-05 01:20:00.675712+05:30
8904,J3_TOWN_HALL,2026-05-05 01:19:53.601585+05:30,125,5.93,SPEED_BELOW_10,2026-05-05 01:20:00.679186+05:30
8899,J1_KOLLUPITIYA,2026-05-05 01:19:52.592190+05:30,116,5.72,SPEED_BELOW_10,2026-05-05 01:20:00.675496+05:30
8897,J4_BORELLA,2026-05-05 01:19:51.593220+05:30,112,7.70,SPEED_BELOW_10,2026-05-05 01:20:00.675496+05:30
8893,J4_BORELLA,2026-05-05 01:19:49.560695+05:30,104,9.32,SPEED_BELOW_10,2026-05-05 01:19:50.626754+05:30
8892,J1_KOLLUPITIYA,2026-05-05 01:19:46.562967+05:30,94,2.98,SPEED_BELOW_10,2026-05-05 01:19:50.626754+05:30
8891,J1_KOLLUPITIYA,2026-05-05 01:19:45.532567+05:30,108,5.54,SPEED_BELOW_10,2026-05-05 01:19:50.626754+05:30
8894,J2_BAMBALAPITIYA,2026-05-05 01:19:41.532809+05:30,127,6.23,SPEED_BELOW_10,2026-05-05 01:19:50.634310+05:30
8895,J3_TOWN_HALL,2026-05-05 01:19:41.517022+05:30,133,7.66,SPEED_BELOW_10,2026-05-05 01:19:50.636801+05:30
8890,J2_BAMBALAPITIYA,2026-05-05 01:19:31.478349+05:30,144,5.71,SPEED_BELOW_10,2026-05-05 01:19:40.557326+05:30
8889,J4_BORELLA,2026-05-05 01:19:30.437842+05:30,102,3.94,SPEED_BELOW_10,2026-05-05 01:19:40.555709+05:30
8888,J3_TOWN_HALL,2026-05-05 01:19:25.400991+05:30,150,5.46,SPEED_BELOW_10,2026-05-05 01:19:30.486057+05:30
8887,J1_KOLLUPITIYA,2026-05-05 01:19:24.385968+05:30,114,3.81,SPEED_BELOW_10,2026-05-05 01:19:30.485338+05:30
8882,J4_BORELLA,2026-05-05 01:19:19.411266+05:30,104,4.80,SPEED_BELOW_10,2026-05-05 01:19:20.426058+05:30
8885,J3_TOWN_HALL,2026-05-05 01:19:18.346265+05:30,130,2.90,SPEED_BELOW_10,2026-05-05 01:19:20.427681+05:30
8881,J4_BORELLA,2026-05-05 01:19:17.341593+05:30,115,6.53,SPEED_BELOW_10,2026-05-05 01:19:20.426058+05:30
8884,J3_TOWN_HALL,2026-05-05 01:19:16.331833+05:30,127,5.05,SPEED_BELOW_10,2026-05-05 01:19:20.427681+05:30
8880,J1_KOLLUPITIYA,2026-05-05 01:19:15.319825+05:30,108,9.76,SPEED_BELOW_10,2026-05-05 01:19:20.426058+05:30
8886,J2_BAMBALAPITIYA,2026-05-05 01:19:13.302701+05:30,98,2.21,SPEED_BELOW_10,2026-05-05 01:19:20.431263+05:30
8883,J3_TOWN_HALL,2026-05-05 01:19:11.292273+05:30,99,5.50,SPEED_BELOW_10,2026-05-05 01:19:20.427681+05:30
8879,J4_BORELLA,2026-05-05 01:19:10.355250+05:30,107,3.06,SPEED_BELOW_10,2026-05-05 01:19:20.426058+05:30
8878,J4_BORELLA,2026-05-05 01:19:10.283063+05:30,137,4.61,SPEED_BELOW_10,2026-05-05 01:19:20.426058+05:30
8877,J4_BORELLA,2026-05-05 01:19:07.265780+05:30,133,5.83,SPEED_BELOW_10,2026-05-05 01:19:10.379210+05:30
8876,J1_KOLLUPITIYA,2026-05-05 01:19:06.327939+05:30,110,2.23,SPEED_BELOW_10,2026-05-05 01:19:10.379210+05:30
8875,J3_TOWN_HALL,2026-05-05 01:19:00.290630+05:30,91,9.83,SPEED_BELOW_10,2026-05-05 01:19:10.373729+05:30
8873,J4_BORELLA,2026-05-05 01:18:56.269435+05:30,128,4.56,SPEED_BELOW_10,2026-05-05 01:19:00.272344+05:30
8870,J2_BAMBALAPITIYA,2026-05-05 01:18:54.164171+05:30,123,8.61,SPEED_BELOW_10,2026-05-05 01:19:00.270402+05:30
8874,J3_TOWN_HALL,2026-05-05 01:18:54.157642+05:30,111,5.58,SPEED_BELOW_10,2026-05-05 01:19:00.274601+05:30
8872,J4_BORELLA,2026-05-05 01:18:52.146252+05:30,136,4.95,SPEED_BELOW_10,2026-05-05 01:19:00.272344+05:30
8871,J1_KOLLUPITIYA,2026-05-05 01:18:51.147219+05:30,140,7.53,SPEED_BELOW_10,2026-05-05 01:19:00.272344+05:30
8866,J4_BORELLA,2026-05-05 01:18:49.210148+05:30,136,2.30,SPEED_BELOW_10,2026-05-05 01:18:50.179350+05:30
8865,J4_BORELLA,2026-05-05 01:18:49.126475+05:30,104,8.08,SPEED_BELOW_10,2026-05-05 01:18:50.179350+05:30
8864,J4_BORELLA,2026-05-05 01:18:47.196452+05:30,144,7.05,SPEED_BELOW_10,2026-05-05 01:18:50.179350+05:30
8869,J3_TOWN_HALL,2026-05-05 01:18:47.194959+05:30,132,5.65,SPEED_BELOW_10,2026-05-05 01:18:50.183764+05:30
8863,J1_KOLLUPITIYA,2026-05-05 01:18:46.185792+05:30,99,3.21,SPEED_BELOW_10,2026-05-05 01:18:50.179350+05:30
8862,J2_BAMBALAPITIYA,2026-05-05 01:18:45.098680+05:30,125,4.02,SPEED_BELOW_10,2026-05-05 01:18:50.176442+05:30
8868,J3_TOWN_HALL,2026-05-05 01:18:44.089453+05:30,112,5.01,SPEED_BELOW_10,2026-05-05 01:18:50.183764+05:30
8867,J3_TOWN_HALL,2026-05-05 01:18:41.066331+05:30,102,6.61,SPEED_BELOW_10,2026-05-05 01:18:50.183764+05:30
8861,J2_BAMBALAPITIYA,2026-05-05 01:18:39.075545+05:30,142,3.43,SPEED_BELOW_10,2026-05-05 01:18:40.184517+05:30
8860,J2_BAMBALAPITIYA,2026-05-05 01:18:32.107498+05:30,91,4.43,SPEED_BELOW_10,2026-05-05 01:18:40.184517+05:30
8859,J1_KOLLUPITIYA,2026-05-05 01:18:32.105254+05:30,150,2.03,SPEED_BELOW_10,2026-05-05 01:18:40.184536+05:30
8858,J2_BAMBALAPITIYA,2026-05-05 01:18:28.079412+05:30,139,9.71,SPEED_BELOW_10,2026-05-05 01:18:30.657212+05:30
8857,J1_KOLLUPITIYA,2026-05-05 01:18:27.968611+05:30,143,2.50,SPEED_BELOW_10,2026-05-05 01:18:30.656495+05:30
8856,J4_BORELLA,2026-05-05 01:18:22.939544+05:30,114,4.19,SPEED_BELOW_10,2026-05-05 01:18:30.656495+05:30
8855,J4_BORELLA,2026-05-05 01:18:21.936220+05:30,97,9.74,SPEED_BELOW_10,2026-05-05 01:18:30.656495+05:30
8854,J4_BORELLA,2026-05-05 01:18:21.039313+05:30,108,5.22,SPEED_BELOW_10,2026-05-05 01:18:30.656495+05:30
8853,J2_BAMBALAPITIYA,2026-05-05 01:18:13.874165+05:30,147,6.89,SPEED_BELOW_10,2026-05-05 01:18:20.658814+05:30
8851,J3_TOWN_HALL,2026-05-05 01:18:12.991528+05:30,123,3.70,SPEED_BELOW_10,2026-05-05 01:18:20.659148+05:30
8852,J2_BAMBALAPITIYA,2026-05-05 01:18:11.982686+05:30,134,4.04,SPEED_BELOW_10,2026-05-05 01:18:20.658814+05:30
8850,J2_BAMBALAPITIYA,2026-05-05 01:18:09.845211+05:30,134,5.71,SPEED_BELOW_10,2026-05-05 01:18:10.683797+05:30
8849,J2_BAMBALAPITIYA,2026-05-05 01:18:07.837887+05:30,145,8.54,SPEED_BELOW_10,2026-05-05 01:18:10.683797+05:30
8847,J1_KOLLUPITIYA,2026-05-05 01:18:02.806848+05:30,124,4.32,SPEED_BELOW_10,2026-05-05 01:18:10.681710+05:30
8848,J2_BAMBALAPITIYA,2026-05-05 01:18:02.800970+05:30,141,3.65,SPEED_BELOW_10,2026-05-05 01:18:10.683797+05:30
8846,J2_BAMBALAPITIYA,2026-05-05 01:17:58.910727+05:30,144,6.62,SPEED_BELOW_10,2026-05-05 01:18:00.747532+05:30
8845,J2_BAMBALAPITIYA,2026-05-05 01:17:58.783937+05:30,95,7.94,SPEED_BELOW_10,2026-05-05 01:18:00.747532+05:30
8843,J4_BORELLA,2026-05-05 01:17:57.777479+05:30,90,7.20,SPEED_BELOW_10,2026-05-05 01:18:00.738690+05:30
8844,J2_BAMBALAPITIYA,2026-05-05 01:17:55.767814+05:30,127,9.08,SPEED_BELOW_10,2026-05-05 01:18:00.747532+05:30
8840,J4_BORELLA,2026-05-05 01:17:47.716316+05:30,105,5.55,SPEED_BELOW_10,2026-05-05 01:17:50.644529+05:30
8842,J3_TOWN_HALL,2026-05-05 01:17:46.707161+05:30,119,6.40,SPEED_BELOW_10,2026-05-05 01:17:50.645303+05:30
8841,J3_TOWN_HALL,2026-05-05 01:17:44.839622+05:30,119,3.12,SPEED_BELOW_10,2026-05-05 01:17:50.645303+05:30
8838,J2_BAMBALAPITIYA,2026-05-05 01:17:43.830039+05:30,144,4.34,SPEED_BELOW_10,2026-05-05 01:17:50.643712+05:30
8839,J1_KOLLUPITIYA,2026-05-05 01:17:42.676783+05:30,103,6.76,SPEED_BELOW_10,2026-05-05 01:17:50.644529+05:30
8837,J4_BORELLA,2026-05-05 01:17:38.802841+05:30,109,7.63,SPEED_BELOW_10,2026-05-05 01:17:40.640204+05:30
8836,J4_BORELLA,2026-05-05 01:17:36.641615+05:30,128,2.58,SPEED_BELOW_10,2026-05-05 01:17:40.640204+05:30
8833,J2_BAMBALAPITIYA,2026-05-05 01:17:34.625995+05:30,114,5.98,SPEED_BELOW_10,2026-05-05 01:17:40.640076+05:30
8835,J4_BORELLA,2026-05-05 01:17:32.769438+05:30,97,5.28,SPEED_BELOW_10,2026-05-05 01:17:40.640204+05:30
8834,J1_KOLLUPITIYA,2026-05-05 01:17:30.753976+05:30,143,9.85,SPEED_BELOW_10,2026-05-05 01:17:40.640204+05:30
8830,J2_BAMBALAPITIYA,2026-05-05 01:17:29.585494+05:30,145,6.96,SPEED_BELOW_10,2026-05-05 01:17:30.636184+05:30
8832,J4_BORELLA,2026-05-05 01:17:26.567494+05:30,125,8.10,SPEED_BELOW_10,2026-05-05 01:17:30.636177+05:30
8831,J4_BORELLA,2026-05-05 01:17:20.523610+05:30,90,5.91,SPEED_BELOW_10,2026-05-05 01:17:30.636177+05:30
8829,J2_BAMBALAPITIYA,2026-05-05 01:17:20.520528+05:30,93,7.28,SPEED_BELOW_10,2026-05-05 01:17:30.636184+05:30
8828,J2_BAMBALAPITIYA,2026-05-05 01:17:15.473930+05:30,105,4.43,SPEED_BELOW_10,2026-05-05 01:17:20.568570+05:30
8826,J1_KOLLUPITIYA,2026-05-05 01:17:13.659059+05:30,147,6.18,SPEED_BELOW_10,2026-05-05 01:17:20.567385+05:30
8825,J1_KOLLUPITIYA,2026-05-05 01:17:12.456438+05:30,103,9.30,SPEED_BELOW_10,2026-05-05 01:17:20.567385+05:30
8827,J2_BAMBALAPITIYA,2026-05-05 01:17:12.452637+05:30,129,5.85,SPEED_BELOW_10,2026-05-05 01:17:20.568570+05:30
8822,J4_BORELLA,2026-05-05 01:17:09.428948+05:30,108,7.71,SPEED_BELOW_10,2026-05-05 01:17:10.478917+05:30
8821,J4_BORELLA,2026-05-05 01:17:07.415801+05:30,135,9.61,SPEED_BELOW_10,2026-05-05 01:17:10.478917+05:30
8820,J4_BORELLA,2026-05-05 01:17:06.406700+05:30,112,6.75,SPEED_BELOW_10,2026-05-05 01:17:10.478917+05:30
8824,J3_TOWN_HALL,2026-05-05 01:17:06.404453+05:30,139,6.32,SPEED_BELOW_10,2026-05-05 01:17:10.480907+05:30
8819,J4_BORELLA,2026-05-05 01:17:04.393643+05:30,93,8.22,SPEED_BELOW_10,2026-05-05 01:17:10.478917+05:30
8823,J3_TOWN_HALL,2026-05-05 01:17:01.382208+05:30,117,2.83,SPEED_BELOW_10,2026-05-05 01:17:10.480907+05:30
8818,J4_BORELLA,2026-05-05 01:16:58.568533+05:30,130,5.85,SPEED_BELOW_10,2026-05-05 01:17:00.408573+05:30
8817,J1_KOLLUPITIYA,2026-05-05 01:16:58.347903+05:30,98,4.81,SPEED_BELOW_10,2026-05-05 01:17:00.408573+05:30
8816,J1_KOLLUPITIYA,2026-05-05 01:16:56.336483+05:30,121,3.91,SPEED_BELOW_10,2026-05-05 01:17:00.408573+05:30
8815,J2_BAMBALAPITIYA,2026-05-05 01:16:54.323076+05:30,117,5.10,SPEED_BELOW_10,2026-05-05 01:17:00.405305+05:30
8814,J2_BAMBALAPITIYA,2026-05-05 01:16:50.292021+05:30,107,3.20,SPEED_BELOW_10,2026-05-05 01:17:00.405305+05:30
8810,J3_TOWN_HALL,2026-05-05 01:16:47.497849+05:30,115,7.56,SPEED_BELOW_10,2026-05-05 01:16:50.345533+05:30
8809,J3_TOWN_HALL,2026-05-05 01:16:47.269549+05:30,126,3.60,SPEED_BELOW_10,2026-05-05 01:16:50.345533+05:30
8808,J3_TOWN_HALL,2026-05-05 01:16:46.260751+05:30,112,5.47,SPEED_BELOW_10,2026-05-05 01:16:50.345533+05:30
8813,J2_BAMBALAPITIYA,2026-05-05 01:16:46.252553+05:30,114,8.09,SPEED_BELOW_10,2026-05-05 01:16:50.347671+05:30
8812,J2_BAMBALAPITIYA,2026-05-05 01:16:43.233009+05:30,126,6.80,SPEED_BELOW_10,2026-05-05 01:16:50.347671+05:30
8807,J4_BORELLA,2026-05-05 01:16:41.233346+05:30,120,6.47,SPEED_BELOW_10,2026-05-05 01:16:50.336431+05:30
8811,J2_BAMBALAPITIYA,2026-05-05 01:16:40.443651+05:30,125,3.21,SPEED_BELOW_10,2026-05-05 01:16:50.347671+05:30
8805,J3_TOWN_HALL,2026-05-05 01:16:39.438067+05:30,140,9.00,SPEED_BELOW_10,2026-05-05 01:16:40.265279+05:30
8804,J3_TOWN_HALL,2026-05-05 01:16:39.208721+05:30,120,5.19,SPEED_BELOW_10,2026-05-05 01:16:40.265279+05:30
8803,J3_TOWN_HALL,2026-05-05 01:16:38.431281+05:30,92,3.51,SPEED_BELOW_10,2026-05-05 01:16:40.265279+05:30
8801,J2_BAMBALAPITIYA,2026-05-05 01:16:38.195589+05:30,128,4.68,SPEED_BELOW_10,2026-05-05 01:16:40.264808+05:30
8802,J3_TOWN_HALL,2026-05-05 01:16:36.181099+05:30,106,2.09,SPEED_BELOW_10,2026-05-05 01:16:40.265279+05:30
8800,J2_BAMBALAPITIYA,2026-05-05 01:16:35.409799+05:30,104,5.22,SPEED_BELOW_10,2026-05-05 01:16:40.264808+05:30
8798,J2_BAMBALAPITIYA,2026-05-05 01:16:35.168618+05:30,108,9.21,SPEED_BELOW_10,2026-05-05 01:16:40.264808+05:30
8806,J1_KOLLUPITIYA,2026-05-05 01:16:35.166721+05:30,116,6.59,SPEED_BELOW_10,2026-05-05 01:16:40.268071+05:30
8799,J3_TOWN_HALL,2026-05-05 01:16:33.390394+05:30,100,6.39,SPEED_BELOW_10,2026-05-05 01:16:40.265279+05:30
8797,J1_KOLLUPITIYA,2026-05-05 01:16:21.307620+05:30,135,5.07,SPEED_BELOW_10,2026-05-05 01:16:30.177303+05:30
8793,J2_BAMBALAPITIYA,2026-05-05 01:16:18.053654+05:30,128,4.86,SPEED_BELOW_10,2026-05-05 01:16:20.341617+05:30
8796,J4_BORELLA,2026-05-05 01:16:17.046981+05:30,150,8.32,SPEED_BELOW_10,2026-05-05 01:16:20.345983+05:30
8795,J4_BORELLA,2026-05-05 01:16:12.024474+05:30,92,2.81,SPEED_BELOW_10,2026-05-05 01:16:20.345983+05:30
8794,J1_KOLLUPITIYA,2026-05-05 01:16:11.012432+05:30,125,2.41,SPEED_BELOW_10,2026-05-05 01:16:20.345983+05:30
8791,J4_BORELLA,2026-05-05 01:16:09.237746+05:30,150,3.63,SPEED_BELOW_10,2026-05-05 01:16:10.291666+05:30
8790,J4_BORELLA,2026-05-05 01:16:07.992441+05:30,120,5.99,SPEED_BELOW_10,2026-05-05 01:16:10.291666+05:30
8789,J1_KOLLUPITIYA,2026-05-05 01:16:06.983095+05:30,111,4.03,SPEED_BELOW_10,2026-05-05 01:16:10.291666+05:30
8792,J2_BAMBALAPITIYA,2026-05-05 01:16:06.979521+05:30,108,4.01,SPEED_BELOW_10,2026-05-05 01:16:10.291528+05:30
8788,J2_BAMBALAPITIYA,2026-05-05 01:16:06.212781+05:30,90,6.08,SPEED_BELOW_10,2026-05-05 01:16:10.291528+05:30
8786,J3_TOWN_HALL,2026-05-05 01:16:01.948934+05:30,128,5.12,SPEED_BELOW_10,2026-05-05 01:16:10.285173+05:30
8787,J4_BORELLA,2026-05-05 01:16:00.933698+05:30,100,6.89,SPEED_BELOW_10,2026-05-05 01:16:10.291666+05:30
8782,J1_KOLLUPITIYA,2026-05-05 01:15:52.864412+05:30,125,8.91,SPEED_BELOW_10,2026-05-05 01:16:00.218806+05:30
8785,J2_BAMBALAPITIYA,2026-05-05 01:15:51.104445+05:30,144,3.98,SPEED_BELOW_10,2026-05-05 01:16:00.218995+05:30
8783,J3_TOWN_HALL,2026-05-05 01:15:50.853727+05:30,102,2.48,SPEED_BELOW_10,2026-05-05 01:16:00.218989+05:30
8784,J2_BAMBALAPITIYA,2026-05-05 01:15:50.847640+05:30,132,5.15,SPEED_BELOW_10,2026-05-05 01:16:00.218995+05:30
8781,J4_BORELLA,2026-05-05 01:15:48.835217+05:30,148,2.85,SPEED_BELOW_10,2026-05-05 01:15:50.664685+05:30
8776,J2_BAMBALAPITIYA,2026-05-05 01:15:47.075556+05:30,119,5.85,SPEED_BELOW_10,2026-05-05 01:15:50.664587+05:30
8780,J1_KOLLUPITIYA,2026-05-05 01:15:45.061643+05:30,146,2.96,SPEED_BELOW_10,2026-05-05 01:15:50.664685+05:30
8779,J4_BORELLA,2026-05-05 01:15:44.805360+05:30,90,7.70,SPEED_BELOW_10,2026-05-05 01:15:50.664685+05:30
8778,J1_KOLLUPITIYA,2026-05-05 01:15:41.775645+05:30,130,4.59,SPEED_BELOW_10,2026-05-05 01:15:50.664685+05:30
8777,J4_BORELLA,2026-05-05 01:15:41.042572+05:30,128,3.29,SPEED_BELOW_10,2026-05-05 01:15:50.664685+05:30
8775,J2_BAMBALAPITIYA,2026-05-05 01:15:39.023294+05:30,103,8.10,SPEED_BELOW_10,2026-05-05 01:15:40.703101+05:30
8772,J3_TOWN_HALL,2026-05-05 01:15:37.751454+05:30,125,5.21,SPEED_BELOW_10,2026-05-05 01:15:40.700759+05:30
8769,J4_BORELLA,2026-05-05 01:15:35.741217+05:30,97,2.44,SPEED_BELOW_10,2026-05-05 01:15:40.700733+05:30
8771,J3_TOWN_HALL,2026-05-05 01:15:35.739466+05:30,107,8.78,SPEED_BELOW_10,2026-05-05 01:15:40.700759+05:30
8774,J2_BAMBALAPITIYA,2026-05-05 01:15:35.733403+05:30,131,4.04,SPEED_BELOW_10,2026-05-05 01:15:40.703101+05:30
8773,J2_BAMBALAPITIYA,2026-05-05 01:15:32.710360+05:30,115,7.26,SPEED_BELOW_10,2026-05-05 01:15:40.703101+05:30
8770,J3_TOWN_HALL,2026-05-05 01:15:31.699774+05:30,131,9.77,SPEED_BELOW_10,2026-05-05 01:15:40.700759+05:30
8768,J3_TOWN_HALL,2026-05-05 01:15:28.958162+05:30,99,5.66,SPEED_BELOW_10,2026-05-05 01:15:30.668676+05:30
8767,J3_TOWN_HALL,2026-05-05 01:15:26.669245+05:30,131,7.34,SPEED_BELOW_10,2026-05-05 01:15:30.668676+05:30
8765,J2_BAMBALAPITIYA,2026-05-05 01:15:25.652520+05:30,128,7.27,SPEED_BELOW_10,2026-05-05 01:15:30.668362+05:30
8766,J1_KOLLUPITIYA,2026-05-05 01:15:25.649253+05:30,145,6.29,SPEED_BELOW_10,2026-05-05 01:15:30.668846+05:30
8763,J4_BORELLA,2026-05-05 01:15:19.896898+05:30,119,4.04,SPEED_BELOW_10,2026-05-05 01:15:20.664050+05:30
8764,J2_BAMBALAPITIYA,2026-05-05 01:15:19.892861+05:30,130,2.41,SPEED_BELOW_10,2026-05-05 01:15:20.669345+05:30
8762,J4_BORELLA,2026-05-05 01:15:18.889518+05:30,135,2.59,SPEED_BELOW_10,2026-05-05 01:15:20.664050+05:30
8761,J3_TOWN_HALL,2026-05-05 01:15:16.598258+05:30,112,8.41,SPEED_BELOW_10,2026-05-05 01:15:20.663860+05:30
8758,J2_BAMBALAPITIYA,2026-05-05 01:15:09.551081+05:30,100,8.68,SPEED_BELOW_10,2026-05-05 01:15:10.603377+05:30
8757,J2_BAMBALAPITIYA,2026-05-05 01:15:06.521962+05:30,102,9.04,SPEED_BELOW_10,2026-05-05 01:15:10.603377+05:30
8755,J4_BORELLA,2026-05-05 01:15:05.515897+05:30,131,6.14,SPEED_BELOW_10,2026-05-05 01:15:10.599303+05:30
8760,J3_TOWN_HALL,2026-05-05 01:15:05.513005+05:30,120,8.94,SPEED_BELOW_10,2026-05-05 01:15:10.606643+05:30
8759,J3_TOWN_HALL,2026-05-05 01:15:00.742354+05:30,104,6.70,SPEED_BELOW_10,2026-05-05 01:15:10.606643+05:30
8756,J2_BAMBALAPITIYA,2026-05-05 01:15:00.739961+05:30,126,4.40,SPEED_BELOW_10,2026-05-05 01:15:10.603377+05:30
8751,J3_TOWN_HALL,2026-05-05 01:14:58.471878+05:30,104,5.51,SPEED_BELOW_10,2026-05-05 01:15:00.517119+05:30
8754,J4_BORELLA,2026-05-05 01:14:56.718523+05:30,111,8.28,SPEED_BELOW_10,2026-05-05 01:15:00.519079+05:30
8753,J1_KOLLUPITIYA,2026-05-05 01:14:56.456858+05:30,107,7.24,SPEED_BELOW_10,2026-05-05 01:15:00.519079+05:30
8752,J1_KOLLUPITIYA,2026-05-05 01:14:52.689254+05:30,99,7.79,SPEED_BELOW_10,2026-05-05 01:15:00.519079+05:30
8750,J3_TOWN_HALL,2026-05-05 01:14:47.401747+05:30,150,5.93,SPEED_BELOW_10,2026-05-05 01:14:50.458194+05:30
8748,J4_BORELLA,2026-05-05 01:14:46.386736+05:30,93,5.06,SPEED_BELOW_10,2026-05-05 01:14:50.457498+05:30
8749,J3_TOWN_HALL,2026-05-05 01:14:45.633917+05:30,128,6.58,SPEED_BELOW_10,2026-05-05 01:14:50.458194+05:30
8744,J1_KOLLUPITIYA,2026-05-05 01:14:39.339911+05:30,126,6.02,SPEED_BELOW_10,2026-05-05 01:14:40.394235+05:30
8743,J4_BORELLA,2026-05-05 01:14:39.333278+05:30,143,7.93,SPEED_BELOW_10,2026-05-05 01:14:40.394235+05:30
8742,J4_BORELLA,2026-05-05 01:14:34.301377+05:30,130,9.11,SPEED_BELOW_10,2026-05-05 01:14:40.394235+05:30
8747,J3_TOWN_HALL,2026-05-05 01:14:32.286711+05:30,145,9.78,SPEED_BELOW_10,2026-05-05 01:14:40.397933+05:30
8746,J2_BAMBALAPITIYA,2026-05-05 01:14:32.283643+05:30,150,9.07,SPEED_BELOW_10,2026-05-05 01:14:40.397092+05:30
8741,J4_BORELLA,2026-05-05 01:14:31.277365+05:30,142,7.18,SPEED_BELOW_10,2026-05-05 01:14:40.394235+05:30
8745,J2_BAMBALAPITIYA,2026-05-05 01:14:31.265603+05:30,135,2.56,SPEED_BELOW_10,2026-05-05 01:14:40.397092+05:30
8735,J4_BORELLA,2026-05-05 01:14:28.256069+05:30,120,9.00,SPEED_BELOW_10,2026-05-05 01:14:30.315266+05:30
8740,J3_TOWN_HALL,2026-05-05 01:14:28.248846+05:30,121,8.30,SPEED_BELOW_10,2026-05-05 01:14:30.321068+05:30
8736,J2_BAMBALAPITIYA,2026-05-05 01:14:23.226325+05:30,120,7.56,SPEED_BELOW_10,2026-05-05 01:14:30.317233+05:30
8739,J3_TOWN_HALL,2026-05-05 01:14:23.212291+05:30,135,5.62,SPEED_BELOW_10,2026-05-05 01:14:30.321068+05:30
8738,J3_TOWN_HALL,2026-05-05 01:14:22.481368+05:30,120,4.74,SPEED_BELOW_10,2026-05-05 01:14:30.321068+05:30
8734,J1_KOLLUPITIYA,2026-05-05 01:14:22.477409+05:30,102,3.74,SPEED_BELOW_10,2026-05-05 01:14:30.315266+05:30
8733,J1_KOLLUPITIYA,2026-05-05 01:14:21.471711+05:30,132,8.44,SPEED_BELOW_10,2026-05-05 01:14:30.315266+05:30
8737,J3_TOWN_HALL,2026-05-05 01:14:21.215395+05:30,120,5.29,SPEED_BELOW_10,2026-05-05 01:14:30.321068+05:30
8732,J4_BORELLA,2026-05-05 01:14:20.208290+05:30,93,3.30,SPEED_BELOW_10,2026-05-05 01:14:30.315266+05:30
8730,J4_BORELLA,2026-05-05 01:14:19.198321+05:30,116,3.42,SPEED_BELOW_10,2026-05-05 01:14:20.244401+05:30
8731,J2_BAMBALAPITIYA,2026-05-05 01:14:19.192259+05:30,118,8.99,SPEED_BELOW_10,2026-05-05 01:14:20.244364+05:30
8729,J4_BORELLA,2026-05-05 01:14:19.189484+05:30,141,8.93,SPEED_BELOW_10,2026-05-05 01:14:20.244401+05:30
8728,J4_BORELLA,2026-05-05 01:14:18.186857+05:30,147,3.35,SPEED_BELOW_10,2026-05-05 01:14:20.244401+05:30
8727,J4_BORELLA,2026-05-05 01:14:15.420728+05:30,150,4.88,SPEED_BELOW_10,2026-05-05 01:14:20.244401+05:30
8726,J4_BORELLA,2026-05-05 01:14:14.150604+05:30,134,3.23,SPEED_BELOW_10,2026-05-05 01:14:20.244401+05:30
8724,J1_KOLLUPITIYA,2026-05-05 01:14:12.398360+05:30,126,7.27,SPEED_BELOW_10,2026-05-05 01:14:20.244401+05:30
8725,J2_BAMBALAPITIYA,2026-05-05 01:14:11.125517+05:30,105,5.97,SPEED_BELOW_10,2026-05-05 01:14:20.244364+05:30
8719,J4_BORELLA,2026-05-05 01:14:05.087204+05:30,133,9.38,SPEED_BELOW_10,2026-05-05 01:14:10.178870+05:30
8722,J2_BAMBALAPITIYA,2026-05-05 01:14:03.070423+05:30,105,9.19,SPEED_BELOW_10,2026-05-05 01:14:10.392719+05:30
8721,J2_BAMBALAPITIYA,2026-05-05 01:14:00.320481+05:30,107,5.98,SPEED_BELOW_10,2026-05-05 01:14:10.392719+05:30
8723,J3_TOWN_HALL,2026-05-05 01:14:00.052555+05:30,148,8.25,SPEED_BELOW_10,2026-05-05 01:14:10.393464+05:30
8720,J2_BAMBALAPITIYA,2026-05-05 01:14:00.051473+05:30,111,7.57,SPEED_BELOW_10,2026-05-05 01:14:10.392719+05:30
8718,J1_KOLLUPITIYA,2026-05-05 01:13:52.992242+05:30,134,7.03,SPEED_BELOW_10,2026-05-05 01:14:00.368169+05:30
8717,J1_KOLLUPITIYA,2026-05-05 01:13:52.260643+05:30,108,5.46,SPEED_BELOW_10,2026-05-05 01:14:00.368169+05:30
8714,J3_TOWN_HALL,2026-05-05 01:13:48.958806+05:30,132,7.92,SPEED_BELOW_10,2026-05-05 01:13:50.289140+05:30
8713,J2_BAMBALAPITIYA,2026-05-05 01:13:48.957772+05:30,112,5.49,SPEED_BELOW_10,2026-05-05 01:13:50.285502+05:30
8712,J2_BAMBALAPITIYA,2026-05-05 01:13:46.936930+05:30,129,6.57,SPEED_BELOW_10,2026-05-05 01:13:50.285502+05:30
8716,J4_BORELLA,2026-05-05 01:13:45.930230+05:30,120,6.25,SPEED_BELOW_10,2026-05-05 01:13:50.293674+05:30
8715,J4_BORELLA,2026-05-05 01:13:41.908142+05:30,150,4.23,SPEED_BELOW_10,2026-05-05 01:13:50.293674+05:30
8710,J2_BAMBALAPITIYA,2026-05-05 01:13:38.874833+05:30,150,5.40,SPEED_BELOW_10,2026-05-05 01:13:40.196855+05:30
8709,J2_BAMBALAPITIYA,2026-05-05 01:13:38.147696+05:30,142,9.54,SPEED_BELOW_10,2026-05-05 01:13:40.196855+05:30
8708,J2_BAMBALAPITIYA,2026-05-05 01:13:34.850048+05:30,148,6.00,SPEED_BELOW_10,2026-05-05 01:13:40.196855+05:30
8711,J3_TOWN_HALL,2026-05-05 01:13:32.835724+05:30,138,3.85,SPEED_BELOW_10,2026-05-05 01:13:40.198136+05:30
8705,J1_KOLLUPITIYA,2026-05-05 01:13:23.760477+05:30,102,6.15,SPEED_BELOW_10,2026-05-05 01:13:30.675764+05:30
8706,J3_TOWN_HALL,2026-05-05 01:13:20.028788+05:30,124,7.97,SPEED_BELOW_10,2026-05-05 01:13:30.686074+05:30
8707,J2_BAMBALAPITIYA,2026-05-05 01:13:20.026770+05:30,118,9.24,SPEED_BELOW_10,2026-05-05 01:13:30.688223+05:30
8704,J4_BORELLA,2026-05-05 01:13:19.738751+05:30,139,5.59,SPEED_BELOW_10,2026-05-05 01:13:20.727663+05:30
8702,J2_BAMBALAPITIYA,2026-05-05 01:13:19.738563+05:30,95,3.88,SPEED_BELOW_10,2026-05-05 01:13:20.721063+05:30
8701,J2_BAMBALAPITIYA,2026-05-05 01:13:18.012445+05:30,150,6.62,SPEED_BELOW_10,2026-05-05 01:13:20.721063+05:30
8703,J3_TOWN_HALL,2026-05-05 01:13:10.679818+05:30,95,7.30,SPEED_BELOW_10,2026-05-05 01:13:20.723884+05:30
8700,J3_TOWN_HALL,2026-05-05 01:13:07.943983+05:30,107,4.17,SPEED_BELOW_10,2026-05-05 01:13:10.666989+05:30
8699,J3_TOWN_HALL,2026-05-05 01:13:04.640616+05:30,132,9.27,SPEED_BELOW_10,2026-05-05 01:13:10.666989+05:30
8698,J2_BAMBALAPITIYA,2026-05-05 01:13:04.637957+05:30,150,9.11,SPEED_BELOW_10,2026-05-05 01:13:10.666902+05:30
8695,J1_KOLLUPITIYA,2026-05-05 01:13:01.905832+05:30,134,9.14,SPEED_BELOW_10,2026-05-05 01:13:10.667227+05:30
8697,J2_BAMBALAPITIYA,2026-05-05 01:13:01.610299+05:30,109,8.70,SPEED_BELOW_10,2026-05-05 01:13:10.666902+05:30
8696,J3_TOWN_HALL,2026-05-05 01:13:00.595731+05:30,119,9.22,SPEED_BELOW_10,2026-05-05 01:13:10.666989+05:30
8692,J4_BORELLA,2026-05-05 01:12:58.883711+05:30,113,6.62,SPEED_BELOW_10,2026-05-05 01:13:00.666059+05:30
8691,J4_BORELLA,2026-05-05 01:12:54.563386+05:30,111,3.42,SPEED_BELOW_10,2026-05-05 01:13:00.666059+05:30
8690,J1_KOLLUPITIYA,2026-05-05 01:12:53.567408+05:30,150,8.29,SPEED_BELOW_10,2026-05-05 01:13:00.666059+05:30
8694,J3_TOWN_HALL,2026-05-05 01:12:51.554774+05:30,140,7.68,SPEED_BELOW_10,2026-05-05 01:13:00.675196+05:30
8689,J1_KOLLUPITIYA,2026-05-05 01:12:51.538878+05:30,146,7.35,SPEED_BELOW_10,2026-05-05 01:13:00.666059+05:30
8693,J2_BAMBALAPITIYA,2026-05-05 01:12:50.833334+05:30,101,8.03,SPEED_BELOW_10,2026-05-05 01:13:00.670723+05:30
8688,J4_BORELLA,2026-05-05 01:12:49.539348+05:30,132,7.01,SPEED_BELOW_10,2026-05-05 01:12:50.586327+05:30
8683,J2_BAMBALAPITIYA,2026-05-05 01:12:47.510805+05:30,142,6.81,SPEED_BELOW_10,2026-05-05 01:12:50.580916+05:30
8682,J2_BAMBALAPITIYA,2026-05-05 01:12:46.804412+05:30,143,9.89,SPEED_BELOW_10,2026-05-05 01:12:50.580916+05:30
8687,J1_KOLLUPITIYA,2026-05-05 01:12:43.787947+05:30,145,5.19,SPEED_BELOW_10,2026-05-05 01:12:50.586327+05:30
8686,J1_KOLLUPITIYA,2026-05-05 01:12:43.480584+05:30,137,9.53,SPEED_BELOW_10,2026-05-05 01:12:50.586327+05:30
8685,J1_KOLLUPITIYA,2026-05-05 01:12:42.489314+05:30,117,7.38,SPEED_BELOW_10,2026-05-05 01:12:50.586327+05:30
8684,J3_TOWN_HALL,2026-05-05 01:12:40.479335+05:30,143,9.33,SPEED_BELOW_10,2026-05-05 01:12:50.584560+05:30
8681,J2_BAMBALAPITIYA,2026-05-05 01:12:40.475412+05:30,147,4.01,SPEED_BELOW_10,2026-05-05 01:12:50.580916+05:30
8680,J2_BAMBALAPITIYA,2026-05-05 01:12:35.429364+05:30,108,9.55,SPEED_BELOW_10,2026-05-05 01:12:40.510981+05:30
8679,J1_KOLLUPITIYA,2026-05-05 01:12:34.726473+05:30,118,2.83,SPEED_BELOW_10,2026-05-05 01:12:40.510167+05:30
8678,J3_TOWN_HALL,2026-05-05 01:12:32.412764+05:30,118,6.84,SPEED_BELOW_10,2026-05-05 01:12:40.508332+05:30
8677,J3_TOWN_HALL,2026-05-05 01:12:31.406193+05:30,148,7.65,SPEED_BELOW_10,2026-05-05 01:12:40.508332+05:30
8676,J4_BORELLA,2026-05-05 01:12:28.391025+05:30,93,8.89,SPEED_BELOW_10,2026-05-05 01:12:30.431514+05:30
8675,J4_BORELLA,2026-05-05 01:12:27.382956+05:30,112,6.78,SPEED_BELOW_10,2026-05-05 01:12:30.431514+05:30
8674,J4_BORELLA,2026-05-05 01:12:18.321117+05:30,150,7.49,SPEED_BELOW_10,2026-05-05 01:12:20.388086+05:30
8671,J3_TOWN_HALL,2026-05-05 01:12:17.312507+05:30,144,2.46,SPEED_BELOW_10,2026-05-05 01:12:20.378743+05:30
8670,J2_BAMBALAPITIYA,2026-05-05 01:12:16.575686+05:30,125,9.18,SPEED_BELOW_10,2026-05-05 01:12:20.379371+05:30
8673,J4_BORELLA,2026-05-05 01:12:14.564880+05:30,129,5.96,SPEED_BELOW_10,2026-05-05 01:12:20.388086+05:30
8669,J3_TOWN_HALL,2026-05-05 01:12:12.554092+05:30,131,3.85,SPEED_BELOW_10,2026-05-05 01:12:20.378743+05:30
8672,J4_BORELLA,2026-05-05 01:12:10.265454+05:30,118,6.78,SPEED_BELOW_10,2026-05-05 01:12:20.388086+05:30
8668,J3_TOWN_HALL,2026-05-05 01:12:09.251332+05:30,100,5.11,SPEED_BELOW_10,2026-05-05 01:12:10.318079+05:30
8667,J3_TOWN_HALL,2026-05-05 01:12:06.431225+05:30,104,9.29,SPEED_BELOW_10,2026-05-05 01:12:10.318079+05:30
8665,J3_TOWN_HALL,2026-05-05 01:12:03.199132+05:30,141,4.29,SPEED_BELOW_10,2026-05-05 01:12:10.318079+05:30
8666,J2_BAMBALAPITIYA,2026-05-05 01:12:02.191299+05:30,118,8.16,SPEED_BELOW_10,2026-05-05 01:12:10.318199+05:30
8664,J2_BAMBALAPITIYA,2026-05-05 01:12:01.378443+05:30,115,2.09,SPEED_BELOW_10,2026-05-05 01:12:10.318199+05:30
8663,J4_BORELLA,2026-05-05 01:12:00.350774+05:30,90,2.85,SPEED_BELOW_10,2026-05-05 01:12:10.316107+05:30
8658,J2_BAMBALAPITIYA,2026-05-05 01:11:59.133632+05:30,104,9.16,SPEED_BELOW_10,2026-05-05 01:12:00.211644+05:30
8657,J1_KOLLUPITIYA,2026-05-05 01:11:58.331674+05:30,124,3.87,SPEED_BELOW_10,2026-05-05 01:12:00.210243+05:30
8662,J3_TOWN_HALL,2026-05-05 01:11:57.325779+05:30,123,8.43,SPEED_BELOW_10,2026-05-05 01:12:00.214376+05:30
8661,J3_TOWN_HALL,2026-05-05 01:11:57.107836+05:30,105,2.02,SPEED_BELOW_10,2026-05-05 01:12:00.214376+05:30
8656,J1_KOLLUPITIYA,2026-05-05 01:11:56.095248+05:30,96,2.60,SPEED_BELOW_10,2026-05-05 01:12:00.210243+05:30
8660,J3_TOWN_HALL,2026-05-05 01:11:55.086621+05:30,126,9.11,SPEED_BELOW_10,2026-05-05 01:12:00.214376+05:30
8655,J4_BORELLA,2026-05-05 01:11:52.072009+05:30,143,2.27,SPEED_BELOW_10,2026-05-05 01:12:00.210243+05:30
8653,J1_KOLLUPITIYA,2026-05-05 01:11:52.068000+05:30,118,5.80,SPEED_BELOW_10,2026-05-05 01:12:00.210243+05:30
8654,J1_KOLLUPITIYA,2026-05-05 01:11:52.068000+05:30,113,7.22,SPEED_BELOW_10,2026-05-05 01:12:00.210243+05:30
8659,J3_TOWN_HALL,2026-05-05 01:11:51.062954+05:30,112,3.66,SPEED_BELOW_10,2026-05-05 01:12:00.214376+05:30
8652,J3_TOWN_HALL,2026-05-05 01:11:46.031821+05:30,141,8.76,SPEED_BELOW_10,2026-05-05 01:11:50.349441+05:30
8650,J4_BORELLA,2026-05-05 01:11:43.003978+05:30,90,5.76,SPEED_BELOW_10,2026-05-05 01:11:50.325935+05:30
8649,J4_BORELLA,2026-05-05 01:11:41.999199+05:30,130,5.60,SPEED_BELOW_10,2026-05-05 01:11:50.325935+05:30
8651,J3_TOWN_HALL,2026-05-05 01:11:41.997629+05:30,121,4.96,SPEED_BELOW_10,2026-05-05 01:11:50.349441+05:30
8648,J4_BORELLA,2026-05-05 01:11:39.190126+05:30,105,8.65,SPEED_BELOW_10,2026-05-05 01:11:40.786059+05:30
8645,J2_BAMBALAPITIYA,2026-05-05 01:11:35.164267+05:30,101,3.07,SPEED_BELOW_10,2026-05-05 01:11:40.783875+05:30
8643,J3_TOWN_HALL,2026-05-05 01:11:34.954667+05:30,121,7.76,SPEED_BELOW_10,2026-05-05 01:11:40.783380+05:30
8644,J2_BAMBALAPITIYA,2026-05-05 01:11:34.952649+05:30,102,8.50,SPEED_BELOW_10,2026-05-05 01:11:40.783875+05:30
8647,J4_BORELLA,2026-05-05 01:11:32.939017+05:30,115,8.37,SPEED_BELOW_10,2026-05-05 01:11:40.786059+05:30
8642,J3_TOWN_HALL,2026-05-05 01:11:31.932685+05:30,144,7.79,SPEED_BELOW_10,2026-05-05 01:11:40.783380+05:30
8646,J4_BORELLA,2026-05-05 01:11:30.909769+05:30,144,9.38,SPEED_BELOW_10,2026-05-05 01:11:40.786059+05:30
8639,J3_TOWN_HALL,2026-05-05 01:11:26.108060+05:30,129,4.32,SPEED_BELOW_10,2026-05-05 01:11:30.887459+05:30
8641,J1_KOLLUPITIYA,2026-05-05 01:11:24.847718+05:30,122,8.78,SPEED_BELOW_10,2026-05-05 01:11:30.918510+05:30
8640,J1_KOLLUPITIYA,2026-05-05 01:11:23.840887+05:30,133,5.98,SPEED_BELOW_10,2026-05-05 01:11:30.918510+05:30
8635,J2_BAMBALAPITIYA,2026-05-05 01:11:19.799629+05:30,121,3.06,SPEED_BELOW_10,2026-05-05 01:11:20.766597+05:30
8633,J4_BORELLA,2026-05-05 01:11:18.798729+05:30,101,8.89,SPEED_BELOW_10,2026-05-05 01:11:20.763677+05:30
8638,J3_TOWN_HALL,2026-05-05 01:11:18.795831+05:30,108,9.14,SPEED_BELOW_10,2026-05-05 01:11:20.771860+05:30
8637,J3_TOWN_HALL,2026-05-05 01:11:18.055155+05:30,141,3.28,SPEED_BELOW_10,2026-05-05 01:11:20.771860+05:30
8632,J1_KOLLUPITIYA,2026-05-05 01:11:16.780536+05:30,142,8.91,SPEED_BELOW_10,2026-05-05 01:11:20.763677+05:30
8636,J3_TOWN_HALL,2026-05-05 01:11:16.780042+05:30,102,5.32,SPEED_BELOW_10,2026-05-05 01:11:20.771860+05:30
8631,J4_BORELLA,2026-05-05 01:11:15.777222+05:30,97,3.35,SPEED_BELOW_10,2026-05-05 01:11:20.763677+05:30
8630,J4_BORELLA,2026-05-05 01:11:14.013149+05:30,135,3.84,SPEED_BELOW_10,2026-05-05 01:11:20.763677+05:30
8634,J2_BAMBALAPITIYA,2026-05-05 01:11:13.760493+05:30,106,6.15,SPEED_BELOW_10,2026-05-05 01:11:20.766597+05:30
8629,J4_BORELLA,2026-05-05 01:11:11.748362+05:30,98,9.88,SPEED_BELOW_10,2026-05-05 01:11:20.763677+05:30
8621,J3_TOWN_HALL,2026-05-05 01:11:09.725570+05:30,108,4.24,SPEED_BELOW_10,2026-05-05 01:11:10.822778+05:30
8623,J2_BAMBALAPITIYA,2026-05-05 01:11:08.965775+05:30,123,4.01,SPEED_BELOW_10,2026-05-05 01:11:10.827623+05:30
8628,J4_BORELLA,2026-05-05 01:11:08.670974+05:30,105,3.19,SPEED_BELOW_10,2026-05-05 01:11:10.828066+05:30
8627,J4_BORELLA,2026-05-05 01:11:06.949515+05:30,122,3.45,SPEED_BELOW_10,2026-05-05 01:11:10.828066+05:30
8626,J4_BORELLA,2026-05-05 01:11:06.631497+05:30,124,3.71,SPEED_BELOW_10,2026-05-05 01:11:10.828066+05:30
8625,J4_BORELLA,2026-05-05 01:11:04.562270+05:30,135,5.62,SPEED_BELOW_10,2026-05-05 01:11:10.828066+05:30
8622,J2_BAMBALAPITIYA,2026-05-05 01:11:01.846947+05:30,137,5.88,SPEED_BELOW_10,2026-05-05 01:11:10.827623+05:30
8624,J1_KOLLUPITIYA,2026-05-05 01:11:00.801390+05:30,100,4.83,SPEED_BELOW_10,2026-05-05 01:11:10.828066+05:30
8620,J3_TOWN_HALL,2026-05-05 01:10:55.424910+05:30,110,4.60,SPEED_BELOW_10,2026-05-05 01:11:00.571714+05:30
8618,J3_TOWN_HALL,2026-05-05 01:10:53.683539+05:30,127,2.70,SPEED_BELOW_10,2026-05-05 01:11:00.571714+05:30
8619,J2_BAMBALAPITIYA,2026-05-05 01:10:52.381705+05:30,117,4.28,SPEED_BELOW_10,2026-05-05 01:11:00.571588+05:30
8617,J2_BAMBALAPITIYA,2026-05-05 01:10:51.354877+05:30,93,3.20,SPEED_BELOW_10,2026-05-05 01:11:00.571588+05:30
8616,J4_BORELLA,2026-05-05 01:10:49.582659+05:30,109,3.14,SPEED_BELOW_10,2026-05-05 01:10:50.394386+05:30
8615,J1_KOLLUPITIYA,2026-05-05 01:10:46.446944+05:30,112,7.94,SPEED_BELOW_10,2026-05-05 01:10:50.394386+05:30
8613,J3_TOWN_HALL,2026-05-05 01:10:44.413336+05:30,132,6.91,SPEED_BELOW_10,2026-05-05 01:10:50.393215+05:30
8614,J4_BORELLA,2026-05-05 01:10:43.110556+05:30,112,8.87,SPEED_BELOW_10,2026-05-05 01:10:50.394386+05:30
8610,J1_KOLLUPITIYA,2026-05-05 01:10:36.063222+05:30,126,4.76,SPEED_BELOW_10,2026-05-05 01:10:40.417872+05:30
8612,J3_TOWN_HALL,2026-05-05 01:10:35.035606+05:30,108,2.77,SPEED_BELOW_10,2026-05-05 01:10:40.417620+05:30
8611,J3_TOWN_HALL,2026-05-05 01:10:34.030866+05:30,121,3.85,SPEED_BELOW_10,2026-05-05 01:10:40.417620+05:30
8609,J4_BORELLA,2026-05-05 01:10:29.025247+05:30,107,8.22,SPEED_BELOW_10,2026-05-05 01:10:30.348120+05:30
8605,J2_BAMBALAPITIYA,2026-05-05 01:10:28.271948+05:30,125,7.07,SPEED_BELOW_10,2026-05-05 01:10:30.347984+05:30
8608,J1_KOLLUPITIYA,2026-05-05 01:10:28.013768+05:30,141,4.60,SPEED_BELOW_10,2026-05-05 01:10:30.348120+05:30
8607,J1_KOLLUPITIYA,2026-05-05 01:10:26.137529+05:30,118,6.11,SPEED_BELOW_10,2026-05-05 01:10:30.348120+05:30
8604,J2_BAMBALAPITIYA,2026-05-05 01:10:25.983356+05:30,93,3.14,SPEED_BELOW_10,2026-05-05 01:10:30.347984+05:30
8603,J2_BAMBALAPITIYA,2026-05-05 01:10:23.993365+05:30,118,4.15,SPEED_BELOW_10,2026-05-05 01:10:30.347984+05:30
8602,J2_BAMBALAPITIYA,2026-05-05 01:10:22.965168+05:30,125,8.97,SPEED_BELOW_10,2026-05-05 01:10:30.347984+05:30
8606,J4_BORELLA,2026-05-05 01:10:21.984529+05:30,120,7.47,SPEED_BELOW_10,2026-05-05 01:10:30.348120+05:30
8601,J3_TOWN_HALL,2026-05-05 01:10:17.085377+05:30,129,2.23,SPEED_BELOW_10,2026-05-05 01:10:20.713510+05:30
8600,J3_TOWN_HALL,2026-05-05 01:10:11.043056+05:30,120,4.17,SPEED_BELOW_10,2026-05-05 01:10:20.713510+05:30
8599,J4_BORELLA,2026-05-05 01:10:09.029442+05:30,105,2.97,SPEED_BELOW_10,2026-05-05 01:10:10.706758+05:30
8598,J1_KOLLUPITIYA,2026-05-05 01:10:03.848411+05:30,106,4.16,SPEED_BELOW_10,2026-05-05 01:10:10.706758+05:30
8597,J3_TOWN_HALL,2026-05-05 01:09:58.813345+05:30,93,5.10,SPEED_BELOW_10,2026-05-05 01:10:00.753415+05:30
8593,J2_BAMBALAPITIYA,2026-05-05 01:09:58.811132+05:30,139,7.00,SPEED_BELOW_10,2026-05-05 01:10:00.757833+05:30
8591,J1_KOLLUPITIYA,2026-05-05 01:09:57.824814+05:30,119,5.52,SPEED_BELOW_10,2026-05-05 01:10:00.742500+05:30
8596,J3_TOWN_HALL,2026-05-05 01:09:55.796106+05:30,97,8.50,SPEED_BELOW_10,2026-05-05 01:10:00.753415+05:30
8595,J3_TOWN_HALL,2026-05-05 01:09:52.931499+05:30,139,7.55,SPEED_BELOW_10,2026-05-05 01:10:00.753415+05:30
8592,J2_BAMBALAPITIYA,2026-05-05 01:09:52.780741+05:30,99,7.54,SPEED_BELOW_10,2026-05-05 01:10:00.757833+05:30
8594,J3_TOWN_HALL,2026-05-05 01:09:50.683893+05:30,140,9.22,SPEED_BELOW_10,2026-05-05 01:10:00.753415+05:30
8590,J2_BAMBALAPITIYA,2026-05-05 01:09:49.620099+05:30,147,3.27,SPEED_BELOW_10,2026-05-05 01:09:50.691963+05:30
8589,J2_BAMBALAPITIYA,2026-05-05 01:09:48.670685+05:30,92,5.80,SPEED_BELOW_10,2026-05-05 01:09:50.691963+05:30
8588,J1_KOLLUPITIYA,2026-05-05 01:09:47.665406+05:30,106,8.14,SPEED_BELOW_10,2026-05-05 01:09:50.687694+05:30
8587,J1_KOLLUPITIYA,2026-05-05 01:09:46.604067+05:30,118,5.48,SPEED_BELOW_10,2026-05-05 01:09:50.687694+05:30
8586,J3_TOWN_HALL,2026-05-05 01:09:39.555814+05:30,123,4.43,SPEED_BELOW_10,2026-05-05 01:09:40.635922+05:30
8580,J2_BAMBALAPITIYA,2026-05-05 01:09:37.542425+05:30,149,4.99,SPEED_BELOW_10,2026-05-05 01:09:40.570589+05:30
8585,J3_TOWN_HALL,2026-05-05 01:09:36.811492+05:30,97,5.34,SPEED_BELOW_10,2026-05-05 01:09:40.635922+05:30
8584,J3_TOWN_HALL,2026-05-05 01:09:36.537573+05:30,109,2.49,SPEED_BELOW_10,2026-05-05 01:09:40.635922+05:30
8583,J3_TOWN_HALL,2026-05-05 01:09:33.583674+05:30,119,3.28,SPEED_BELOW_10,2026-05-05 01:09:40.635922+05:30
8582,J1_KOLLUPITIYA,2026-05-05 01:09:31.500839+05:30,112,5.41,SPEED_BELOW_10,2026-05-05 01:09:40.627615+05:30
8581,J1_KOLLUPITIYA,2026-05-05 01:09:30.771868+05:30,141,2.25,SPEED_BELOW_10,2026-05-05 01:09:40.627615+05:30
8579,J2_BAMBALAPITIYA,2026-05-05 01:09:30.487677+05:30,137,2.56,SPEED_BELOW_10,2026-05-05 01:09:40.570589+05:30
8578,J3_TOWN_HALL,2026-05-05 01:09:26.535906+05:30,134,7.09,SPEED_BELOW_10,2026-05-05 01:09:30.595011+05:30
8577,J2_BAMBALAPITIYA,2026-05-05 01:09:24.524840+05:30,114,5.77,SPEED_BELOW_10,2026-05-05 01:09:30.568186+05:30
8575,J4_BORELLA,2026-05-05 01:09:22.451759+05:30,122,8.37,SPEED_BELOW_10,2026-05-05 01:09:30.565260+05:30
8576,J2_BAMBALAPITIYA,2026-05-05 01:09:21.506441+05:30,113,5.83,SPEED_BELOW_10,2026-05-05 01:09:30.568186+05:30
8572,J4_BORELLA,2026-05-05 01:09:19.706338+05:30,98,2.78,SPEED_BELOW_10,2026-05-05 01:09:20.472585+05:30
8567,J3_TOWN_HALL,2026-05-05 01:09:19.490026+05:30,103,8.05,SPEED_BELOW_10,2026-05-05 01:09:20.471769+05:30
8571,J1_KOLLUPITIYA,2026-05-05 01:09:18.405860+05:30,128,2.90,SPEED_BELOW_10,2026-05-05 01:09:20.472585+05:30
8570,J4_BORELLA,2026-05-05 01:09:16.467363+05:30,99,8.29,SPEED_BELOW_10,2026-05-05 01:09:20.472585+05:30
8574,J2_BAMBALAPITIYA,2026-05-05 01:09:15.460840+05:30,98,9.20,SPEED_BELOW_10,2026-05-05 01:09:20.472520+05:30
8573,J2_BAMBALAPITIYA,2026-05-05 01:09:13.373298+05:30,114,4.69,SPEED_BELOW_10,2026-05-05 01:09:20.472520+05:30
8566,J3_TOWN_HALL,2026-05-05 01:09:11.654674+05:30,105,8.23,SPEED_BELOW_10,2026-05-05 01:09:20.471769+05:30
8569,J2_BAMBALAPITIYA,2026-05-05 01:09:11.651919+05:30,143,5.11,SPEED_BELOW_10,2026-05-05 01:09:20.472520+05:30
8568,J4_BORELLA,2026-05-05 01:09:10.334638+05:30,146,6.63,SPEED_BELOW_10,2026-05-05 01:09:20.472585+05:30
8565,J1_KOLLUPITIYA,2026-05-05 01:09:08.416334+05:30,127,9.12,SPEED_BELOW_10,2026-05-05 01:09:10.399008+05:30
8561,J3_TOWN_HALL,2026-05-05 01:09:07.409761+05:30,134,5.28,SPEED_BELOW_10,2026-05-05 01:09:10.395794+05:30
8558,J3_TOWN_HALL,2026-05-05 01:09:05.289186+05:30,124,3.83,SPEED_BELOW_10,2026-05-05 01:09:10.395794+05:30
8563,J2_BAMBALAPITIYA,2026-05-05 01:09:04.381085+05:30,105,9.65,SPEED_BELOW_10,2026-05-05 01:09:10.395880+05:30
8564,J1_KOLLUPITIYA,2026-05-05 01:09:04.244933+05:30,146,2.86,SPEED_BELOW_10,2026-05-05 01:09:10.399008+05:30
8562,J2_BAMBALAPITIYA,2026-05-05 01:09:03.236163+05:30,126,5.24,SPEED_BELOW_10,2026-05-05 01:09:10.395880+05:30
8560,J2_BAMBALAPITIYA,2026-05-05 01:09:02.422705+05:30,117,3.92,SPEED_BELOW_10,2026-05-05 01:09:10.395880+05:30
8559,J2_BAMBALAPITIYA,2026-05-05 01:09:01.258958+05:30,115,4.05,SPEED_BELOW_10,2026-05-05 01:09:10.395880+05:30
8556,J1_KOLLUPITIYA,2026-05-05 01:08:59.220273+05:30,140,7.42,SPEED_BELOW_10,2026-05-05 01:09:00.909691+05:30
8557,J3_TOWN_HALL,2026-05-05 01:08:54.959199+05:30,131,5.72,SPEED_BELOW_10,2026-05-05 01:09:00.931863+05:30
8551,J1_KOLLUPITIYA,2026-05-05 01:08:48.653979+05:30,122,8.37,SPEED_BELOW_10,2026-05-05 01:08:50.727547+05:30
8555,J3_TOWN_HALL,2026-05-05 01:08:47.650481+05:30,125,2.37,SPEED_BELOW_10,2026-05-05 01:08:50.872336+05:30
8554,J3_TOWN_HALL,2026-05-05 01:08:44.630767+05:30,150,8.63,SPEED_BELOW_10,2026-05-05 01:08:50.872336+05:30
8550,J4_BORELLA,2026-05-05 01:08:42.622105+05:30,142,6.26,SPEED_BELOW_10,2026-05-05 01:08:50.727547+05:30
8553,J3_TOWN_HALL,2026-05-05 01:08:42.620108+05:30,132,3.23,SPEED_BELOW_10,2026-05-05 01:08:50.872336+05:30
8552,J2_BAMBALAPITIYA,2026-05-05 01:08:42.617923+05:30,104,6.39,SPEED_BELOW_10,2026-05-05 01:08:50.770717+05:30
8549,J4_BORELLA,2026-05-05 01:08:40.577098+05:30,141,6.55,SPEED_BELOW_10,2026-05-05 01:08:50.727547+05:30
8544,J4_BORELLA,2026-05-05 01:08:35.594718+05:30,137,7.63,SPEED_BELOW_10,2026-05-05 01:08:40.638522+05:30
8547,J2_BAMBALAPITIYA,2026-05-05 01:08:35.562682+05:30,114,3.15,SPEED_BELOW_10,2026-05-05 01:08:40.639458+05:30
8546,J2_BAMBALAPITIYA,2026-05-05 01:08:34.536797+05:30,92,4.83,SPEED_BELOW_10,2026-05-05 01:08:40.639458+05:30
8545,J2_BAMBALAPITIYA,2026-05-05 01:08:32.573203+05:30,146,9.70,SPEED_BELOW_10,2026-05-05 01:08:40.639458+05:30
8548,J3_TOWN_HALL,2026-05-05 01:08:32.548636+05:30,121,5.50,SPEED_BELOW_10,2026-05-05 01:08:40.654840+05:30
8542,J3_TOWN_HALL,2026-05-05 01:08:28.510285+05:30,116,5.83,SPEED_BELOW_10,2026-05-05 01:08:30.582276+05:30
8541,J3_TOWN_HALL,2026-05-05 01:08:26.534200+05:30,123,5.78,SPEED_BELOW_10,2026-05-05 01:08:30.582276+05:30
8540,J3_TOWN_HALL,2026-05-05 01:08:24.520707+05:30,147,2.70,SPEED_BELOW_10,2026-05-05 01:08:30.582276+05:30
8543,J1_KOLLUPITIYA,2026-05-05 01:08:22.477693+05:30,150,5.00,SPEED_BELOW_10,2026-05-05 01:08:30.595202+05:30
8539,J3_TOWN_HALL,2026-05-05 01:08:20.484567+05:30,106,8.30,SPEED_BELOW_10,2026-05-05 01:08:30.582276+05:30
8535,J1_KOLLUPITIYA,2026-05-05 01:08:19.471140+05:30,144,9.88,SPEED_BELOW_10,2026-05-05 01:08:20.541120+05:30
8538,J3_TOWN_HALL,2026-05-05 01:08:17.451910+05:30,112,5.96,SPEED_BELOW_10,2026-05-05 01:08:20.544739+05:30
8537,J3_TOWN_HALL,2026-05-05 01:08:16.457502+05:30,131,3.14,SPEED_BELOW_10,2026-05-05 01:08:20.544739+05:30
8536,J3_TOWN_HALL,2026-05-05 01:08:15.439910+05:30,149,8.81,SPEED_BELOW_10,2026-05-05 01:08:20.544739+05:30
8534,J1_KOLLUPITIYA,2026-05-05 01:08:14.432365+05:30,135,3.45,SPEED_BELOW_10,2026-05-05 01:08:20.541120+05:30
8531,J2_BAMBALAPITIYA,2026-05-05 01:08:13.437794+05:30,148,2.75,SPEED_BELOW_10,2026-05-05 01:08:20.539095+05:30
8533,J1_KOLLUPITIYA,2026-05-05 01:08:12.422294+05:30,148,7.51,SPEED_BELOW_10,2026-05-05 01:08:20.541120+05:30
8532,J1_KOLLUPITIYA,2026-05-05 01:08:11.412099+05:30,133,2.03,SPEED_BELOW_10,2026-05-05 01:08:20.541120+05:30
8530,J2_BAMBALAPITIYA,2026-05-05 01:08:10.413979+05:30,122,8.45,SPEED_BELOW_10,2026-05-05 01:08:20.539095+05:30
8529,J3_TOWN_HALL,2026-05-05 01:08:09.396703+05:30,144,9.55,SPEED_BELOW_10,2026-05-05 01:08:10.453079+05:30
8528,J3_TOWN_HALL,2026-05-05 01:08:03.361781+05:30,119,5.71,SPEED_BELOW_10,2026-05-05 01:08:10.453079+05:30
8527,J1_KOLLUPITIYA,2026-05-05 01:08:01.355213+05:30,98,4.20,SPEED_BELOW_10,2026-05-05 01:08:10.443422+05:30
8519,J2_BAMBALAPITIYA,2026-05-05 01:07:59.342751+05:30,108,9.17,SPEED_BELOW_10,2026-05-05 01:08:00.378837+05:30
8526,J3_TOWN_HALL,2026-05-05 01:07:59.319745+05:30,148,8.97,SPEED_BELOW_10,2026-05-05 01:08:00.384726+05:30
8523,J1_KOLLUPITIYA,2026-05-05 01:07:58.311173+05:30,135,2.56,SPEED_BELOW_10,2026-05-05 01:08:00.379291+05:30
8522,J4_BORELLA,2026-05-05 01:07:55.316547+05:30,109,5.00,SPEED_BELOW_10,2026-05-05 01:08:00.379291+05:30
8525,J3_TOWN_HALL,2026-05-05 01:07:54.292818+05:30,93,6.87,SPEED_BELOW_10,2026-05-05 01:08:00.384726+05:30
8521,J1_KOLLUPITIYA,2026-05-05 01:07:54.290740+05:30,126,7.99,SPEED_BELOW_10,2026-05-05 01:08:00.379291+05:30
8520,J1_KOLLUPITIYA,2026-05-05 01:07:52.278037+05:30,92,3.32,SPEED_BELOW_10,2026-05-05 01:08:00.379291+05:30
8524,J3_TOWN_HALL,2026-05-05 01:07:50.285151+05:30,97,7.90,SPEED_BELOW_10,2026-05-05 01:08:00.384726+05:30
8518,J4_BORELLA,2026-05-05 01:07:48.269652+05:30,122,6.03,SPEED_BELOW_10,2026-05-05 01:07:50.323530+05:30
8513,J3_TOWN_HALL,2026-05-05 01:07:48.260683+05:30,146,3.34,SPEED_BELOW_10,2026-05-05 01:07:50.323190+05:30
8517,J1_KOLLUPITIYA,2026-05-05 01:07:48.255408+05:30,111,3.28,SPEED_BELOW_10,2026-05-05 01:07:50.323530+05:30
8512,J3_TOWN_HALL,2026-05-05 01:07:46.244127+05:30,129,2.68,SPEED_BELOW_10,2026-05-05 01:07:50.323190+05:30
8516,J1_KOLLUPITIYA,2026-05-05 01:07:45.242058+05:30,113,3.19,SPEED_BELOW_10,2026-05-05 01:07:50.323530+05:30
8515,J1_KOLLUPITIYA,2026-05-05 01:07:44.241544+05:30,98,8.12,SPEED_BELOW_10,2026-05-05 01:07:50.323530+05:30
8510,J3_TOWN_HALL,2026-05-05 01:07:44.233523+05:30,145,8.81,SPEED_BELOW_10,2026-05-05 01:07:50.323190+05:30
8514,J1_KOLLUPITIYA,2026-05-05 01:07:41.196594+05:30,137,6.40,SPEED_BELOW_10,2026-05-05 01:07:50.323530+05:30
8511,J4_BORELLA,2026-05-05 01:07:40.211759+05:30,129,4.91,SPEED_BELOW_10,2026-05-05 01:07:50.323530+05:30
8509,J1_KOLLUPITIYA,2026-05-05 01:07:38.186128+05:30,150,7.56,SPEED_BELOW_10,2026-05-05 01:07:40.251927+05:30
8508,J1_KOLLUPITIYA,2026-05-05 01:07:36.173790+05:30,121,6.77,SPEED_BELOW_10,2026-05-05 01:07:40.251927+05:30
8506,J3_TOWN_HALL,2026-05-05 01:07:33.158893+05:30,135,8.76,SPEED_BELOW_10,2026-05-05 01:07:40.203571+05:30
8507,J2_BAMBALAPITIYA,2026-05-05 01:07:33.156102+05:30,133,8.87,SPEED_BELOW_10,2026-05-05 01:07:40.251913+05:30
8505,J3_TOWN_HALL,2026-05-05 01:07:30.144462+05:30,102,5.37,SPEED_BELOW_10,2026-05-05 01:07:40.203571+05:30
8503,J1_KOLLUPITIYA,2026-05-05 01:07:29.130031+05:30,100,6.00,SPEED_BELOW_10,2026-05-05 01:07:30.719745+05:30
8502,J4_BORELLA,2026-05-05 01:07:27.118877+05:30,135,7.69,SPEED_BELOW_10,2026-05-05 01:07:30.719745+05:30
8501,J1_KOLLUPITIYA,2026-05-05 01:07:27.116578+05:30,136,8.49,SPEED_BELOW_10,2026-05-05 01:07:30.719745+05:30
8500,J4_BORELLA,2026-05-05 01:07:24.941915+05:30,145,7.82,SPEED_BELOW_10,2026-05-05 01:07:30.719745+05:30
8499,J4_BORELLA,2026-05-05 01:07:24.941363+05:30,150,4.61,SPEED_BELOW_10,2026-05-05 01:07:30.719745+05:30
8495,J2_BAMBALAPITIYA,2026-05-05 01:07:23.930014+05:30,130,4.36,SPEED_BELOW_10,2026-05-05 01:07:30.711724+05:30
8498,J4_BORELLA,2026-05-05 01:07:22.934098+05:30,124,2.77,SPEED_BELOW_10,2026-05-05 01:07:30.719745+05:30
8497,J4_BORELLA,2026-05-05 01:07:22.924711+05:30,109,7.67,SPEED_BELOW_10,2026-05-05 01:07:30.719745+05:30
8496,J1_KOLLUPITIYA,2026-05-05 01:07:22.921046+05:30,123,9.61,SPEED_BELOW_10,2026-05-05 01:07:30.719745+05:30
8504,J3_TOWN_HALL,2026-05-05 01:07:21.920206+05:30,136,9.36,SPEED_BELOW_10,2026-05-05 01:07:30.727795+05:30
8491,J2_BAMBALAPITIYA,2026-05-05 01:07:19.883626+05:30,115,8.87,SPEED_BELOW_10,2026-05-05 01:07:20.766638+05:30
8489,J3_TOWN_HALL,2026-05-05 01:07:18.878750+05:30,127,8.00,SPEED_BELOW_10,2026-05-05 01:07:20.764728+05:30
8494,J4_BORELLA,2026-05-05 01:07:15.795526+05:30,133,9.34,SPEED_BELOW_10,2026-05-05 01:07:20.774944+05:30
8493,J4_BORELLA,2026-05-05 01:07:15.770133+05:30,105,6.10,SPEED_BELOW_10,2026-05-05 01:07:20.774944+05:30
8490,J2_BAMBALAPITIYA,2026-05-05 01:07:12.777395+05:30,147,6.99,SPEED_BELOW_10,2026-05-05 01:07:20.766638+05:30
8492,J1_KOLLUPITIYA,2026-05-05 01:07:12.775671+05:30,132,2.98,SPEED_BELOW_10,2026-05-05 01:07:20.774944+05:30
8488,J3_TOWN_HALL,2026-05-05 01:07:11.742724+05:30,123,5.91,SPEED_BELOW_10,2026-05-05 01:07:20.764728+05:30
8485,J4_BORELLA,2026-05-05 01:07:09.726614+05:30,100,7.82,SPEED_BELOW_10,2026-05-05 01:07:10.722854+05:30
8487,J2_BAMBALAPITIYA,2026-05-05 01:07:07.706302+05:30,103,5.36,SPEED_BELOW_10,2026-05-05 01:07:10.724375+05:30
8484,J4_BORELLA,2026-05-05 01:07:04.718288+05:30,96,7.05,SPEED_BELOW_10,2026-05-05 01:07:10.722854+05:30
8486,J2_BAMBALAPITIYA,2026-05-05 01:07:02.651567+05:30,139,9.47,SPEED_BELOW_10,2026-05-05 01:07:10.724375+05:30
8483,J4_BORELLA,2026-05-05 01:07:01.685507+05:30,144,2.77,SPEED_BELOW_10,2026-05-05 01:07:10.722854+05:30
8482,J3_TOWN_HALL,2026-05-05 01:07:01.639336+05:30,103,4.90,SPEED_BELOW_10,2026-05-05 01:07:10.711409+05:30
8481,J3_TOWN_HALL,2026-05-05 01:07:00.508334+05:30,128,2.93,SPEED_BELOW_10,2026-05-05 01:07:10.711409+05:30
8478,J3_TOWN_HALL,2026-05-05 01:06:59.451491+05:30,123,6.17,SPEED_BELOW_10,2026-05-05 01:07:01.354093+05:30
8475,J4_BORELLA,2026-05-05 01:06:58.453388+05:30,96,6.47,SPEED_BELOW_10,2026-05-05 01:07:01.342275+05:30
8474,J1_KOLLUPITIYA,2026-05-05 01:06:58.445421+05:30,138,6.62,SPEED_BELOW_10,2026-05-05 01:07:01.342275+05:30
8473,J4_BORELLA,2026-05-05 01:06:56.438161+05:30,93,3.13,SPEED_BELOW_10,2026-05-05 01:07:01.342275+05:30
8477,J3_TOWN_HALL,2026-05-05 01:06:55.430119+05:30,111,6.38,SPEED_BELOW_10,2026-05-05 01:07:01.354093+05:30
8472,J4_BORELLA,2026-05-05 01:06:55.423079+05:30,108,6.32,SPEED_BELOW_10,2026-05-05 01:07:01.342275+05:30
8480,J2_BAMBALAPITIYA,2026-05-05 01:06:55.422453+05:30,117,6.63,SPEED_BELOW_10,2026-05-05 01:07:01.359506+05:30
8479,J2_BAMBALAPITIYA,2026-05-05 01:06:55.420063+05:30,114,3.01,SPEED_BELOW_10,2026-05-05 01:07:01.359506+05:30
8476,J3_TOWN_HALL,2026-05-05 01:06:53.399710+05:30,130,7.12,SPEED_BELOW_10,2026-05-05 01:07:01.354093+05:30
8471,J1_KOLLUPITIYA,2026-05-05 01:06:53.360200+05:30,136,2.79,SPEED_BELOW_10,2026-05-05 01:07:01.342275+05:30
8470,J4_BORELLA,2026-05-05 01:06:52.388488+05:30,104,9.78,SPEED_BELOW_10,2026-05-05 01:07:01.342275+05:30
8469,J3_TOWN_HALL,2026-05-05 01:06:48.055932+05:30,135,5.71,SPEED_BELOW_10,2026-05-05 01:06:50.835056+05:30
8468,J4_BORELLA,2026-05-05 01:06:47.047022+05:30,124,3.31,SPEED_BELOW_10,2026-05-05 01:06:50.827217+05:30
8467,J4_BORELLA,2026-05-05 01:06:42.987328+05:30,110,3.17,SPEED_BELOW_10,2026-05-05 01:06:50.827217+05:30
8464,J2_BAMBALAPITIYA,2026-05-05 01:06:42.971223+05:30,118,2.74,SPEED_BELOW_10,2026-05-05 01:06:50.798140+05:30
8466,J4_BORELLA,2026-05-05 01:06:41.979769+05:30,111,3.29,SPEED_BELOW_10,2026-05-05 01:06:50.827217+05:30
8463,J2_BAMBALAPITIYA,2026-05-05 01:06:41.972541+05:30,120,3.66,SPEED_BELOW_10,2026-05-05 01:06:50.798140+05:30
8465,J1_KOLLUPITIYA,2026-05-05 01:06:41.887289+05:30,101,5.27,SPEED_BELOW_10,2026-05-05 01:06:50.827217+05:30
8462,J4_BORELLA,2026-05-05 01:06:37.856781+05:30,115,5.35,SPEED_BELOW_10,2026-05-05 01:06:40.709875+05:30
8461,J1_KOLLUPITIYA,2026-05-05 01:06:37.849303+05:30,144,2.76,SPEED_BELOW_10,2026-05-05 01:06:40.709875+05:30
8457,J2_BAMBALAPITIYA,2026-05-05 01:06:35.840290+05:30,144,4.91,SPEED_BELOW_10,2026-05-05 01:06:40.710395+05:30
8460,J1_KOLLUPITIYA,2026-05-05 01:06:34.918472+05:30,126,6.72,SPEED_BELOW_10,2026-05-05 01:06:40.709875+05:30
8459,J4_BORELLA,2026-05-05 01:06:32.850722+05:30,130,4.75,SPEED_BELOW_10,2026-05-05 01:06:40.709875+05:30
8458,J1_KOLLUPITIYA,2026-05-05 01:06:30.724893+05:30,142,9.22,SPEED_BELOW_10,2026-05-05 01:06:40.709875+05:30
8455,J4_BORELLA,2026-05-05 01:06:29.748552+05:30,104,2.16,SPEED_BELOW_10,2026-05-05 01:06:30.930922+05:30
8451,J2_BAMBALAPITIYA,2026-05-05 01:06:29.742299+05:30,144,6.69,SPEED_BELOW_10,2026-05-05 01:06:30.892624+05:30
8454,J4_BORELLA,2026-05-05 01:06:27.725034+05:30,138,9.56,SPEED_BELOW_10,2026-05-05 01:06:30.930922+05:30
8453,J4_BORELLA,2026-05-05 01:06:27.718480+05:30,108,7.62,SPEED_BELOW_10,2026-05-05 01:06:30.930922+05:30
8456,J3_TOWN_HALL,2026-05-05 01:06:27.715514+05:30,125,5.23,SPEED_BELOW_10,2026-05-05 01:06:30.951748+05:30
8452,J4_BORELLA,2026-05-05 01:06:25.686215+05:30,137,9.81,SPEED_BELOW_10,2026-05-05 01:06:30.930922+05:30
8447,J3_TOWN_HALL,2026-05-05 01:06:17.642676+05:30,109,4.59,SPEED_BELOW_10,2026-05-05 01:06:20.655282+05:30
8450,J1_KOLLUPITIYA,2026-05-05 01:06:13.609025+05:30,96,4.00,SPEED_BELOW_10,2026-05-05 01:06:20.693542+05:30
8449,J4_BORELLA,2026-05-05 01:06:12.605154+05:30,90,6.47,SPEED_BELOW_10,2026-05-05 01:06:20.693542+05:30
8448,J1_KOLLUPITIYA,2026-05-05 01:06:10.595910+05:30,124,6.59,SPEED_BELOW_10,2026-05-05 01:06:20.693542+05:30
8446,J3_TOWN_HALL,2026-05-05 01:06:10.582492+05:30,104,3.03,SPEED_BELOW_10,2026-05-05 01:06:20.655282+05:30
8444,J1_KOLLUPITIYA,2026-05-05 01:06:08.571751+05:30,114,7.09,SPEED_BELOW_10,2026-05-05 01:06:10.653858+05:30
8443,J4_BORELLA,2026-05-05 01:06:05.559265+05:30,142,6.12,SPEED_BELOW_10,2026-05-05 01:06:10.653858+05:30
8438,J3_TOWN_HALL,2026-05-05 01:06:03.550225+05:30,134,3.18,SPEED_BELOW_10,2026-05-05 01:06:10.651755+05:30
8442,J1_KOLLUPITIYA,2026-05-05 01:06:03.546354+05:30,117,9.40,SPEED_BELOW_10,2026-05-05 01:06:10.653858+05:30
8441,J4_BORELLA,2026-05-05 01:06:02.541132+05:30,115,9.52,SPEED_BELOW_10,2026-05-05 01:06:10.653858+05:30
8440,J1_KOLLUPITIYA,2026-05-05 01:06:02.538188+05:30,148,5.42,SPEED_BELOW_10,2026-05-05 01:06:10.653858+05:30
8439,J4_BORELLA,2026-05-05 01:06:01.550898+05:30,116,3.40,SPEED_BELOW_10,2026-05-05 01:06:10.653858+05:30
8445,J2_BAMBALAPITIYA,2026-05-05 01:06:01.532139+05:30,144,7.59,SPEED_BELOW_10,2026-05-05 01:06:10.656223+05:30
8435,J2_BAMBALAPITIYA,2026-05-05 01:05:58.504606+05:30,132,6.52,SPEED_BELOW_10,2026-05-05 01:06:00.629710+05:30
8433,J1_KOLLUPITIYA,2026-05-05 01:05:57.504728+05:30,131,2.33,SPEED_BELOW_10,2026-05-05 01:06:00.537100+05:30
8437,J3_TOWN_HALL,2026-05-05 01:05:55.495374+05:30,143,4.42,SPEED_BELOW_10,2026-05-05 01:06:00.657778+05:30
8434,J2_BAMBALAPITIYA,2026-05-05 01:05:55.492494+05:30,100,5.09,SPEED_BELOW_10,2026-05-05 01:06:00.629710+05:30
8432,J1_KOLLUPITIYA,2026-05-05 01:05:55.490579+05:30,121,8.55,SPEED_BELOW_10,2026-05-05 01:06:00.537100+05:30
8431,J1_KOLLUPITIYA,2026-05-05 01:05:53.472553+05:30,116,7.12,SPEED_BELOW_10,2026-05-05 01:06:00.537100+05:30
8436,J3_TOWN_HALL,2026-05-05 01:05:50.452138+05:30,134,6.01,SPEED_BELOW_10,2026-05-05 01:06:00.657778+05:30
8430,J1_KOLLUPITIYA,2026-05-05 01:05:50.448911+05:30,113,3.45,SPEED_BELOW_10,2026-05-05 01:06:00.537100+05:30
8429,J1_KOLLUPITIYA,2026-05-05 01:05:47.429863+05:30,141,7.87,SPEED_BELOW_10,2026-05-05 01:05:50.541710+05:30
8428,J3_TOWN_HALL,2026-05-05 01:05:41.400930+05:30,112,5.16,SPEED_BELOW_10,2026-05-05 01:05:50.544751+05:30
8424,J2_BAMBALAPITIYA,2026-05-05 01:05:39.313172+05:30,138,8.23,SPEED_BELOW_10,2026-05-05 01:05:40.487076+05:30
8427,J3_TOWN_HALL,2026-05-05 01:05:36.301782+05:30,107,4.17,SPEED_BELOW_10,2026-05-05 01:05:40.506813+05:30
8423,J2_BAMBALAPITIYA,2026-05-05 01:05:36.298059+05:30,97,7.78,SPEED_BELOW_10,2026-05-05 01:05:40.487076+05:30
8426,J3_TOWN_HALL,2026-05-05 01:05:36.273223+05:30,126,6.21,SPEED_BELOW_10,2026-05-05 01:05:40.506813+05:30
8422,J4_BORELLA,2026-05-05 01:05:35.283021+05:30,112,3.03,SPEED_BELOW_10,2026-05-05 01:05:40.481562+05:30
8425,J3_TOWN_HALL,2026-05-05 01:05:34.248880+05:30,90,5.83,SPEED_BELOW_10,2026-05-05 01:05:40.506813+05:30
8421,J1_KOLLUPITIYA,2026-05-05 01:05:34.218689+05:30,130,7.98,SPEED_BELOW_10,2026-05-05 01:05:40.481562+05:30
8420,J1_KOLLUPITIYA,2026-05-05 01:05:31.175471+05:30,106,4.44,SPEED_BELOW_10,2026-05-05 01:05:40.481562+05:30
8419,J2_BAMBALAPITIYA,2026-05-05 01:05:27.151806+05:30,130,7.53,SPEED_BELOW_10,2026-05-05 01:05:30.883638+05:30
8418,J2_BAMBALAPITIYA,2026-05-05 01:05:25.140152+05:30,119,5.35,SPEED_BELOW_10,2026-05-05 01:05:30.883638+05:30
8417,J2_BAMBALAPITIYA,2026-05-05 01:05:23.116246+05:30,119,9.34,SPEED_BELOW_10,2026-05-05 01:05:30.883638+05:30
8416,J3_TOWN_HALL,2026-05-05 01:05:22.106343+05:30,116,8.69,SPEED_BELOW_10,2026-05-05 01:05:30.863693+05:30
8415,J4_BORELLA,2026-05-05 01:05:17.008060+05:30,103,4.85,SPEED_BELOW_10,2026-05-05 01:05:20.803425+05:30
8414,J1_KOLLUPITIYA,2026-05-05 01:05:17.001623+05:30,106,9.85,SPEED_BELOW_10,2026-05-05 01:05:20.803425+05:30
8413,J4_BORELLA,2026-05-05 01:05:12.027306+05:30,119,5.85,SPEED_BELOW_10,2026-05-05 01:05:20.803425+05:30
8408,J3_TOWN_HALL,2026-05-05 01:05:09.989339+05:30,113,4.96,SPEED_BELOW_10,2026-05-05 01:05:10.792199+05:30
8407,J3_TOWN_HALL,2026-05-05 01:05:09.870117+05:30,137,6.90,SPEED_BELOW_10,2026-05-05 01:05:10.792199+05:30
8404,J2_BAMBALAPITIYA,2026-05-05 01:05:07.934086+05:30,92,8.29,SPEED_BELOW_10,2026-05-05 01:05:10.783196+05:30
8412,J1_KOLLUPITIYA,2026-05-05 01:05:07.931877+05:30,143,2.65,SPEED_BELOW_10,2026-05-05 01:05:10.802618+05:30
8403,J2_BAMBALAPITIYA,2026-05-05 01:05:06.926343+05:30,131,7.21,SPEED_BELOW_10,2026-05-05 01:05:10.783196+05:30
8411,J1_KOLLUPITIYA,2026-05-05 01:05:06.923334+05:30,90,2.87,SPEED_BELOW_10,2026-05-05 01:05:10.802618+05:30
8410,J1_KOLLUPITIYA,2026-05-05 01:05:06.853698+05:30,108,3.71,SPEED_BELOW_10,2026-05-05 01:05:10.802618+05:30
8409,J1_KOLLUPITIYA,2026-05-05 01:05:04.953785+05:30,107,6.20,SPEED_BELOW_10,2026-05-05 01:05:10.802618+05:30
8406,J3_TOWN_HALL,2026-05-05 01:05:04.909095+05:30,144,8.75,SPEED_BELOW_10,2026-05-05 01:05:10.792199+05:30
8405,J3_TOWN_HALL,2026-05-05 01:05:00.874540+05:30,125,2.96,SPEED_BELOW_10,2026-05-05 01:05:10.792199+05:30
8402,J2_BAMBALAPITIYA,2026-05-05 01:05:00.780798+05:30,131,7.42,SPEED_BELOW_10,2026-05-05 01:05:10.783196+05:30
8401,J2_BAMBALAPITIYA,2026-05-05 01:04:54.697428+05:30,140,5.10,SPEED_BELOW_10,2026-05-05 01:05:00.956435+05:30
8399,J2_BAMBALAPITIYA,2026-05-05 01:04:49.421108+05:30,134,5.11,SPEED_BELOW_10,2026-05-05 01:04:50.515685+05:30
8398,J2_BAMBALAPITIYA,2026-05-05 01:04:46.474348+05:30,110,3.90,SPEED_BELOW_10,2026-05-05 01:04:50.515685+05:30
8400,J1_KOLLUPITIYA,2026-05-05 01:04:45.397718+05:30,109,6.58,SPEED_BELOW_10,2026-05-05 01:04:50.522928+05:30
8397,J2_BAMBALAPITIYA,2026-05-05 01:04:42.405935+05:30,109,8.50,SPEED_BELOW_10,2026-05-05 01:04:50.515685+05:30
8389,J1_KOLLUPITIYA,2026-05-05 01:04:39.323581+05:30,116,8.13,SPEED_BELOW_10,2026-05-05 01:04:40.417212+05:30
8396,J3_TOWN_HALL,2026-05-05 01:04:38.316697+05:30,145,3.70,SPEED_BELOW_10,2026-05-05 01:04:40.482287+05:30
8388,J1_KOLLUPITIYA,2026-05-05 01:04:37.304770+05:30,139,4.55,SPEED_BELOW_10,2026-05-05 01:04:40.417212+05:30
8392,J2_BAMBALAPITIYA,2026-05-05 01:04:36.366806+05:30,96,5.93,SPEED_BELOW_10,2026-05-05 01:04:40.465485+05:30
8387,J4_BORELLA,2026-05-05 01:04:35.282260+05:30,147,3.07,SPEED_BELOW_10,2026-05-05 01:04:40.417212+05:30
8395,J3_TOWN_HALL,2026-05-05 01:04:35.275806+05:30,133,7.40,SPEED_BELOW_10,2026-05-05 01:04:40.482287+05:30
8394,J3_TOWN_HALL,2026-05-05 01:04:34.252186+05:30,104,8.49,SPEED_BELOW_10,2026-05-05 01:04:40.482287+05:30
8391,J2_BAMBALAPITIYA,2026-05-05 01:04:33.232256+05:30,121,3.50,SPEED_BELOW_10,2026-05-05 01:04:40.465485+05:30
8390,J2_BAMBALAPITIYA,2026-05-05 01:04:31.275564+05:30,106,6.27,SPEED_BELOW_10,2026-05-05 01:04:40.465485+05:30
8393,J3_TOWN_HALL,2026-05-05 01:04:30.269515+05:30,131,6.72,SPEED_BELOW_10,2026-05-05 01:04:40.482287+05:30
8386,J4_BORELLA,2026-05-05 01:04:29.242634+05:30,110,6.38,SPEED_BELOW_10,2026-05-05 01:04:30.307846+05:30
8379,J3_TOWN_HALL,2026-05-05 01:04:29.238745+05:30,132,8.26,SPEED_BELOW_10,2026-05-05 01:04:30.298503+05:30
8385,J4_BORELLA,2026-05-05 01:04:29.203367+05:30,97,4.11,SPEED_BELOW_10,2026-05-05 01:04:30.307846+05:30
8384,J1_KOLLUPITIYA,2026-05-05 01:04:27.210890+05:30,106,5.05,SPEED_BELOW_10,2026-05-05 01:04:30.307846+05:30
8378,J2_BAMBALAPITIYA,2026-05-05 01:04:27.208237+05:30,119,5.76,SPEED_BELOW_10,2026-05-05 01:04:30.292032+05:30
8383,J4_BORELLA,2026-05-05 01:04:26.203141+05:30,120,4.66,SPEED_BELOW_10,2026-05-05 01:04:30.307846+05:30
8377,J2_BAMBALAPITIYA,2026-05-05 01:04:26.200112+05:30,143,7.42,SPEED_BELOW_10,2026-05-05 01:04:30.292032+05:30
8376,J2_BAMBALAPITIYA,2026-05-05 01:04:26.177108+05:30,91,9.55,SPEED_BELOW_10,2026-05-05 01:04:30.292032+05:30
8382,J1_KOLLUPITIYA,2026-05-05 01:04:25.199253+05:30,92,8.81,SPEED_BELOW_10,2026-05-05 01:04:30.307846+05:30
8381,J4_BORELLA,2026-05-05 01:04:25.173339+05:30,145,7.91,SPEED_BELOW_10,2026-05-05 01:04:30.307846+05:30
8380,J1_KOLLUPITIYA,2026-05-05 01:04:21.160002+05:30,123,4.19,SPEED_BELOW_10,2026-05-05 01:04:30.307846+05:30
8375,J1_KOLLUPITIYA,2026-05-05 01:04:18.100010+05:30,90,6.90,SPEED_BELOW_10,2026-05-05 01:04:20.312476+05:30
8372,J3_TOWN_HALL,2026-05-05 01:04:16.072761+05:30,125,8.97,SPEED_BELOW_10,2026-05-05 01:04:20.279663+05:30
8374,J1_KOLLUPITIYA,2026-05-05 01:04:16.068939+05:30,123,6.71,SPEED_BELOW_10,2026-05-05 01:04:20.312476+05:30
8373,J4_BORELLA,2026-05-05 01:04:15.020464+05:30,110,6.06,SPEED_BELOW_10,2026-05-05 01:04:20.312476+05:30
8369,J4_BORELLA,2026-05-05 01:04:08.003387+05:30,129,9.50,SPEED_BELOW_10,2026-05-05 01:04:10.687534+05:30
8368,J1_KOLLUPITIYA,2026-05-05 01:04:07.998766+05:30,130,6.10,SPEED_BELOW_10,2026-05-05 01:04:10.687534+05:30
8367,J4_BORELLA,2026-05-05 01:04:07.012518+05:30,92,8.59,SPEED_BELOW_10,2026-05-05 01:04:10.687534+05:30
8364,J3_TOWN_HALL,2026-05-05 01:04:06.969619+05:30,105,2.42,SPEED_BELOW_10,2026-05-05 01:04:10.686322+05:30
8366,J4_BORELLA,2026-05-05 01:04:03.991034+05:30,98,3.29,SPEED_BELOW_10,2026-05-05 01:04:10.687534+05:30
8365,J1_KOLLUPITIYA,2026-05-05 01:04:02.977319+05:30,117,5.91,SPEED_BELOW_10,2026-05-05 01:04:10.687534+05:30
8371,J2_BAMBALAPITIYA,2026-05-05 01:04:01.943200+05:30,127,3.47,SPEED_BELOW_10,2026-05-05 01:04:10.689981+05:30
8370,J2_BAMBALAPITIYA,2026-05-05 01:04:00.937818+05:30,114,2.84,SPEED_BELOW_10,2026-05-05 01:04:10.689981+05:30
8357,J2_BAMBALAPITIYA,2026-05-05 01:03:59.956738+05:30,116,5.93,SPEED_BELOW_10,2026-05-05 01:04:00.709770+05:30
8363,J1_KOLLUPITIYA,2026-05-05 01:03:59.929712+05:30,120,4.36,SPEED_BELOW_10,2026-05-05 01:04:00.714670+05:30
8362,J4_BORELLA,2026-05-05 01:03:57.934267+05:30,150,8.97,SPEED_BELOW_10,2026-05-05 01:04:00.714670+05:30
8361,J4_BORELLA,2026-05-05 01:03:55.884191+05:30,129,7.35,SPEED_BELOW_10,2026-05-05 01:04:00.714670+05:30
8360,J1_KOLLUPITIYA,2026-05-05 01:03:53.795059+05:30,104,5.57,SPEED_BELOW_10,2026-05-05 01:04:00.714670+05:30
8359,J4_BORELLA,2026-05-05 01:03:52.859102+05:30,90,6.75,SPEED_BELOW_10,2026-05-05 01:04:00.714670+05:30
8358,J4_BORELLA,2026-05-05 01:03:51.833851+05:30,93,3.89,SPEED_BELOW_10,2026-05-05 01:04:00.714670+05:30
8355,J1_KOLLUPITIYA,2026-05-05 01:03:47.820873+05:30,132,3.45,SPEED_BELOW_10,2026-05-05 01:03:50.687262+05:30
8356,J2_BAMBALAPITIYA,2026-05-05 01:03:45.795163+05:30,119,2.41,SPEED_BELOW_10,2026-05-05 01:03:50.688975+05:30
8354,J4_BORELLA,2026-05-05 01:03:44.775495+05:30,140,9.46,SPEED_BELOW_10,2026-05-05 01:03:50.687262+05:30
8353,J1_KOLLUPITIYA,2026-05-05 01:03:44.768224+05:30,130,5.27,SPEED_BELOW_10,2026-05-05 01:03:50.687262+05:30
8352,J1_KOLLUPITIYA,2026-05-05 01:03:42.690369+05:30,111,7.87,SPEED_BELOW_10,2026-05-05 01:03:50.687262+05:30
8351,J3_TOWN_HALL,2026-05-05 01:03:41.561313+05:30,113,9.71,SPEED_BELOW_10,2026-05-05 01:03:50.681914+05:30
8350,J1_KOLLUPITIYA,2026-05-05 01:03:39.466233+05:30,105,8.08,SPEED_BELOW_10,2026-05-05 01:03:40.507182+05:30
8349,J4_BORELLA,2026-05-05 01:03:38.463419+05:30,113,7.32,SPEED_BELOW_10,2026-05-05 01:03:40.507182+05:30
8346,J3_TOWN_HALL,2026-05-05 01:03:38.448439+05:30,110,2.93,SPEED_BELOW_10,2026-05-05 01:03:40.501926+05:30
8348,J4_BORELLA,2026-05-05 01:03:35.443077+05:30,141,4.79,SPEED_BELOW_10,2026-05-05 01:03:40.507182+05:30
8345,J2_BAMBALAPITIYA,2026-05-05 01:03:35.441110+05:30,96,3.94,SPEED_BELOW_10,2026-05-05 01:03:40.456807+05:30
8347,J1_KOLLUPITIYA,2026-05-05 01:03:35.439202+05:30,108,3.97,SPEED_BELOW_10,2026-05-05 01:03:40.507182+05:30
8341,J2_BAMBALAPITIYA,2026-05-05 01:03:24.339158+05:30,134,8.54,SPEED_BELOW_10,2026-05-05 01:03:30.377719+05:30
8343,J1_KOLLUPITIYA,2026-05-05 01:03:23.333143+05:30,122,5.70,SPEED_BELOW_10,2026-05-05 01:03:30.379292+05:30
8344,J1_KOLLUPITIYA,2026-05-05 01:03:23.332771+05:30,146,5.45,SPEED_BELOW_10,2026-05-05 01:03:30.379292+05:30
8342,J4_BORELLA,2026-05-05 01:03:22.268999+05:30,125,2.53,SPEED_BELOW_10,2026-05-05 01:03:30.379292+05:30
8340,J3_TOWN_HALL,2026-05-05 01:03:19.249481+05:30,115,7.77,SPEED_BELOW_10,2026-05-05 01:03:20.357748+05:30
8339,J3_TOWN_HALL,2026-05-05 01:03:18.297739+05:30,126,6.88,SPEED_BELOW_10,2026-05-05 01:03:20.357748+05:30
8335,J2_BAMBALAPITIYA,2026-05-05 01:03:18.242267+05:30,131,2.33,SPEED_BELOW_10,2026-05-05 01:03:20.340275+05:30
8338,J3_TOWN_HALL,2026-05-05 01:03:17.237397+05:30,119,5.03,SPEED_BELOW_10,2026-05-05 01:03:20.357748+05:30
8334,J2_BAMBALAPITIYA,2026-05-05 01:03:17.236221+05:30,116,7.61,SPEED_BELOW_10,2026-05-05 01:03:20.340275+05:30
8332,J1_KOLLUPITIYA,2026-05-05 01:03:16.285290+05:30,103,8.69,SPEED_BELOW_10,2026-05-05 01:03:20.330131+05:30
8337,J3_TOWN_HALL,2026-05-05 01:03:13.209202+05:30,116,9.22,SPEED_BELOW_10,2026-05-05 01:03:20.357748+05:30
8336,J3_TOWN_HALL,2026-05-05 01:03:10.243556+05:30,121,6.48,SPEED_BELOW_10,2026-05-05 01:03:20.357748+05:30
8333,J2_BAMBALAPITIYA,2026-05-05 01:03:10.240099+05:30,121,9.41,SPEED_BELOW_10,2026-05-05 01:03:20.340275+05:30
8329,J4_BORELLA,2026-05-05 01:03:09.231711+05:30,139,8.61,SPEED_BELOW_10,2026-05-05 01:03:10.247648+05:30
8331,J3_TOWN_HALL,2026-05-05 01:03:09.229369+05:30,113,9.87,SPEED_BELOW_10,2026-05-05 01:03:10.261518+05:30
8330,J3_TOWN_HALL,2026-05-05 01:03:09.176198+05:30,116,6.66,SPEED_BELOW_10,2026-05-05 01:03:10.261518+05:30
8328,J4_BORELLA,2026-05-05 01:03:05.207712+05:30,111,6.45,SPEED_BELOW_10,2026-05-05 01:03:10.247648+05:30
8327,J2_BAMBALAPITIYA,2026-05-05 01:03:02.186920+05:30,97,4.77,SPEED_BELOW_10,2026-05-05 01:03:10.244334+05:30
8326,J3_TOWN_HALL,2026-05-05 01:02:58.151271+05:30,125,3.04,SPEED_BELOW_10,2026-05-05 01:03:00.220915+05:30
8325,J3_TOWN_HALL,2026-05-05 01:02:57.146454+05:30,137,3.28,SPEED_BELOW_10,2026-05-05 01:03:00.220915+05:30
8323,J1_KOLLUPITIYA,2026-05-05 01:02:55.125810+05:30,109,3.03,SPEED_BELOW_10,2026-05-05 01:03:00.218274+05:30
8324,J3_TOWN_HALL,2026-05-05 01:02:55.094215+05:30,149,7.04,SPEED_BELOW_10,2026-05-05 01:03:00.220915+05:30
8322,J4_BORELLA,2026-05-05 01:02:52.112030+05:30,141,2.78,SPEED_BELOW_10,2026-05-05 01:03:00.218274+05:30
8321,J1_KOLLUPITIYA,2026-05-05 01:02:52.071826+05:30,96,6.16,SPEED_BELOW_10,2026-05-05 01:03:00.218274+05:30
8319,J4_BORELLA,2026-05-05 01:02:51.073511+05:30,127,6.39,SPEED_BELOW_10,2026-05-05 01:03:00.218274+05:30
8320,J2_BAMBALAPITIYA,2026-05-05 01:02:50.979972+05:30,129,6.08,SPEED_BELOW_10,2026-05-05 01:03:00.218396+05:30
8318,J3_TOWN_HALL,2026-05-05 01:02:49.862443+05:30,102,4.51,SPEED_BELOW_10,2026-05-05 01:02:50.799205+05:30
8317,J3_TOWN_HALL,2026-05-05 01:02:47.763517+05:30,131,3.89,SPEED_BELOW_10,2026-05-05 01:02:50.799205+05:30
8315,J1_KOLLUPITIYA,2026-05-05 01:02:47.759275+05:30,133,8.08,SPEED_BELOW_10,2026-05-05 01:02:50.784021+05:30
8314,J4_BORELLA,2026-05-05 01:02:46.756320+05:30,114,2.18,SPEED_BELOW_10,2026-05-05 01:02:50.784021+05:30
8316,J3_TOWN_HALL,2026-05-05 01:02:46.740240+05:30,93,5.81,SPEED_BELOW_10,2026-05-05 01:02:50.799205+05:30
8311,J1_KOLLUPITIYA,2026-05-05 01:02:39.669789+05:30,117,2.07,SPEED_BELOW_10,2026-05-05 01:02:40.768123+05:30
8310,J4_BORELLA,2026-05-05 01:02:38.677101+05:30,110,6.21,SPEED_BELOW_10,2026-05-05 01:02:40.768123+05:30
8309,J4_BORELLA,2026-05-05 01:02:36.664670+05:30,127,2.30,SPEED_BELOW_10,2026-05-05 01:02:40.768123+05:30
8313,J3_TOWN_HALL,2026-05-05 01:02:33.645263+05:30,98,2.60,SPEED_BELOW_10,2026-05-05 01:02:40.779889+05:30
8308,J1_KOLLUPITIYA,2026-05-05 01:02:33.630801+05:30,143,8.80,SPEED_BELOW_10,2026-05-05 01:02:40.768123+05:30
8307,J1_KOLLUPITIYA,2026-05-05 01:02:32.636213+05:30,140,7.46,SPEED_BELOW_10,2026-05-05 01:02:40.768123+05:30
8312,J3_TOWN_HALL,2026-05-05 01:02:31.631469+05:30,141,6.08,SPEED_BELOW_10,2026-05-05 01:02:40.779889+05:30
8306,J2_BAMBALAPITIYA,2026-05-05 01:02:30.582373+05:30,117,6.38,SPEED_BELOW_10,2026-05-05 01:02:40.703856+05:30
8305,J4_BORELLA,2026-05-05 01:02:29.611525+05:30,108,7.76,SPEED_BELOW_10,2026-05-05 01:02:30.650242+05:30
8304,J1_KOLLUPITIYA,2026-05-05 01:02:25.545058+05:30,136,7.69,SPEED_BELOW_10,2026-05-05 01:02:30.650242+05:30
8303,J4_BORELLA,2026-05-05 01:02:24.541718+05:30,131,9.38,SPEED_BELOW_10,2026-05-05 01:02:30.650242+05:30
8302,J4_BORELLA,2026-05-05 01:02:22.560115+05:30,138,9.48,SPEED_BELOW_10,2026-05-05 01:02:30.650242+05:30
8300,J2_BAMBALAPITIYA,2026-05-05 01:02:22.557955+05:30,148,4.77,SPEED_BELOW_10,2026-05-05 01:02:30.591315+05:30
8301,J1_KOLLUPITIYA,2026-05-05 01:02:21.556816+05:30,135,4.95,SPEED_BELOW_10,2026-05-05 01:02:30.650242+05:30
8299,J2_BAMBALAPITIYA,2026-05-05 01:02:20.513538+05:30,95,3.44,SPEED_BELOW_10,2026-05-05 01:02:30.591315+05:30
8296,J1_KOLLUPITIYA,2026-05-05 01:02:19.537269+05:30,90,2.52,SPEED_BELOW_10,2026-05-05 01:02:20.615895+05:30
8294,J3_TOWN_HALL,2026-05-05 01:02:18.530544+05:30,131,7.73,SPEED_BELOW_10,2026-05-05 01:02:20.621848+05:30
8295,J1_KOLLUPITIYA,2026-05-05 01:02:18.528431+05:30,100,3.65,SPEED_BELOW_10,2026-05-05 01:02:20.615895+05:30
8293,J3_TOWN_HALL,2026-05-05 01:02:18.500918+05:30,103,6.00,SPEED_BELOW_10,2026-05-05 01:02:20.621848+05:30
8292,J3_TOWN_HALL,2026-05-05 01:02:17.526197+05:30,108,8.94,SPEED_BELOW_10,2026-05-05 01:02:20.621848+05:30
8298,J2_BAMBALAPITIYA,2026-05-05 01:02:11.488140+05:30,103,7.68,SPEED_BELOW_10,2026-05-05 01:02:20.632771+05:30
8291,J3_TOWN_HALL,2026-05-05 01:02:10.480610+05:30,145,7.66,SPEED_BELOW_10,2026-05-05 01:02:20.621848+05:30
8297,J2_BAMBALAPITIYA,2026-05-05 01:02:10.480544+05:30,100,4.17,SPEED_BELOW_10,2026-05-05 01:02:20.632771+05:30
8286,J4_BORELLA,2026-05-05 01:02:09.473168+05:30,93,2.75,SPEED_BELOW_10,2026-05-05 01:02:10.525575+05:30
8288,J3_TOWN_HALL,2026-05-05 01:02:09.449792+05:30,104,7.74,SPEED_BELOW_10,2026-05-05 01:02:10.530441+05:30
8287,J3_TOWN_HALL,2026-05-05 01:02:08.466629+05:30,119,7.04,SPEED_BELOW_10,2026-05-05 01:02:10.530441+05:30
8285,J1_KOLLUPITIYA,2026-05-05 01:02:07.458239+05:30,104,4.32,SPEED_BELOW_10,2026-05-05 01:02:10.525575+05:30
8284,J1_KOLLUPITIYA,2026-05-05 01:02:06.430435+05:30,94,6.17,SPEED_BELOW_10,2026-05-05 01:02:10.525575+05:30
8290,J2_BAMBALAPITIYA,2026-05-05 01:02:05.448396+05:30,133,7.04,SPEED_BELOW_10,2026-05-05 01:02:10.535230+05:30
8283,J4_BORELLA,2026-05-05 01:02:04.442918+05:30,129,7.22,SPEED_BELOW_10,2026-05-05 01:02:10.525575+05:30
8282,J4_BORELLA,2026-05-05 01:02:02.438433+05:30,133,2.72,SPEED_BELOW_10,2026-05-05 01:02:10.525575+05:30
8289,J2_BAMBALAPITIYA,2026-05-05 01:02:02.408648+05:30,141,3.47,SPEED_BELOW_10,2026-05-05 01:02:10.535230+05:30
8281,J3_TOWN_HALL,2026-05-05 01:01:59.417911+05:30,143,5.39,SPEED_BELOW_10,2026-05-05 01:02:00.469384+05:30
8280,J2_BAMBALAPITIYA,2026-05-05 01:01:57.392317+05:30,136,6.95,SPEED_BELOW_10,2026-05-05 01:02:00.469320+05:30
8278,J2_BAMBALAPITIYA,2026-05-05 01:01:55.336232+05:30,147,9.37,SPEED_BELOW_10,2026-05-05 01:02:00.469320+05:30
8279,J3_TOWN_HALL,2026-05-05 01:01:54.395425+05:30,99,6.61,SPEED_BELOW_10,2026-05-05 01:02:00.469384+05:30
8277,J1_KOLLUPITIYA,2026-05-05 01:01:54.392768+05:30,104,7.25,SPEED_BELOW_10,2026-05-05 01:02:00.454675+05:30
8276,J4_BORELLA,2026-05-05 01:01:52.381114+05:30,114,7.73,SPEED_BELOW_10,2026-05-05 01:02:00.454675+05:30
8275,J2_BAMBALAPITIYA,2026-05-05 01:01:48.324017+05:30,137,3.26,SPEED_BELOW_10,2026-05-05 01:01:50.386246+05:30
8274,J2_BAMBALAPITIYA,2026-05-05 01:01:46.314004+05:30,123,9.56,SPEED_BELOW_10,2026-05-05 01:01:50.386246+05:30
8273,J3_TOWN_HALL,2026-05-05 01:01:44.260446+05:30,121,3.47,SPEED_BELOW_10,2026-05-05 01:01:50.374952+05:30
8272,J3_TOWN_HALL,2026-05-05 01:01:42.250423+05:30,98,7.13,SPEED_BELOW_10,2026-05-05 01:01:50.374952+05:30
8267,J1_KOLLUPITIYA,2026-05-05 01:01:39.253679+05:30,111,3.39,SPEED_BELOW_10,2026-05-05 01:01:40.281552+05:30
8266,J1_KOLLUPITIYA,2026-05-05 01:01:38.227509+05:30,125,2.27,SPEED_BELOW_10,2026-05-05 01:01:40.281552+05:30
8271,J3_TOWN_HALL,2026-05-05 01:01:37.281351+05:30,118,7.89,SPEED_BELOW_10,2026-05-05 01:01:40.369161+05:30
8265,J4_BORELLA,2026-05-05 01:01:37.245978+05:30,117,7.09,SPEED_BELOW_10,2026-05-05 01:01:40.281552+05:30
8268,J2_BAMBALAPITIYA,2026-05-05 01:01:36.232885+05:30,105,2.08,SPEED_BELOW_10,2026-05-05 01:01:40.347922+05:30
8270,J3_TOWN_HALL,2026-05-05 01:01:34.204268+05:30,145,8.39,SPEED_BELOW_10,2026-05-05 01:01:40.369161+05:30
8269,J3_TOWN_HALL,2026-05-05 01:01:31.247353+05:30,114,5.01,SPEED_BELOW_10,2026-05-05 01:01:40.369161+05:30
8264,J1_KOLLUPITIYA,2026-05-05 01:01:30.167304+05:30,145,6.32,SPEED_BELOW_10,2026-05-05 01:01:40.281552+05:30
8260,J4_BORELLA,2026-05-05 01:01:29.232895+05:30,114,4.86,SPEED_BELOW_10,2026-05-05 01:01:30.243290+05:30
8263,J3_TOWN_HALL,2026-05-05 01:01:25.139648+05:30,101,8.76,SPEED_BELOW_10,2026-05-05 01:01:30.252386+05:30
8262,J3_TOWN_HALL,2026-05-05 01:01:23.187612+05:30,149,6.75,SPEED_BELOW_10,2026-05-05 01:01:30.252386+05:30
8261,J3_TOWN_HALL,2026-05-05 01:01:23.125741+05:30,141,9.83,SPEED_BELOW_10,2026-05-05 01:01:30.252386+05:30
8259,J4_BORELLA,2026-05-05 01:01:22.182221+05:30,147,6.36,SPEED_BELOW_10,2026-05-05 01:01:30.243290+05:30
8258,J2_BAMBALAPITIYA,2026-05-05 01:01:20.158560+05:30,115,3.29,SPEED_BELOW_10,2026-05-05 01:01:30.222224+05:30
8257,J4_BORELLA,2026-05-05 01:01:18.144967+05:30,125,8.78,SPEED_BELOW_10,2026-05-05 01:01:20.734868+05:30
8256,J1_KOLLUPITIYA,2026-05-05 01:01:17.091420+05:30,149,6.12,SPEED_BELOW_10,2026-05-05 01:01:20.734868+05:30
8255,J4_BORELLA,2026-05-05 01:01:16.106098+05:30,148,6.27,SPEED_BELOW_10,2026-05-05 01:01:20.734868+05:30
8249,J3_TOWN_HALL,2026-05-05 01:01:15.083078+05:30,140,6.34,SPEED_BELOW_10,2026-05-05 01:01:20.232871+05:30
8251,J2_BAMBALAPITIYA,2026-05-05 01:01:14.093251+05:30,144,9.73,SPEED_BELOW_10,2026-05-05 01:01:20.233468+05:30
8254,J4_BORELLA,2026-05-05 01:01:13.113339+05:30,125,9.65,SPEED_BELOW_10,2026-05-05 01:01:20.734868+05:30
8248,J3_TOWN_HALL,2026-05-05 01:01:13.110956+05:30,100,5.75,SPEED_BELOW_10,2026-05-05 01:01:20.232871+05:30
8247,J3_TOWN_HALL,2026-05-05 01:01:13.070404+05:30,145,3.61,SPEED_BELOW_10,2026-05-05 01:01:20.232871+05:30
8250,J2_BAMBALAPITIYA,2026-05-05 01:01:13.068294+05:30,150,6.98,SPEED_BELOW_10,2026-05-05 01:01:20.233468+05:30
8253,J4_BORELLA,2026-05-05 01:01:12.063314+05:30,111,5.11,SPEED_BELOW_10,2026-05-05 01:01:20.734868+05:30
8252,J4_BORELLA,2026-05-05 01:01:10.071432+05:30,136,8.60,SPEED_BELOW_10,2026-05-05 01:01:20.734868+05:30
8244,J2_BAMBALAPITIYA,2026-05-05 01:01:08.059773+05:30,115,6.44,SPEED_BELOW_10,2026-05-05 01:01:10.699934+05:30
8243,J2_BAMBALAPITIYA,2026-05-05 01:01:04.055686+05:30,121,7.68,SPEED_BELOW_10,2026-05-05 01:01:10.699934+05:30
8246,J3_TOWN_HALL,2026-05-05 01:01:03.048250+05:30,127,5.04,SPEED_BELOW_10,2026-05-05 01:01:10.713718+05:30
8245,J3_TOWN_HALL,2026-05-05 01:01:02.006619+05:30,118,9.00,SPEED_BELOW_10,2026-05-05 01:01:10.713718+05:30
8242,J1_KOLLUPITIYA,2026-05-05 01:00:57.978508+05:30,149,9.14,SPEED_BELOW_10,2026-05-05 01:01:00.758857+05:30
8241,J4_BORELLA,2026-05-05 01:00:55.969503+05:30,126,5.48,SPEED_BELOW_10,2026-05-05 01:01:00.758857+05:30
8239,J3_TOWN_HALL,2026-05-05 01:00:53.978004+05:30,105,3.75,SPEED_BELOW_10,2026-05-05 01:01:00.753266+05:30
8240,J2_BAMBALAPITIYA,2026-05-05 01:00:50.926403+05:30,125,9.54,SPEED_BELOW_10,2026-05-05 01:01:00.754233+05:30
8237,J4_BORELLA,2026-05-05 01:00:49.974375+05:30,130,4.71,SPEED_BELOW_10,2026-05-05 01:00:50.776369+05:30
8236,J1_KOLLUPITIYA,2026-05-05 01:00:47.927309+05:30,104,4.39,SPEED_BELOW_10,2026-05-05 01:00:50.776369+05:30
8235,J1_KOLLUPITIYA,2026-05-05 01:00:45.917848+05:30,93,5.81,SPEED_BELOW_10,2026-05-05 01:00:50.776369+05:30
8238,J2_BAMBALAPITIYA,2026-05-05 01:00:45.755706+05:30,104,2.69,SPEED_BELOW_10,2026-05-05 01:00:50.778245+05:30
8232,J3_TOWN_HALL,2026-05-05 01:00:36.877934+05:30,137,8.49,SPEED_BELOW_10,2026-05-05 01:00:40.702442+05:30
8234,J4_BORELLA,2026-05-05 01:00:32.828529+05:30,106,5.25,SPEED_BELOW_10,2026-05-05 01:00:40.713865+05:30
8233,J1_KOLLUPITIYA,2026-05-05 01:00:30.667007+05:30,102,7.68,SPEED_BELOW_10,2026-05-05 01:00:40.713865+05:30
8231,J1_KOLLUPITIYA,2026-05-05 01:00:28.820708+05:30,123,4.12,SPEED_BELOW_10,2026-05-05 01:00:30.744765+05:30
8230,J4_BORELLA,2026-05-05 01:00:26.784314+05:30,136,9.74,SPEED_BELOW_10,2026-05-05 01:00:30.744765+05:30
8229,J2_BAMBALAPITIYA,2026-05-05 01:00:21.778987+05:30,149,9.74,SPEED_BELOW_10,2026-05-05 01:00:30.743607+05:30
8228,J4_BORELLA,2026-05-05 01:00:17.757126+05:30,117,3.12,SPEED_BELOW_10,2026-05-05 01:00:20.662593+05:30
8226,J2_BAMBALAPITIYA,2026-05-05 01:00:17.593485+05:30,133,6.88,SPEED_BELOW_10,2026-05-05 01:00:20.661085+05:30
8227,J4_BORELLA,2026-05-05 01:00:15.743728+05:30,112,8.70,SPEED_BELOW_10,2026-05-05 01:00:20.662593+05:30
8221,J3_TOWN_HALL,2026-05-05 01:00:08.694004+05:30,92,4.28,SPEED_BELOW_10,2026-05-05 01:00:10.643343+05:30
8225,J4_BORELLA,2026-05-05 01:00:04.505928+05:30,111,7.81,SPEED_BELOW_10,2026-05-05 01:00:10.652463+05:30
8224,J4_BORELLA,2026-05-05 01:00:03.616863+05:30,102,6.11,SPEED_BELOW_10,2026-05-05 01:00:10.652463+05:30
8223,J4_BORELLA,2026-05-05 01:00:03.599785+05:30,97,7.73,SPEED_BELOW_10,2026-05-05 01:00:10.652463+05:30
8220,J3_TOWN_HALL,2026-05-05 01:00:03.498811+05:30,136,6.87,SPEED_BELOW_10,2026-05-05 01:00:10.643343+05:30
8222,J4_BORELLA,2026-05-05 01:00:02.492960+05:30,133,8.82,SPEED_BELOW_10,2026-05-05 01:00:10.652463+05:30
8219,J3_TOWN_HALL,2026-05-05 01:00:00.593495+05:30,141,9.06,SPEED_BELOW_10,2026-05-05 01:00:10.643343+05:30
8218,J3_TOWN_HALL,2026-05-05 01:00:00.575582+05:30,105,6.46,SPEED_BELOW_10,2026-05-05 01:00:10.643343+05:30
8215,J1_KOLLUPITIYA,2026-05-05 00:59:57.527453+05:30,118,3.52,SPEED_BELOW_10,2026-05-05 01:00:00.647632+05:30
8217,J3_TOWN_HALL,2026-05-05 00:59:57.513704+05:30,101,8.10,SPEED_BELOW_10,2026-05-05 01:00:00.670545+05:30
8216,J3_TOWN_HALL,2026-05-05 00:59:54.373059+05:30,143,4.30,SPEED_BELOW_10,2026-05-05 01:00:00.670545+05:30
8214,J1_KOLLUPITIYA,2026-05-05 00:59:54.369310+05:30,103,7.77,SPEED_BELOW_10,2026-05-05 01:00:00.647632+05:30
8213,J4_BORELLA,2026-05-05 00:59:53.359701+05:30,124,7.41,SPEED_BELOW_10,2026-05-05 01:00:00.647632+05:30
8212,J2_BAMBALAPITIYA,2026-05-05 00:59:52.497730+05:30,122,2.58,SPEED_BELOW_10,2026-05-05 01:00:00.652174+05:30
8211,J4_BORELLA,2026-05-05 00:59:50.323734+05:30,99,3.51,SPEED_BELOW_10,2026-05-05 01:00:00.647632+05:30
8209,J3_TOWN_HALL,2026-05-05 00:59:45.291525+05:30,143,5.80,SPEED_BELOW_10,2026-05-05 00:59:50.393269+05:30
8210,J1_KOLLUPITIYA,2026-05-05 00:59:42.414910+05:30,120,2.93,SPEED_BELOW_10,2026-05-05 00:59:50.410421+05:30
8206,J4_BORELLA,2026-05-05 00:59:38.406402+05:30,137,4.15,SPEED_BELOW_10,2026-05-05 00:59:40.323660+05:30
8208,J3_TOWN_HALL,2026-05-05 00:59:33.372732+05:30,139,5.85,SPEED_BELOW_10,2026-05-05 00:59:40.327109+05:30
8207,J3_TOWN_HALL,2026-05-05 00:59:32.216880+05:30,134,4.86,SPEED_BELOW_10,2026-05-05 00:59:40.327109+05:30
8205,J1_KOLLUPITIYA,2026-05-05 00:59:31.207536+05:30,138,5.04,SPEED_BELOW_10,2026-05-05 00:59:40.323660+05:30
8203,J2_BAMBALAPITIYA,2026-05-05 00:59:27.293582+05:30,115,8.01,SPEED_BELOW_10,2026-05-05 00:59:30.440059+05:30
8202,J2_BAMBALAPITIYA,2026-05-05 00:59:27.177648+05:30,138,2.16,SPEED_BELOW_10,2026-05-05 00:59:30.440059+05:30
8200,J4_BORELLA,2026-05-05 00:59:24.275470+05:30,105,7.14,SPEED_BELOW_10,2026-05-05 00:59:30.415439+05:30
8199,J4_BORELLA,2026-05-05 00:59:21.259391+05:30,150,9.50,SPEED_BELOW_10,2026-05-05 00:59:30.415439+05:30
8201,J2_BAMBALAPITIYA,2026-05-05 00:59:21.256428+05:30,95,9.32,SPEED_BELOW_10,2026-05-05 00:59:30.440059+05:30
8204,J3_TOWN_HALL,2026-05-05 00:59:21.139995+05:30,110,8.65,SPEED_BELOW_10,2026-05-05 00:59:30.450351+05:30
8198,J1_KOLLUPITIYA,2026-05-05 00:59:18.222500+05:30,112,9.46,SPEED_BELOW_10,2026-05-05 00:59:20.192927+05:30
8196,J3_TOWN_HALL,2026-05-05 00:59:18.117243+05:30,103,8.13,SPEED_BELOW_10,2026-05-05 00:59:20.182007+05:30
8195,J3_TOWN_HALL,2026-05-05 00:59:15.192266+05:30,135,7.59,SPEED_BELOW_10,2026-05-05 00:59:20.182007+05:30
8197,J1_KOLLUPITIYA,2026-05-05 00:59:15.189123+05:30,101,5.53,SPEED_BELOW_10,2026-05-05 00:59:20.192927+05:30
8194,J3_TOWN_HALL,2026-05-05 00:59:13.176323+05:30,120,3.47,SPEED_BELOW_10,2026-05-05 00:59:20.182007+05:30
8192,J4_BORELLA,2026-05-05 00:59:06.054209+05:30,106,2.78,SPEED_BELOW_10,2026-05-05 00:59:10.208301+05:30
8191,J4_BORELLA,2026-05-05 00:59:05.045906+05:30,146,3.33,SPEED_BELOW_10,2026-05-05 00:59:10.208301+05:30
8190,J4_BORELLA,2026-05-05 00:59:03.033322+05:30,112,3.64,SPEED_BELOW_10,2026-05-05 00:59:10.208301+05:30
8193,J3_TOWN_HALL,2026-05-05 00:59:00.103388+05:30,121,9.86,SPEED_BELOW_10,2026-05-05 00:59:10.701394+05:30
8183,J2_BAMBALAPITIYA,2026-05-05 00:58:58.001786+05:30,98,8.10,SPEED_BELOW_10,2026-05-05 00:59:00.752189+05:30
8189,J4_BORELLA,2026-05-05 00:58:55.989339+05:30,143,4.61,SPEED_BELOW_10,2026-05-05 00:59:00.755023+05:30
8184,J3_TOWN_HALL,2026-05-05 00:58:54.981651+05:30,136,6.71,SPEED_BELOW_10,2026-05-05 00:59:00.755023+05:30
8188,J4_BORELLA,2026-05-05 00:58:52.972131+05:30,146,6.88,SPEED_BELOW_10,2026-05-05 00:59:00.755023+05:30
8187,J4_BORELLA,2026-05-05 00:58:52.052037+05:30,150,3.14,SPEED_BELOW_10,2026-05-05 00:59:00.755023+05:30
8186,J4_BORELLA,2026-05-05 00:58:51.967085+05:30,139,4.47,SPEED_BELOW_10,2026-05-05 00:59:00.755023+05:30
8185,J1_KOLLUPITIYA,2026-05-05 00:58:51.046933+05:30,90,9.21,SPEED_BELOW_10,2026-05-05 00:59:00.755023+05:30
8182,J4_BORELLA,2026-05-05 00:58:47.026441+05:30,133,7.27,SPEED_BELOW_10,2026-05-05 00:58:50.738927+05:30
8181,J4_BORELLA,2026-05-05 00:58:40.982168+05:30,142,3.39,SPEED_BELOW_10,2026-05-05 00:58:50.738927+05:30
8180,J1_KOLLUPITIYA,2026-05-05 00:58:40.973576+05:30,127,7.99,SPEED_BELOW_10,2026-05-05 00:58:50.738927+05:30
8174,J3_TOWN_HALL,2026-05-05 00:58:39.903057+05:30,132,3.46,SPEED_BELOW_10,2026-05-05 00:58:40.789095+05:30
8179,J1_KOLLUPITIYA,2026-05-05 00:58:38.982370+05:30,124,8.08,SPEED_BELOW_10,2026-05-05 00:58:40.804610+05:30
8178,J1_KOLLUPITIYA,2026-05-05 00:58:38.962941+05:30,113,5.22,SPEED_BELOW_10,2026-05-05 00:58:40.804610+05:30
8171,J2_BAMBALAPITIYA,2026-05-05 00:58:37.975993+05:30,134,4.68,SPEED_BELOW_10,2026-05-05 00:58:40.730148+05:30
8177,J1_KOLLUPITIYA,2026-05-05 00:58:37.889436+05:30,100,5.17,SPEED_BELOW_10,2026-05-05 00:58:40.804610+05:30
8176,J1_KOLLUPITIYA,2026-05-05 00:58:36.884812+05:30,136,3.14,SPEED_BELOW_10,2026-05-05 00:58:40.804610+05:30
8173,J3_TOWN_HALL,2026-05-05 00:58:34.959737+05:30,107,5.06,SPEED_BELOW_10,2026-05-05 00:58:40.789095+05:30
8172,J3_TOWN_HALL,2026-05-05 00:58:32.944607+05:30,118,2.26,SPEED_BELOW_10,2026-05-05 00:58:40.789095+05:30
8170,J2_BAMBALAPITIYA,2026-05-05 00:58:32.942014+05:30,124,7.92,SPEED_BELOW_10,2026-05-05 00:58:40.730148+05:30
8175,J4_BORELLA,2026-05-05 00:58:32.866661+05:30,106,7.94,SPEED_BELOW_10,2026-05-05 00:58:40.804610+05:30
8166,J3_TOWN_HALL,2026-05-05 00:58:26.894703+05:30,147,5.58,SPEED_BELOW_10,2026-05-05 00:58:30.838617+05:30
8169,J1_KOLLUPITIYA,2026-05-05 00:58:26.828153+05:30,139,9.76,SPEED_BELOW_10,2026-05-05 00:58:30.841127+05:30
8168,J1_KOLLUPITIYA,2026-05-05 00:58:20.862073+05:30,98,2.97,SPEED_BELOW_10,2026-05-05 00:58:30.841127+05:30
8167,J1_KOLLUPITIYA,2026-05-05 00:58:20.781623+05:30,110,5.59,SPEED_BELOW_10,2026-05-05 00:58:30.841127+05:30
8163,J2_BAMBALAPITIYA,2026-05-05 00:58:19.857665+05:30,132,8.75,SPEED_BELOW_10,2026-05-05 00:58:20.718333+05:30
8162,J4_BORELLA,2026-05-05 00:58:18.768268+05:30,95,3.54,SPEED_BELOW_10,2026-05-05 00:58:20.713655+05:30
8165,J3_TOWN_HALL,2026-05-05 00:58:18.765753+05:30,123,5.73,SPEED_BELOW_10,2026-05-05 00:58:20.720541+05:30
8161,J4_BORELLA,2026-05-05 00:58:15.836545+05:30,131,2.22,SPEED_BELOW_10,2026-05-05 00:58:20.713655+05:30
8164,J3_TOWN_HALL,2026-05-05 00:58:14.829097+05:30,141,3.50,SPEED_BELOW_10,2026-05-05 00:58:20.720541+05:30
8160,J1_KOLLUPITIYA,2026-05-05 00:58:13.823620+05:30,96,2.96,SPEED_BELOW_10,2026-05-05 00:58:20.713655+05:30
8159,J4_BORELLA,2026-05-05 00:58:12.816361+05:30,104,5.37,SPEED_BELOW_10,2026-05-05 00:58:20.713655+05:30
8158,J4_BORELLA,2026-05-05 00:58:10.715569+05:30,105,7.76,SPEED_BELOW_10,2026-05-05 00:58:20.713655+05:30
8156,J4_BORELLA,2026-05-05 00:58:08.779441+05:30,140,3.37,SPEED_BELOW_10,2026-05-05 00:58:10.832075+05:30
8152,J2_BAMBALAPITIYA,2026-05-05 00:58:06.762002+05:30,106,5.56,SPEED_BELOW_10,2026-05-05 00:58:10.829253+05:30
8155,J1_KOLLUPITIYA,2026-05-05 00:58:06.755782+05:30,125,5.60,SPEED_BELOW_10,2026-05-05 00:58:10.832075+05:30
8157,J3_TOWN_HALL,2026-05-05 00:58:04.746999+05:30,109,9.17,SPEED_BELOW_10,2026-05-05 00:58:10.833120+05:30
8154,J1_KOLLUPITIYA,2026-05-05 00:58:02.735246+05:30,149,3.20,SPEED_BELOW_10,2026-05-05 00:58:10.832075+05:30
8153,J4_BORELLA,2026-05-05 00:58:00.728833+05:30,121,4.03,SPEED_BELOW_10,2026-05-05 00:58:10.832075+05:30
8149,J4_BORELLA,2026-05-05 00:57:58.706645+05:30,102,8.31,SPEED_BELOW_10,2026-05-05 00:58:00.748005+05:30
8148,J1_KOLLUPITIYA,2026-05-05 00:57:58.634059+05:30,99,7.79,SPEED_BELOW_10,2026-05-05 00:58:00.748005+05:30
8151,J2_BAMBALAPITIYA,2026-05-05 00:57:55.693358+05:30,117,3.87,SPEED_BELOW_10,2026-05-05 00:58:00.771217+05:30
8147,J1_KOLLUPITIYA,2026-05-05 00:57:55.692181+05:30,150,8.13,SPEED_BELOW_10,2026-05-05 00:58:00.748005+05:30
8150,J2_BAMBALAPITIYA,2026-05-05 00:57:50.657940+05:30,112,2.54,SPEED_BELOW_10,2026-05-05 00:58:00.771217+05:30
8146,J1_KOLLUPITIYA,2026-05-05 00:57:48.653653+05:30,141,8.80,SPEED_BELOW_10,2026-05-05 00:57:50.666255+05:30
8145,J1_KOLLUPITIYA,2026-05-05 00:57:47.648982+05:30,109,4.59,SPEED_BELOW_10,2026-05-05 00:57:50.666255+05:30
8144,J4_BORELLA,2026-05-05 00:57:44.561243+05:30,99,2.18,SPEED_BELOW_10,2026-05-05 00:57:50.666255+05:30
8142,J2_BAMBALAPITIYA,2026-05-05 00:57:43.551405+05:30,94,6.40,SPEED_BELOW_10,2026-05-05 00:57:50.646148+05:30
8143,J4_BORELLA,2026-05-05 00:57:40.616377+05:30,109,6.22,SPEED_BELOW_10,2026-05-05 00:57:50.666255+05:30
8134,J2_BAMBALAPITIYA,2026-05-05 00:57:39.523592+05:30,147,2.56,SPEED_BELOW_10,2026-05-05 00:57:40.589510+05:30
8135,J3_TOWN_HALL,2026-05-05 00:57:35.584465+05:30,95,4.54,SPEED_BELOW_10,2026-05-05 00:57:40.595689+05:30
8141,J1_KOLLUPITIYA,2026-05-05 00:57:34.572288+05:30,90,5.52,SPEED_BELOW_10,2026-05-05 00:57:40.595527+05:30
8140,J1_KOLLUPITIYA,2026-05-05 00:57:33.559220+05:30,138,5.43,SPEED_BELOW_10,2026-05-05 00:57:40.595527+05:30
8139,J1_KOLLUPITIYA,2026-05-05 00:57:32.552348+05:30,134,5.20,SPEED_BELOW_10,2026-05-05 00:57:40.595527+05:30
8138,J4_BORELLA,2026-05-05 00:57:31.557460+05:30,137,8.80,SPEED_BELOW_10,2026-05-05 00:57:40.595527+05:30
8137,J4_BORELLA,2026-05-05 00:57:30.547115+05:30,143,7.38,SPEED_BELOW_10,2026-05-05 00:57:40.595527+05:30
8136,J1_KOLLUPITIYA,2026-05-05 00:57:30.531994+05:30,138,4.10,SPEED_BELOW_10,2026-05-05 00:57:40.595527+05:30
8130,J2_BAMBALAPITIYA,2026-05-05 00:57:26.437815+05:30,133,8.47,SPEED_BELOW_10,2026-05-05 00:57:30.535298+05:30
8133,J3_TOWN_HALL,2026-05-05 00:57:24.509431+05:30,121,4.17,SPEED_BELOW_10,2026-05-05 00:57:30.559738+05:30
8129,J2_BAMBALAPITIYA,2026-05-05 00:57:24.507180+05:30,109,3.01,SPEED_BELOW_10,2026-05-05 00:57:30.535298+05:30
8132,J4_BORELLA,2026-05-05 00:57:24.428450+05:30,95,3.13,SPEED_BELOW_10,2026-05-05 00:57:30.527458+05:30
8131,J1_KOLLUPITIYA,2026-05-05 00:57:23.420648+05:30,118,4.60,SPEED_BELOW_10,2026-05-05 00:57:30.527458+05:30
8128,J2_BAMBALAPITIYA,2026-05-05 00:57:22.490541+05:30,96,8.45,SPEED_BELOW_10,2026-05-05 00:57:30.535298+05:30
8126,J1_KOLLUPITIYA,2026-05-05 00:57:17.376056+05:30,102,9.21,SPEED_BELOW_10,2026-05-05 00:57:20.482482+05:30
8125,J1_KOLLUPITIYA,2026-05-05 00:57:16.435596+05:30,92,5.59,SPEED_BELOW_10,2026-05-05 00:57:20.482482+05:30
8127,J2_BAMBALAPITIYA,2026-05-05 00:57:12.413310+05:30,142,6.05,SPEED_BELOW_10,2026-05-05 00:57:20.521536+05:30
8121,J3_TOWN_HALL,2026-05-05 00:57:09.392840+05:30,106,4.76,SPEED_BELOW_10,2026-05-05 00:57:10.406894+05:30
8124,J1_KOLLUPITIYA,2026-05-05 00:57:05.362832+05:30,95,4.55,SPEED_BELOW_10,2026-05-05 00:57:10.411503+05:30
8119,J2_BAMBALAPITIYA,2026-05-05 00:57:02.347812+05:30,129,8.39,SPEED_BELOW_10,2026-05-05 00:57:10.400943+05:30
8123,J1_KOLLUPITIYA,2026-05-05 00:57:02.297972+05:30,144,9.25,SPEED_BELOW_10,2026-05-05 00:57:10.411503+05:30
8122,J4_BORELLA,2026-05-05 00:57:00.336423+05:30,117,7.48,SPEED_BELOW_10,2026-05-05 00:57:10.411503+05:30
8120,J3_TOWN_HALL,2026-05-05 00:57:00.334977+05:30,114,7.75,SPEED_BELOW_10,2026-05-05 00:57:10.406894+05:30
8118,J2_BAMBALAPITIYA,2026-05-05 00:57:00.330804+05:30,117,3.82,SPEED_BELOW_10,2026-05-05 00:57:10.400943+05:30
8116,J2_BAMBALAPITIYA,2026-05-05 00:56:58.315428+05:30,124,8.19,SPEED_BELOW_10,2026-05-05 00:57:00.357432+05:30
8115,J3_TOWN_HALL,2026-05-05 00:56:55.296532+05:30,131,9.17,SPEED_BELOW_10,2026-05-05 00:57:00.353488+05:30
8117,J1_KOLLUPITIYA,2026-05-05 00:56:55.245765+05:30,130,4.78,SPEED_BELOW_10,2026-05-05 00:57:00.358514+05:30
8112,J4_BORELLA,2026-05-05 00:56:48.248288+05:30,98,4.47,SPEED_BELOW_10,2026-05-05 00:56:50.849684+05:30
8111,J4_BORELLA,2026-05-05 00:56:48.207732+05:30,112,7.14,SPEED_BELOW_10,2026-05-05 00:56:50.849684+05:30
8110,J4_BORELLA,2026-05-05 00:56:46.238557+05:30,95,7.75,SPEED_BELOW_10,2026-05-05 00:56:50.849684+05:30
8114,J2_BAMBALAPITIYA,2026-05-05 00:56:45.188136+05:30,144,7.34,SPEED_BELOW_10,2026-05-05 00:56:50.857221+05:30
8113,J2_BAMBALAPITIYA,2026-05-05 00:56:43.215181+05:30,137,2.71,SPEED_BELOW_10,2026-05-05 00:56:50.857221+05:30
8109,J4_BORELLA,2026-05-05 00:56:42.209439+05:30,102,4.35,SPEED_BELOW_10,2026-05-05 00:56:50.849684+05:30
8107,J3_TOWN_HALL,2026-05-05 00:56:41.209724+05:30,120,5.27,SPEED_BELOW_10,2026-05-05 00:56:50.353421+05:30
8108,J1_KOLLUPITIYA,2026-05-05 00:56:40.161771+05:30,101,8.10,SPEED_BELOW_10,2026-05-05 00:56:50.849684+05:30
8102,J2_BAMBALAPITIYA,2026-05-05 00:56:39.164741+05:30,128,6.85,SPEED_BELOW_10,2026-05-05 00:56:40.947247+05:30
8101,J2_BAMBALAPITIYA,2026-05-05 00:56:39.145549+05:30,143,6.25,SPEED_BELOW_10,2026-05-05 00:56:40.947247+05:30
8106,J4_BORELLA,2026-05-05 00:56:35.144587+05:30,148,6.64,SPEED_BELOW_10,2026-05-05 00:56:40.969953+05:30
8100,J2_BAMBALAPITIYA,2026-05-05 00:56:33.128767+05:30,147,5.88,SPEED_BELOW_10,2026-05-05 00:56:40.947247+05:30
8105,J1_KOLLUPITIYA,2026-05-05 00:56:32.059640+05:30,140,7.00,SPEED_BELOW_10,2026-05-05 00:56:40.969953+05:30
8104,J4_BORELLA,2026-05-05 00:56:31.116893+05:30,115,3.27,SPEED_BELOW_10,2026-05-05 00:56:40.969953+05:30
8103,J1_KOLLUPITIYA,2026-05-05 00:56:30.043509+05:30,117,2.74,SPEED_BELOW_10,2026-05-05 00:56:40.969953+05:30
8096,J3_TOWN_HALL,2026-05-05 00:56:29.091771+05:30,133,3.42,SPEED_BELOW_10,2026-05-05 00:56:30.817674+05:30
8099,J2_BAMBALAPITIYA,2026-05-05 00:56:24.077246+05:30,131,6.70,SPEED_BELOW_10,2026-05-05 00:56:30.822006+05:30
8098,J2_BAMBALAPITIYA,2026-05-05 00:56:24.013701+05:30,123,6.22,SPEED_BELOW_10,2026-05-05 00:56:30.822006+05:30
8097,J2_BAMBALAPITIYA,2026-05-05 00:56:22.060084+05:30,134,8.47,SPEED_BELOW_10,2026-05-05 00:56:30.822006+05:30
8095,J3_TOWN_HALL,2026-05-05 00:56:21.054819+05:30,119,3.55,SPEED_BELOW_10,2026-05-05 00:56:30.817674+05:30
8094,J3_TOWN_HALL,2026-05-05 00:56:20.998753+05:30,150,2.97,SPEED_BELOW_10,2026-05-05 00:56:30.817674+05:30
8093,J1_KOLLUPITIYA,2026-05-05 00:56:20.995228+05:30,126,8.60,SPEED_BELOW_10,2026-05-05 00:56:30.817616+05:30
8089,J2_BAMBALAPITIYA,2026-05-05 00:56:19.045964+05:30,123,7.49,SPEED_BELOW_10,2026-05-05 00:56:20.865861+05:30
8092,J3_TOWN_HALL,2026-05-05 00:56:15.967774+05:30,150,8.49,SPEED_BELOW_10,2026-05-05 00:56:20.869047+05:30
8091,J3_TOWN_HALL,2026-05-05 00:56:14.011970+05:30,121,8.18,SPEED_BELOW_10,2026-05-05 00:56:20.869047+05:30
8090,J1_KOLLUPITIYA,2026-05-05 00:56:11.939481+05:30,128,7.23,SPEED_BELOW_10,2026-05-05 00:56:20.867725+05:30
8083,J3_TOWN_HALL,2026-05-05 00:56:09.985052+05:30,128,6.99,SPEED_BELOW_10,2026-05-05 00:56:10.841232+05:30
8088,J1_KOLLUPITIYA,2026-05-05 00:56:09.927218+05:30,138,2.75,SPEED_BELOW_10,2026-05-05 00:56:10.843496+05:30
8087,J4_BORELLA,2026-05-05 00:56:07.917917+05:30,93,5.08,SPEED_BELOW_10,2026-05-05 00:56:10.843496+05:30
8086,J1_KOLLUPITIYA,2026-05-05 00:56:06.965207+05:30,144,9.62,SPEED_BELOW_10,2026-05-05 00:56:10.843496+05:30
8085,J4_BORELLA,2026-05-05 00:56:06.910169+05:30,121,6.70,SPEED_BELOW_10,2026-05-05 00:56:10.843496+05:30
8084,J4_BORELLA,2026-05-05 00:56:03.951652+05:30,133,4.91,SPEED_BELOW_10,2026-05-05 00:56:10.843496+05:30
8082,J2_BAMBALAPITIYA,2026-05-05 00:56:00.864841+05:30,136,8.79,SPEED_BELOW_10,2026-05-05 00:56:10.841266+05:30
8078,J4_BORELLA,2026-05-05 00:55:59.928915+05:30,111,4.41,SPEED_BELOW_10,2026-05-05 00:56:00.896941+05:30
8081,J2_BAMBALAPITIYA,2026-05-05 00:55:57.846938+05:30,138,5.99,SPEED_BELOW_10,2026-05-05 00:56:00.899559+05:30
8077,J1_KOLLUPITIYA,2026-05-05 00:55:55.901826+05:30,116,9.57,SPEED_BELOW_10,2026-05-05 00:56:00.896941+05:30
8079,J3_TOWN_HALL,2026-05-05 00:55:54.898123+05:30,103,6.00,SPEED_BELOW_10,2026-05-05 00:56:00.899725+05:30
8076,J4_BORELLA,2026-05-05 00:55:53.889373+05:30,116,7.62,SPEED_BELOW_10,2026-05-05 00:56:00.896941+05:30
8080,J2_BAMBALAPITIYA,2026-05-05 00:55:53.884096+05:30,106,9.12,SPEED_BELOW_10,2026-05-05 00:56:00.899559+05:30
8075,J1_KOLLUPITIYA,2026-05-05 00:55:52.875568+05:30,122,6.83,SPEED_BELOW_10,2026-05-05 00:56:00.896941+05:30
8073,J2_BAMBALAPITIYA,2026-05-05 00:55:45.834521+05:30,146,6.32,SPEED_BELOW_10,2026-05-05 00:55:50.831512+05:30
8074,J1_KOLLUPITIYA,2026-05-05 00:55:42.816613+05:30,92,4.84,SPEED_BELOW_10,2026-05-05 00:55:50.834255+05:30
8072,J3_TOWN_HALL,2026-05-05 00:55:41.812014+05:30,103,4.69,SPEED_BELOW_10,2026-05-05 00:55:50.831521+05:30
8071,J2_BAMBALAPITIYA,2026-05-05 00:55:41.750345+05:30,96,3.66,SPEED_BELOW_10,2026-05-05 00:55:50.831512+05:30
8069,J3_TOWN_HALL,2026-05-05 00:55:39.794994+05:30,140,3.77,SPEED_BELOW_10,2026-05-05 00:55:40.774173+05:30
8068,J2_BAMBALAPITIYA,2026-05-05 00:55:33.705655+05:30,108,2.83,SPEED_BELOW_10,2026-05-05 00:55:40.770579+05:30
8070,J1_KOLLUPITIYA,2026-05-05 00:55:30.736677+05:30,114,2.20,SPEED_BELOW_10,2026-05-05 00:55:40.780087+05:30
8067,J2_BAMBALAPITIYA,2026-05-05 00:55:28.725736+05:30,133,2.32,SPEED_BELOW_10,2026-05-05 00:55:30.727072+05:30
8065,J1_KOLLUPITIYA,2026-05-05 00:55:27.721565+05:30,99,9.51,SPEED_BELOW_10,2026-05-05 00:55:30.718349+05:30
8064,J4_BORELLA,2026-05-05 00:55:26.717055+05:30,148,5.63,SPEED_BELOW_10,2026-05-05 00:55:30.718349+05:30
8066,J2_BAMBALAPITIYA,2026-05-05 00:55:21.616942+05:30,145,8.35,SPEED_BELOW_10,2026-05-05 00:55:30.727072+05:30
8063,J4_BORELLA,2026-05-05 00:55:20.669740+05:30,97,9.08,SPEED_BELOW_10,2026-05-05 00:55:30.718349+05:30
8062,J1_KOLLUPITIYA,2026-05-05 00:55:20.662188+05:30,94,4.11,SPEED_BELOW_10,2026-05-05 00:55:30.718349+05:30
8061,J3_TOWN_HALL,2026-05-05 00:55:19.598826+05:30,143,9.01,SPEED_BELOW_10,2026-05-05 00:55:20.693820+05:30
8060,J4_BORELLA,2026-05-05 00:55:18.591695+05:30,149,4.84,SPEED_BELOW_10,2026-05-05 00:55:20.691945+05:30
8059,J4_BORELLA,2026-05-05 00:55:16.580201+05:30,108,8.21,SPEED_BELOW_10,2026-05-05 00:55:20.691945+05:30
8058,J4_BORELLA,2026-05-05 00:55:11.552869+05:30,132,6.21,SPEED_BELOW_10,2026-05-05 00:55:20.691945+05:30
8057,J4_BORELLA,2026-05-05 00:55:10.603625+05:30,92,7.14,SPEED_BELOW_10,2026-05-05 00:55:20.691945+05:30
8056,J3_TOWN_HALL,2026-05-05 00:55:08.590293+05:30,100,9.48,SPEED_BELOW_10,2026-05-05 00:55:10.627771+05:30
8053,J1_KOLLUPITIYA,2026-05-05 00:55:08.586712+05:30,143,2.45,SPEED_BELOW_10,2026-05-05 00:55:10.609962+05:30
8052,J4_BORELLA,2026-05-05 00:55:07.584597+05:30,106,6.85,SPEED_BELOW_10,2026-05-05 00:55:10.609962+05:30
8050,J2_BAMBALAPITIYA,2026-05-05 00:55:07.580879+05:30,147,5.09,SPEED_BELOW_10,2026-05-05 00:55:10.609719+05:30
8049,J2_BAMBALAPITIYA,2026-05-05 00:55:06.520325+05:30,146,7.68,SPEED_BELOW_10,2026-05-05 00:55:10.609719+05:30
8055,J3_TOWN_HALL,2026-05-05 00:55:03.503899+05:30,110,5.38,SPEED_BELOW_10,2026-05-05 00:55:10.627771+05:30
8054,J3_TOWN_HALL,2026-05-05 00:55:02.548378+05:30,96,4.57,SPEED_BELOW_10,2026-05-05 00:55:10.627771+05:30
8048,J2_BAMBALAPITIYA,2026-05-05 00:55:01.543897+05:30,126,8.43,SPEED_BELOW_10,2026-05-05 00:55:10.609719+05:30
8051,J4_BORELLA,2026-05-05 00:55:00.539446+05:30,120,5.83,SPEED_BELOW_10,2026-05-05 00:55:10.609962+05:30
8046,J2_BAMBALAPITIYA,2026-05-05 00:54:54.497631+05:30,116,6.37,SPEED_BELOW_10,2026-05-05 00:55:00.542362+05:30
8047,J3_TOWN_HALL,2026-05-05 00:54:52.488554+05:30,141,8.37,SPEED_BELOW_10,2026-05-05 00:55:00.545469+05:30
8045,J1_KOLLUPITIYA,2026-05-05 00:54:47.455534+05:30,100,7.88,SPEED_BELOW_10,2026-05-05 00:54:50.451522+05:30
8044,J1_KOLLUPITIYA,2026-05-05 00:54:44.430873+05:30,104,3.63,SPEED_BELOW_10,2026-05-05 00:54:50.451522+05:30
8042,J3_TOWN_HALL,2026-05-05 00:54:42.422412+05:30,94,2.43,SPEED_BELOW_10,2026-05-05 00:54:50.444304+05:30
8043,J1_KOLLUPITIYA,2026-05-05 00:54:42.417235+05:30,150,4.18,SPEED_BELOW_10,2026-05-05 00:54:50.451522+05:30
8040,J2_BAMBALAPITIYA,2026-05-05 00:54:41.415358+05:30,125,5.49,SPEED_BELOW_10,2026-05-05 00:54:50.443851+05:30
8039,J2_BAMBALAPITIYA,2026-05-05 00:54:41.411890+05:30,144,6.19,SPEED_BELOW_10,2026-05-05 00:54:50.443851+05:30
8041,J3_TOWN_HALL,2026-05-05 00:54:40.410266+05:30,137,6.18,SPEED_BELOW_10,2026-05-05 00:54:50.444304+05:30
8038,J3_TOWN_HALL,2026-05-05 00:54:40.396395+05:30,119,4.55,SPEED_BELOW_10,2026-05-05 00:54:50.444304+05:30
8037,J2_BAMBALAPITIYA,2026-05-05 00:54:40.393962+05:30,94,4.07,SPEED_BELOW_10,2026-05-05 00:54:50.443851+05:30
8034,J3_TOWN_HALL,2026-05-05 00:54:36.294016+05:30,103,8.59,SPEED_BELOW_10,2026-05-05 00:54:40.362096+05:30
8036,J4_BORELLA,2026-05-05 00:54:34.281287+05:30,104,5.90,SPEED_BELOW_10,2026-05-05 00:54:40.362187+05:30
8035,J1_KOLLUPITIYA,2026-05-05 00:54:30.349393+05:30,149,9.71,SPEED_BELOW_10,2026-05-05 00:54:40.362187+05:30
8030,J1_KOLLUPITIYA,2026-05-05 00:54:27.330901+05:30,92,6.44,SPEED_BELOW_10,2026-05-05 00:54:30.338279+05:30
8029,J4_BORELLA,2026-05-05 00:54:26.327535+05:30,114,2.23,SPEED_BELOW_10,2026-05-05 00:54:30.338279+05:30
8033,J3_TOWN_HALL,2026-05-05 00:54:26.290244+05:30,144,6.05,SPEED_BELOW_10,2026-05-05 00:54:30.355865+05:30
8032,J3_TOWN_HALL,2026-05-05 00:54:25.285189+05:30,125,2.41,SPEED_BELOW_10,2026-05-05 00:54:30.355865+05:30
8028,J1_KOLLUPITIYA,2026-05-05 00:54:24.276988+05:30,105,7.13,SPEED_BELOW_10,2026-05-05 00:54:30.338279+05:30
8027,J4_BORELLA,2026-05-05 00:54:23.274673+05:30,91,5.87,SPEED_BELOW_10,2026-05-05 00:54:30.338279+05:30
8026,J4_BORELLA,2026-05-05 00:54:23.216685+05:30,103,5.13,SPEED_BELOW_10,2026-05-05 00:54:30.338279+05:30
8031,J3_TOWN_HALL,2026-05-05 00:54:20.197661+05:30,111,7.78,SPEED_BELOW_10,2026-05-05 00:54:30.355865+05:30
8022,J2_BAMBALAPITIYA,2026-05-05 00:54:17.231808+05:30,133,5.26,SPEED_BELOW_10,2026-05-05 00:54:20.339569+05:30
8021,J2_BAMBALAPITIYA,2026-05-05 00:54:16.226415+05:30,118,6.11,SPEED_BELOW_10,2026-05-05 00:54:20.339569+05:30
8025,J1_KOLLUPITIYA,2026-05-05 00:54:16.169462+05:30,133,5.14,SPEED_BELOW_10,2026-05-05 00:54:20.351507+05:30
8019,J3_TOWN_HALL,2026-05-05 00:54:14.215164+05:30,134,5.21,SPEED_BELOW_10,2026-05-05 00:54:20.337487+05:30
8024,J4_BORELLA,2026-05-05 00:54:13.153114+05:30,129,9.63,SPEED_BELOW_10,2026-05-05 00:54:20.351507+05:30
8023,J4_BORELLA,2026-05-05 00:54:11.196985+05:30,90,6.60,SPEED_BELOW_10,2026-05-05 00:54:20.351507+05:30
8020,J2_BAMBALAPITIYA,2026-05-05 00:54:11.134911+05:30,91,2.31,SPEED_BELOW_10,2026-05-05 00:54:20.339569+05:30
8015,J2_BAMBALAPITIYA,2026-05-05 00:54:08.114332+05:30,95,7.82,SPEED_BELOW_10,2026-05-05 00:54:10.865396+05:30
8018,J1_KOLLUPITIYA,2026-05-05 00:54:08.111701+05:30,120,5.96,SPEED_BELOW_10,2026-05-05 00:54:10.894401+05:30
8017,J1_KOLLUPITIYA,2026-05-05 00:54:06.164725+05:30,103,2.03,SPEED_BELOW_10,2026-05-05 00:54:10.894401+05:30
8016,J1_KOLLUPITIYA,2026-05-05 00:54:03.079818+05:30,149,3.28,SPEED_BELOW_10,2026-05-05 00:54:10.894401+05:30
8014,J3_TOWN_HALL,2026-05-05 00:54:02.179751+05:30,100,4.87,SPEED_BELOW_10,2026-05-05 00:54:10.865293+05:30
8013,J3_TOWN_HALL,2026-05-05 00:53:58.149501+05:30,149,8.65,SPEED_BELOW_10,2026-05-05 00:54:00.819873+05:30
8011,J2_BAMBALAPITIYA,2026-05-05 00:53:58.146565+05:30,115,6.33,SPEED_BELOW_10,2026-05-05 00:54:00.814851+05:30
8009,J1_KOLLUPITIYA,2026-05-05 00:53:58.140615+05:30,139,5.49,SPEED_BELOW_10,2026-05-05 00:54:00.813001+05:30
8008,J4_BORELLA,2026-05-05 00:53:54.103395+05:30,144,3.32,SPEED_BELOW_10,2026-05-05 00:54:00.813001+05:30
8012,J3_TOWN_HALL,2026-05-05 00:53:54.100634+05:30,145,6.95,SPEED_BELOW_10,2026-05-05 00:54:00.819873+05:30
8007,J1_KOLLUPITIYA,2026-05-05 00:53:54.095930+05:30,145,4.15,SPEED_BELOW_10,2026-05-05 00:54:00.813001+05:30
8006,J1_KOLLUPITIYA,2026-05-05 00:53:53.011727+05:30,97,7.91,SPEED_BELOW_10,2026-05-05 00:54:00.813001+05:30
8010,J2_BAMBALAPITIYA,2026-05-05 00:53:51.072138+05:30,150,9.23,SPEED_BELOW_10,2026-05-05 00:54:00.814851+05:30
8005,J1_KOLLUPITIYA,2026-05-05 00:53:50.996171+05:30,119,9.59,SPEED_BELOW_10,2026-05-05 00:54:00.813001+05:30
8002,J2_BAMBALAPITIYA,2026-05-05 00:53:49.981834+05:30,147,7.59,SPEED_BELOW_10,2026-05-05 00:53:50.815318+05:30
8004,J1_KOLLUPITIYA,2026-05-05 00:53:49.026106+05:30,149,2.96,SPEED_BELOW_10,2026-05-05 00:53:50.824855+05:30
8001,J2_BAMBALAPITIYA,2026-05-05 00:53:46.964283+05:30,103,4.44,SPEED_BELOW_10,2026-05-05 00:53:50.815318+05:30
8003,J1_KOLLUPITIYA,2026-05-05 00:53:40.986618+05:30,145,3.41,SPEED_BELOW_10,2026-05-05 00:53:50.824855+05:30
8000,J1_KOLLUPITIYA,2026-05-05 00:53:39.928264+05:30,90,4.02,SPEED_BELOW_10,2026-05-05 00:53:40.849657+05:30
7995,J2_BAMBALAPITIYA,2026-05-05 00:53:38.971636+05:30,121,4.81,SPEED_BELOW_10,2026-05-05 00:53:40.848058+05:30
7999,J1_KOLLUPITIYA,2026-05-05 00:53:37.961286+05:30,95,3.09,SPEED_BELOW_10,2026-05-05 00:53:40.849657+05:30
7998,J4_BORELLA,2026-05-05 00:53:35.956500+05:30,141,9.54,SPEED_BELOW_10,2026-05-05 00:53:40.849657+05:30
7994,J2_BAMBALAPITIYA,2026-05-05 00:53:34.942284+05:30,125,8.35,SPEED_BELOW_10,2026-05-05 00:53:40.848058+05:30
7997,J1_KOLLUPITIYA,2026-05-05 00:53:34.939385+05:30,147,3.47,SPEED_BELOW_10,2026-05-05 00:53:40.849657+05:30
7993,J3_TOWN_HALL,2026-05-05 00:53:33.934170+05:30,137,4.96,SPEED_BELOW_10,2026-05-05 00:53:40.847075+05:30
7992,J3_TOWN_HALL,2026-05-05 00:53:31.886129+05:30,112,8.18,SPEED_BELOW_10,2026-05-05 00:53:40.847075+05:30
7996,J1_KOLLUPITIYA,2026-05-05 00:53:30.907356+05:30,102,5.67,SPEED_BELOW_10,2026-05-05 00:53:40.849657+05:30
7989,J1_KOLLUPITIYA,2026-05-05 00:53:27.862243+05:30,121,2.35,SPEED_BELOW_10,2026-05-05 00:53:30.833009+05:30
7991,J3_TOWN_HALL,2026-05-05 00:53:26.885762+05:30,105,7.11,SPEED_BELOW_10,2026-05-05 00:53:30.846096+05:30
7988,J1_KOLLUPITIYA,2026-05-05 00:53:22.854846+05:30,115,7.80,SPEED_BELOW_10,2026-05-05 00:53:30.833009+05:30
7990,J3_TOWN_HALL,2026-05-05 00:53:22.838115+05:30,136,8.71,SPEED_BELOW_10,2026-05-05 00:53:30.846096+05:30
7987,J2_BAMBALAPITIYA,2026-05-05 00:53:20.859756+05:30,146,3.25,SPEED_BELOW_10,2026-05-05 00:53:30.828253+05:30
7986,J1_KOLLUPITIYA,2026-05-05 00:53:16.836342+05:30,148,7.97,SPEED_BELOW_10,2026-05-05 00:53:20.803767+05:30
7985,J4_BORELLA,2026-05-05 00:53:15.832518+05:30,106,5.80,SPEED_BELOW_10,2026-05-05 00:53:20.803767+05:30
7984,J1_KOLLUPITIYA,2026-05-05 00:53:15.795755+05:30,127,9.35,SPEED_BELOW_10,2026-05-05 00:53:20.803767+05:30
7982,J3_TOWN_HALL,2026-05-05 00:53:12.808562+05:30,122,2.45,SPEED_BELOW_10,2026-05-05 00:53:20.777553+05:30
7983,J2_BAMBALAPITIYA,2026-05-05 00:53:10.765558+05:30,92,2.40,SPEED_BELOW_10,2026-05-05 00:53:20.800489+05:30
7977,J2_BAMBALAPITIYA,2026-05-05 00:53:09.712664+05:30,146,7.14,SPEED_BELOW_10,2026-05-05 00:53:10.862420+05:30
7981,J1_KOLLUPITIYA,2026-05-05 00:53:09.711129+05:30,91,4.49,SPEED_BELOW_10,2026-05-05 00:53:10.864976+05:30
7980,J4_BORELLA,2026-05-05 00:53:04.667694+05:30,135,2.01,SPEED_BELOW_10,2026-05-05 00:53:10.864976+05:30
7974,J3_TOWN_HALL,2026-05-05 00:53:03.679691+05:30,90,4.35,SPEED_BELOW_10,2026-05-05 00:53:10.813232+05:30
7976,J2_BAMBALAPITIYA,2026-05-05 00:53:03.660669+05:30,99,4.24,SPEED_BELOW_10,2026-05-05 00:53:10.862420+05:30
7979,J4_BORELLA,2026-05-05 00:53:02.697874+05:30,146,3.13,SPEED_BELOW_10,2026-05-05 00:53:10.864976+05:30
7975,J2_BAMBALAPITIYA,2026-05-05 00:53:01.646445+05:30,120,6.95,SPEED_BELOW_10,2026-05-05 00:53:10.862420+05:30
7978,J4_BORELLA,2026-05-05 00:53:00.680690+05:30,137,2.90,SPEED_BELOW_10,2026-05-05 00:53:10.864976+05:30
7973,J3_TOWN_HALL,2026-05-05 00:53:00.633763+05:30,134,5.74,SPEED_BELOW_10,2026-05-05 00:53:10.813232+05:30
7969,J2_BAMBALAPITIYA,2026-05-05 00:52:56.651884+05:30,107,3.86,SPEED_BELOW_10,2026-05-05 00:53:00.697650+05:30
7971,J4_BORELLA,2026-05-05 00:52:56.631247+05:30,91,2.77,SPEED_BELOW_10,2026-05-05 00:53:00.704434+05:30
7970,J1_KOLLUPITIYA,2026-05-05 00:52:54.592294+05:30,90,9.82,SPEED_BELOW_10,2026-05-05 00:53:00.704434+05:30
7972,J3_TOWN_HALL,2026-05-05 00:52:53.612108+05:30,116,4.98,SPEED_BELOW_10,2026-05-05 00:53:00.705947+05:30
7968,J4_BORELLA,2026-05-05 00:52:44.586099+05:30,141,4.74,SPEED_BELOW_10,2026-05-05 00:52:50.616458+05:30
7967,J4_BORELLA,2026-05-05 00:52:43.548873+05:30,128,4.30,SPEED_BELOW_10,2026-05-05 00:52:50.616458+05:30
7964,J2_BAMBALAPITIYA,2026-05-05 00:52:43.543610+05:30,112,4.34,SPEED_BELOW_10,2026-05-05 00:52:50.612008+05:30
7966,J1_KOLLUPITIYA,2026-05-05 00:52:42.569759+05:30,124,5.17,SPEED_BELOW_10,2026-05-05 00:52:50.616458+05:30
7965,J1_KOLLUPITIYA,2026-05-05 00:52:42.536156+05:30,114,2.82,SPEED_BELOW_10,2026-05-05 00:52:50.616458+05:30
7961,J4_BORELLA,2026-05-05 00:52:39.508606+05:30,121,4.49,SPEED_BELOW_10,2026-05-05 00:52:40.562404+05:30
7960,J4_BORELLA,2026-05-05 00:52:38.518703+05:30,143,7.63,SPEED_BELOW_10,2026-05-05 00:52:40.562404+05:30
7963,J3_TOWN_HALL,2026-05-05 00:52:37.509905+05:30,145,6.57,SPEED_BELOW_10,2026-05-05 00:52:40.577562+05:30
7959,J1_KOLLUPITIYA,2026-05-05 00:52:37.506159+05:30,110,7.86,SPEED_BELOW_10,2026-05-05 00:52:40.562404+05:30
7958,J1_KOLLUPITIYA,2026-05-05 00:52:35.481939+05:30,108,4.32,SPEED_BELOW_10,2026-05-05 00:52:40.562404+05:30
7962,J2_BAMBALAPITIYA,2026-05-05 00:52:34.490573+05:30,117,9.54,SPEED_BELOW_10,2026-05-05 00:52:40.570354+05:30
7957,J4_BORELLA,2026-05-05 00:52:33.473125+05:30,149,2.96,SPEED_BELOW_10,2026-05-05 00:52:40.562404+05:30
7956,J4_BORELLA,2026-05-05 00:52:32.468375+05:30,143,9.88,SPEED_BELOW_10,2026-05-05 00:52:40.562404+05:30
7955,J3_TOWN_HALL,2026-05-05 00:52:28.443096+05:30,116,8.16,SPEED_BELOW_10,2026-05-05 00:52:30.504270+05:30
7953,J2_BAMBALAPITIYA,2026-05-05 00:52:24.399688+05:30,120,6.33,SPEED_BELOW_10,2026-05-05 00:52:30.511461+05:30
7954,J3_TOWN_HALL,2026-05-05 00:52:21.383104+05:30,146,6.48,SPEED_BELOW_10,2026-05-05 00:52:30.504270+05:30
7950,J1_KOLLUPITIYA,2026-05-05 00:52:19.365095+05:30,123,6.01,SPEED_BELOW_10,2026-05-05 00:52:20.434614+05:30
7952,J3_TOWN_HALL,2026-05-05 00:52:14.369262+05:30,143,6.54,SPEED_BELOW_10,2026-05-05 00:52:20.450704+05:30
7951,J3_TOWN_HALL,2026-05-05 00:52:11.344104+05:30,127,4.96,SPEED_BELOW_10,2026-05-05 00:52:20.450704+05:30
7949,J2_BAMBALAPITIYA,2026-05-05 00:52:03.285383+05:30,127,8.54,SPEED_BELOW_10,2026-05-05 00:52:10.901956+05:30
7947,J4_BORELLA,2026-05-05 00:51:58.245599+05:30,99,9.74,SPEED_BELOW_10,2026-05-05 00:52:00.342940+05:30
7943,J3_TOWN_HALL,2026-05-05 00:51:56.215594+05:30,147,5.46,SPEED_BELOW_10,2026-05-05 00:52:00.342622+05:30
7946,J4_BORELLA,2026-05-05 00:51:54.204901+05:30,99,7.23,SPEED_BELOW_10,2026-05-05 00:52:00.342940+05:30
7948,J2_BAMBALAPITIYA,2026-05-05 00:51:54.201271+05:30,101,7.35,SPEED_BELOW_10,2026-05-05 00:52:00.344928+05:30
7945,J4_BORELLA,2026-05-05 00:51:53.214458+05:30,92,3.56,SPEED_BELOW_10,2026-05-05 00:52:00.342940+05:30
7944,J1_KOLLUPITIYA,2026-05-05 00:51:51.227824+05:30,133,8.06,SPEED_BELOW_10,2026-05-05 00:52:00.342940+05:30
7942,J1_KOLLUPITIYA,2026-05-05 00:51:47.205545+05:30,112,6.97,SPEED_BELOW_10,2026-05-05 00:51:50.814038+05:30
7941,J4_BORELLA,2026-05-05 00:51:45.145271+05:30,135,5.14,SPEED_BELOW_10,2026-05-05 00:51:50.814038+05:30
7940,J1_KOLLUPITIYA,2026-05-05 00:51:44.160879+05:30,99,5.41,SPEED_BELOW_10,2026-05-05 00:51:50.814038+05:30
7938,J3_TOWN_HALL,2026-05-05 00:51:42.177967+05:30,113,5.81,SPEED_BELOW_10,2026-05-05 00:51:50.810359+05:30
7937,J2_BAMBALAPITIYA,2026-05-05 00:51:41.119623+05:30,98,8.06,SPEED_BELOW_10,2026-05-05 00:51:50.803702+05:30
7939,J4_BORELLA,2026-05-05 00:51:40.143807+05:30,93,9.50,SPEED_BELOW_10,2026-05-05 00:51:50.814038+05:30
7936,J4_BORELLA,2026-05-05 00:51:39.156864+05:30,116,2.60,SPEED_BELOW_10,2026-05-05 00:51:40.804581+05:30
7931,J2_BAMBALAPITIYA,2026-05-05 00:51:39.128325+05:30,128,5.82,SPEED_BELOW_10,2026-05-05 00:51:40.799001+05:30
7935,J4_BORELLA,2026-05-05 00:51:38.151017+05:30,103,8.83,SPEED_BELOW_10,2026-05-05 00:51:40.804581+05:30
7934,J1_KOLLUPITIYA,2026-05-05 00:51:35.130445+05:30,110,6.84,SPEED_BELOW_10,2026-05-05 00:51:40.804581+05:30
7933,J3_TOWN_HALL,2026-05-05 00:51:34.074673+05:30,125,2.88,SPEED_BELOW_10,2026-05-05 00:51:40.802890+05:30
7932,J3_TOWN_HALL,2026-05-05 00:51:32.112772+05:30,114,9.76,SPEED_BELOW_10,2026-05-05 00:51:40.802890+05:30
7930,J4_BORELLA,2026-05-05 00:51:27.062309+05:30,97,4.63,SPEED_BELOW_10,2026-05-05 00:51:30.764487+05:30
7927,J2_BAMBALAPITIYA,2026-05-05 00:51:27.059541+05:30,99,5.01,SPEED_BELOW_10,2026-05-05 00:51:30.764400+05:30
7929,J1_KOLLUPITIYA,2026-05-05 00:51:27.031807+05:30,134,4.79,SPEED_BELOW_10,2026-05-05 00:51:30.764487+05:30
7928,J1_KOLLUPITIYA,2026-05-05 00:51:22.030134+05:30,144,2.50,SPEED_BELOW_10,2026-05-05 00:51:30.764487+05:30
7926,J3_TOWN_HALL,2026-05-05 00:51:21.056579+05:30,99,5.37,SPEED_BELOW_10,2026-05-05 00:51:30.762970+05:30
7925,J3_TOWN_HALL,2026-05-05 00:51:20.994847+05:30,103,5.56,SPEED_BELOW_10,2026-05-05 00:51:30.762970+05:30
7922,J4_BORELLA,2026-05-05 00:51:18.993986+05:30,138,9.87,SPEED_BELOW_10,2026-05-05 00:51:20.862622+05:30
7921,J1_KOLLUPITIYA,2026-05-05 00:51:17.028042+05:30,134,5.24,SPEED_BELOW_10,2026-05-05 00:51:20.862622+05:30
7923,J2_BAMBALAPITIYA,2026-05-05 00:51:14.951596+05:30,131,9.90,SPEED_BELOW_10,2026-05-05 00:51:20.864994+05:30
7920,J1_KOLLUPITIYA,2026-05-05 00:51:13.943706+05:30,97,4.82,SPEED_BELOW_10,2026-05-05 00:51:20.862622+05:30
7924,J3_TOWN_HALL,2026-05-05 00:51:13.007866+05:30,106,7.76,SPEED_BELOW_10,2026-05-05 00:51:20.865064+05:30
7919,J1_KOLLUPITIYA,2026-05-05 00:51:11.999467+05:30,104,2.63,SPEED_BELOW_10,2026-05-05 00:51:20.862622+05:30
7918,J2_BAMBALAPITIYA,2026-05-05 00:51:07.898679+05:30,121,3.73,SPEED_BELOW_10,2026-05-05 00:51:10.871939+05:30
7917,J1_KOLLUPITIYA,2026-05-05 00:51:05.956102+05:30,137,9.38,SPEED_BELOW_10,2026-05-05 00:51:10.871949+05:30
7916,J2_BAMBALAPITIYA,2026-05-05 00:50:55.665175+05:30,126,9.27,SPEED_BELOW_10,2026-05-05 00:51:00.891179+05:30
7914,J1_KOLLUPITIYA,2026-05-05 00:50:54.869820+05:30,127,4.58,SPEED_BELOW_10,2026-05-05 00:51:00.865489+05:30
7913,J1_KOLLUPITIYA,2026-05-05 00:50:53.858134+05:30,120,8.65,SPEED_BELOW_10,2026-05-05 00:51:00.865489+05:30
7912,J4_BORELLA,2026-05-05 00:50:51.638972+05:30,137,5.54,SPEED_BELOW_10,2026-05-05 00:51:00.865489+05:30
7915,J2_BAMBALAPITIYA,2026-05-05 00:50:50.599127+05:30,127,4.01,SPEED_BELOW_10,2026-05-05 00:51:00.891179+05:30
7910,J1_KOLLUPITIYA,2026-05-05 00:50:48.819803+05:30,122,2.63,SPEED_BELOW_10,2026-05-05 00:50:50.672951+05:30
7911,J2_BAMBALAPITIYA,2026-05-05 00:50:43.794951+05:30,106,6.70,SPEED_BELOW_10,2026-05-05 00:50:50.688290+05:30
7909,J4_BORELLA,2026-05-05 00:50:41.523432+05:30,141,5.60,SPEED_BELOW_10,2026-05-05 00:50:50.672951+05:30
7908,J3_TOWN_HALL,2026-05-05 00:50:38.770124+05:30,102,7.76,SPEED_BELOW_10,2026-05-05 00:50:40.572618+05:30
7905,J2_BAMBALAPITIYA,2026-05-05 00:50:36.491937+05:30,136,8.07,SPEED_BELOW_10,2026-05-05 00:50:40.566226+05:30
7907,J3_TOWN_HALL,2026-05-05 00:50:34.746559+05:30,137,9.13,SPEED_BELOW_10,2026-05-05 00:50:40.572618+05:30
7906,J3_TOWN_HALL,2026-05-05 00:50:32.733779+05:30,105,6.67,SPEED_BELOW_10,2026-05-05 00:50:40.572618+05:30
7904,J1_KOLLUPITIYA,2026-05-05 00:50:30.716717+05:30,127,5.71,SPEED_BELOW_10,2026-05-05 00:50:40.563385+05:30
7903,J4_BORELLA,2026-05-05 00:50:29.713830+05:30,129,2.46,SPEED_BELOW_10,2026-05-05 00:50:30.471146+05:30
7902,J1_KOLLUPITIYA,2026-05-05 00:50:28.702741+05:30,93,2.85,SPEED_BELOW_10,2026-05-05 00:50:30.471146+05:30
7900,J2_BAMBALAPITIYA,2026-05-05 00:50:28.428864+05:30,118,8.68,SPEED_BELOW_10,2026-05-05 00:50:30.469993+05:30
7899,J2_BAMBALAPITIYA,2026-05-05 00:50:25.414115+05:30,92,8.05,SPEED_BELOW_10,2026-05-05 00:50:30.469993+05:30
7898,J2_BAMBALAPITIYA,2026-05-05 00:50:24.340047+05:30,95,3.25,SPEED_BELOW_10,2026-05-05 00:50:30.469993+05:30
7901,J4_BORELLA,2026-05-05 00:50:22.671629+05:30,104,3.21,SPEED_BELOW_10,2026-05-05 00:50:30.471146+05:30
7893,J3_TOWN_HALL,2026-05-05 00:50:19.650928+05:30,101,7.73,SPEED_BELOW_10,2026-05-05 00:50:20.371319+05:30
7897,J1_KOLLUPITIYA,2026-05-05 00:50:17.291435+05:30,107,2.16,SPEED_BELOW_10,2026-05-05 00:50:20.374113+05:30
7896,J4_BORELLA,2026-05-05 00:50:14.345425+05:30,96,2.56,SPEED_BELOW_10,2026-05-05 00:50:20.374113+05:30
7892,J3_TOWN_HALL,2026-05-05 00:50:13.338475+05:30,129,4.12,SPEED_BELOW_10,2026-05-05 00:50:20.371319+05:30
7895,J1_KOLLUPITIYA,2026-05-05 00:50:13.269362+05:30,143,2.42,SPEED_BELOW_10,2026-05-05 00:50:20.374113+05:30
7894,J1_KOLLUPITIYA,2026-05-05 00:50:12.610727+05:30,124,9.09,SPEED_BELOW_10,2026-05-05 00:50:20.374113+05:30
7888,J2_BAMBALAPITIYA,2026-05-05 00:50:08.242159+05:30,94,5.43,SPEED_BELOW_10,2026-05-05 00:50:10.429418+05:30
7890,J1_KOLLUPITIYA,2026-05-05 00:50:06.537079+05:30,95,9.67,SPEED_BELOW_10,2026-05-05 00:50:10.441986+05:30
7891,J3_TOWN_HALL,2026-05-05 00:50:04.219780+05:30,105,3.27,SPEED_BELOW_10,2026-05-05 00:50:10.450496+05:30
7889,J4_BORELLA,2026-05-05 00:50:03.270081+05:30,132,5.06,SPEED_BELOW_10,2026-05-05 00:50:10.441986+05:30
7887,J2_BAMBALAPITIYA,2026-05-05 00:50:00.495840+05:30,140,6.28,SPEED_BELOW_10,2026-05-05 00:50:10.429418+05:30
7886,J2_BAMBALAPITIYA,2026-05-05 00:50:00.234227+05:30,104,5.03,SPEED_BELOW_10,2026-05-05 00:50:10.429418+05:30
7885,J3_TOWN_HALL,2026-05-05 00:49:59.488192+05:30,133,5.33,SPEED_BELOW_10,2026-05-05 00:50:00.258129+05:30
7884,J2_BAMBALAPITIYA,2026-05-05 00:49:57.461275+05:30,146,3.60,SPEED_BELOW_10,2026-05-05 00:50:00.256631+05:30
7883,J4_BORELLA,2026-05-05 00:49:54.162015+05:30,136,9.35,SPEED_BELOW_10,2026-05-05 00:50:00.250082+05:30
7882,J4_BORELLA,2026-05-05 00:49:51.140690+05:30,149,6.67,SPEED_BELOW_10,2026-05-05 00:50:00.250082+05:30
7881,J4_BORELLA,2026-05-05 00:49:43.117573+05:30,149,2.72,SPEED_BELOW_10,2026-05-05 00:49:50.420905+05:30
7880,J1_KOLLUPITIYA,2026-05-05 00:49:40.317606+05:30,132,8.65,SPEED_BELOW_10,2026-05-05 00:49:50.420905+05:30
7879,J3_TOWN_HALL,2026-05-05 00:49:36.288468+05:30,114,6.33,SPEED_BELOW_10,2026-05-05 00:49:40.409348+05:30
7875,J2_BAMBALAPITIYA,2026-05-05 00:49:36.285309+05:30,135,8.72,SPEED_BELOW_10,2026-05-05 00:49:40.407517+05:30
7877,J4_BORELLA,2026-05-05 00:49:36.040088+05:30,122,9.26,SPEED_BELOW_10,2026-05-05 00:49:40.409084+05:30
7874,J2_BAMBALAPITIYA,2026-05-05 00:49:35.032909+05:30,124,6.30,SPEED_BELOW_10,2026-05-05 00:49:40.407517+05:30
7878,J3_TOWN_HALL,2026-05-05 00:49:34.269117+05:30,108,7.51,SPEED_BELOW_10,2026-05-05 00:49:40.409348+05:30
7876,J1_KOLLUPITIYA,2026-05-05 00:49:31.247714+05:30,113,2.56,SPEED_BELOW_10,2026-05-05 00:49:40.409084+05:30
7869,J1_KOLLUPITIYA,2026-05-05 00:49:29.992444+05:30,132,4.78,SPEED_BELOW_10,2026-05-05 00:49:30.302342+05:30
7871,J2_BAMBALAPITIYA,2026-05-05 00:49:29.222927+05:30,103,7.43,SPEED_BELOW_10,2026-05-05 00:49:30.307876+05:30
7873,J3_TOWN_HALL,2026-05-05 00:49:27.213309+05:30,106,7.81,SPEED_BELOW_10,2026-05-05 00:49:30.311732+05:30
7870,J2_BAMBALAPITIYA,2026-05-05 00:49:26.976435+05:30,92,3.74,SPEED_BELOW_10,2026-05-05 00:49:30.307876+05:30
7872,J3_TOWN_HALL,2026-05-05 00:49:23.984416+05:30,120,7.28,SPEED_BELOW_10,2026-05-05 00:49:30.311732+05:30
7868,J4_BORELLA,2026-05-05 00:49:23.194164+05:30,138,4.33,SPEED_BELOW_10,2026-05-05 00:49:30.302342+05:30
7867,J1_KOLLUPITIYA,2026-05-05 00:49:22.183913+05:30,149,7.07,SPEED_BELOW_10,2026-05-05 00:49:30.302342+05:30
7866,J1_KOLLUPITIYA,2026-05-05 00:49:21.963649+05:30,149,4.60,SPEED_BELOW_10,2026-05-05 00:49:30.302342+05:30
7859,J4_BORELLA,2026-05-05 00:49:19.158371+05:30,120,9.42,SPEED_BELOW_10,2026-05-05 00:49:20.774767+05:30
7865,J2_BAMBALAPITIYA,2026-05-05 00:49:19.153784+05:30,96,7.75,SPEED_BELOW_10,2026-05-05 00:49:20.808627+05:30
7858,J4_BORELLA,2026-05-05 00:49:18.947628+05:30,115,5.84,SPEED_BELOW_10,2026-05-05 00:49:20.774767+05:30
7857,J4_BORELLA,2026-05-05 00:49:17.925073+05:30,95,9.88,SPEED_BELOW_10,2026-05-05 00:49:20.774767+05:30
7864,J2_BAMBALAPITIYA,2026-05-05 00:49:17.921256+05:30,124,5.99,SPEED_BELOW_10,2026-05-05 00:49:20.808627+05:30
7863,J2_BAMBALAPITIYA,2026-05-05 00:49:16.136167+05:30,93,7.61,SPEED_BELOW_10,2026-05-05 00:49:20.808627+05:30
7860,J3_TOWN_HALL,2026-05-05 00:49:15.912964+05:30,143,9.18,SPEED_BELOW_10,2026-05-05 00:49:20.774745+05:30
7856,J4_BORELLA,2026-05-05 00:49:15.130670+05:30,127,3.24,SPEED_BELOW_10,2026-05-05 00:49:20.774767+05:30
7855,J3_TOWN_HALL,2026-05-05 00:49:13.116133+05:30,109,6.71,SPEED_BELOW_10,2026-05-05 00:49:20.774745+05:30
7862,J2_BAMBALAPITIYA,2026-05-05 00:49:12.897685+05:30,109,6.34,SPEED_BELOW_10,2026-05-05 00:49:20.808627+05:30
7861,J2_BAMBALAPITIYA,2026-05-05 00:49:10.090741+05:30,102,9.65,SPEED_BELOW_10,2026-05-05 00:49:20.808627+05:30
7853,J2_BAMBALAPITIYA,2026-05-05 00:49:04.055963+05:30,106,2.60,SPEED_BELOW_10,2026-05-05 00:49:10.916882+05:30
7854,J4_BORELLA,2026-05-05 00:49:03.051428+05:30,123,7.95,SPEED_BELOW_10,2026-05-05 00:49:10.937717+05:30
7852,J1_KOLLUPITIYA,2026-05-05 00:48:59.771116+05:30,90,9.84,SPEED_BELOW_10,2026-05-05 00:49:00.844747+05:30
7851,J1_KOLLUPITIYA,2026-05-05 00:48:57.756488+05:30,126,8.15,SPEED_BELOW_10,2026-05-05 00:49:00.844747+05:30
7849,J1_KOLLUPITIYA,2026-05-05 00:48:46.733355+05:30,134,4.16,SPEED_BELOW_10,2026-05-05 00:48:50.721073+05:30
7848,J4_BORELLA,2026-05-05 00:48:43.936729+05:30,134,8.11,SPEED_BELOW_10,2026-05-05 00:48:50.721073+05:30
7847,J1_KOLLUPITIYA,2026-05-05 00:48:43.716817+05:30,119,9.38,SPEED_BELOW_10,2026-05-05 00:48:50.721073+05:30
7850,J3_TOWN_HALL,2026-05-05 00:48:42.712197+05:30,143,8.71,SPEED_BELOW_10,2026-05-05 00:48:50.759945+05:30
7845,J2_BAMBALAPITIYA,2026-05-05 00:48:40.652648+05:30,120,8.90,SPEED_BELOW_10,2026-05-05 00:48:50.721020+05:30
7846,J1_KOLLUPITIYA,2026-05-05 00:48:40.650666+05:30,117,9.15,SPEED_BELOW_10,2026-05-05 00:48:50.721073+05:30
7836,J2_BAMBALAPITIYA,2026-05-05 00:48:39.643891+05:30,131,8.29,SPEED_BELOW_10,2026-05-05 00:48:40.710655+05:30
7840,J1_KOLLUPITIYA,2026-05-05 00:48:38.904016+05:30,112,2.99,SPEED_BELOW_10,2026-05-05 00:48:40.710849+05:30
7844,J3_TOWN_HALL,2026-05-05 00:48:37.899822+05:30,140,7.77,SPEED_BELOW_10,2026-05-05 00:48:40.720165+05:30
7843,J3_TOWN_HALL,2026-05-05 00:48:37.634590+05:30,98,6.55,SPEED_BELOW_10,2026-05-05 00:48:40.720165+05:30
7839,J4_BORELLA,2026-05-05 00:48:35.620977+05:30,98,8.44,SPEED_BELOW_10,2026-05-05 00:48:40.710849+05:30
7842,J3_TOWN_HALL,2026-05-05 00:48:35.618285+05:30,125,9.71,SPEED_BELOW_10,2026-05-05 00:48:40.720165+05:30
7838,J4_BORELLA,2026-05-05 00:48:33.606253+05:30,97,5.82,SPEED_BELOW_10,2026-05-05 00:48:40.710849+05:30
7835,J2_BAMBALAPITIYA,2026-05-05 00:48:32.872112+05:30,131,9.46,SPEED_BELOW_10,2026-05-05 00:48:40.710655+05:30
7841,J3_TOWN_HALL,2026-05-05 00:48:32.599532+05:30,114,8.11,SPEED_BELOW_10,2026-05-05 00:48:40.720165+05:30
7837,J1_KOLLUPITIYA,2026-05-05 00:48:31.591465+05:30,97,4.17,SPEED_BELOW_10,2026-05-05 00:48:40.710849+05:30
7833,J1_KOLLUPITIYA,2026-05-05 00:48:26.555824+05:30,109,3.75,SPEED_BELOW_10,2026-05-05 00:48:30.582663+05:30
7834,J3_TOWN_HALL,2026-05-05 00:48:24.817481+05:30,133,5.17,SPEED_BELOW_10,2026-05-05 00:48:30.639702+05:30
7832,J4_BORELLA,2026-05-05 00:48:23.538205+05:30,96,2.46,SPEED_BELOW_10,2026-05-05 00:48:30.582663+05:30
7831,J4_BORELLA,2026-05-05 00:48:22.530962+05:30,135,9.56,SPEED_BELOW_10,2026-05-05 00:48:30.582663+05:30
7830,J1_KOLLUPITIYA,2026-05-05 00:48:20.504119+05:30,121,8.06,SPEED_BELOW_10,2026-05-05 00:48:30.582663+05:30
7829,J2_BAMBALAPITIYA,2026-05-05 00:48:15.473924+05:30,92,3.69,SPEED_BELOW_10,2026-05-05 00:48:20.517975+05:30
7828,J2_BAMBALAPITIYA,2026-05-05 00:48:10.690369+05:30,104,5.44,SPEED_BELOW_10,2026-05-05 00:48:20.517975+05:30
7827,J2_BAMBALAPITIYA,2026-05-05 00:48:10.318733+05:30,122,6.87,SPEED_BELOW_10,2026-05-05 00:48:20.517975+05:30
7824,J4_BORELLA,2026-05-05 00:48:07.652079+05:30,112,4.40,SPEED_BELOW_10,2026-05-05 00:48:10.802402+05:30
7823,J4_BORELLA,2026-05-05 00:48:05.983858+05:30,140,8.29,SPEED_BELOW_10,2026-05-05 00:48:10.802402+05:30
7826,J2_BAMBALAPITIYA,2026-05-05 00:48:02.964463+05:30,108,9.02,SPEED_BELOW_10,2026-05-05 00:48:10.857526+05:30
7825,J2_BAMBALAPITIYA,2026-05-05 00:48:00.949222+05:30,121,9.19,SPEED_BELOW_10,2026-05-05 00:48:10.857526+05:30
7822,J2_BAMBALAPITIYA,2026-05-05 00:47:57.589195+05:30,150,7.74,SPEED_BELOW_10,2026-05-05 00:48:00.653445+05:30
7820,J1_KOLLUPITIYA,2026-05-05 00:47:56.043607+05:30,114,4.03,SPEED_BELOW_10,2026-05-05 00:48:00.653285+05:30
7819,J4_BORELLA,2026-05-05 00:47:54.033543+05:30,150,3.14,SPEED_BELOW_10,2026-05-05 00:48:00.653285+05:30
7821,J2_BAMBALAPITIYA,2026-05-05 00:47:54.030692+05:30,101,3.96,SPEED_BELOW_10,2026-05-05 00:48:00.653445+05:30
7817,J1_KOLLUPITIYA,2026-05-05 00:47:52.017824+05:30,99,5.54,SPEED_BELOW_10,2026-05-05 00:48:00.653285+05:30
7818,J2_BAMBALAPITIYA,2026-05-05 00:47:51.557514+05:30,113,4.04,SPEED_BELOW_10,2026-05-05 00:48:00.653445+05:30
7814,J1_KOLLUPITIYA,2026-05-05 00:47:48.996702+05:30,137,4.40,SPEED_BELOW_10,2026-05-05 00:47:50.611347+05:30
7816,J2_BAMBALAPITIYA,2026-05-05 00:47:48.540441+05:30,146,9.67,SPEED_BELOW_10,2026-05-05 00:47:50.613142+05:30
7813,J4_BORELLA,2026-05-05 00:47:46.985880+05:30,118,5.14,SPEED_BELOW_10,2026-05-05 00:47:50.611347+05:30
7812,J4_BORELLA,2026-05-05 00:47:44.851687+05:30,104,6.32,SPEED_BELOW_10,2026-05-05 00:47:50.611347+05:30
7811,J1_KOLLUPITIYA,2026-05-05 00:47:41.955241+05:30,140,4.19,SPEED_BELOW_10,2026-05-05 00:47:50.611347+05:30
7815,J3_TOWN_HALL,2026-05-05 00:47:41.834050+05:30,102,7.98,SPEED_BELOW_10,2026-05-05 00:47:50.612969+05:30
7810,J3_TOWN_HALL,2026-05-05 00:47:38.937704+05:30,116,9.20,SPEED_BELOW_10,2026-05-05 00:47:40.555468+05:30
7807,J1_KOLLUPITIYA,2026-05-05 00:47:38.934885+05:30,120,5.95,SPEED_BELOW_10,2026-05-05 00:47:40.549356+05:30
7809,J3_TOWN_HALL,2026-05-05 00:47:37.474793+05:30,121,5.37,SPEED_BELOW_10,2026-05-05 00:47:40.555468+05:30
7808,J3_TOWN_HALL,2026-05-05 00:47:34.913548+05:30,131,3.76,SPEED_BELOW_10,2026-05-05 00:47:40.555468+05:30
7806,J1_KOLLUPITIYA,2026-05-05 00:47:34.451708+05:30,97,2.94,SPEED_BELOW_10,2026-05-05 00:47:40.549356+05:30
7805,J4_BORELLA,2026-05-05 00:47:32.781517+05:30,138,2.05,SPEED_BELOW_10,2026-05-05 00:47:40.549356+05:30
7804,J2_BAMBALAPITIYA,2026-05-05 00:47:32.441148+05:30,98,5.35,SPEED_BELOW_10,2026-05-05 00:47:40.549196+05:30
7798,J3_TOWN_HALL,2026-05-05 00:47:29.424989+05:30,119,8.06,SPEED_BELOW_10,2026-05-05 00:47:30.477973+05:30
7803,J4_BORELLA,2026-05-05 00:47:27.415043+05:30,105,3.00,SPEED_BELOW_10,2026-05-05 00:47:30.477333+05:30
7802,J2_BAMBALAPITIYA,2026-05-05 00:47:25.848841+05:30,96,9.53,SPEED_BELOW_10,2026-05-05 00:47:30.477317+05:30
7801,J1_KOLLUPITIYA,2026-05-05 00:47:25.714280+05:30,96,8.36,SPEED_BELOW_10,2026-05-05 00:47:30.477333+05:30
7799,J2_BAMBALAPITIYA,2026-05-05 00:47:24.842706+05:30,93,8.89,SPEED_BELOW_10,2026-05-05 00:47:30.477317+05:30
7797,J2_BAMBALAPITIYA,2026-05-05 00:47:24.395871+05:30,134,9.72,SPEED_BELOW_10,2026-05-05 00:47:30.477317+05:30
7800,J4_BORELLA,2026-05-05 00:47:23.706134+05:30,105,5.87,SPEED_BELOW_10,2026-05-05 00:47:30.477333+05:30
7796,J4_BORELLA,2026-05-05 00:47:22.661362+05:30,101,3.15,SPEED_BELOW_10,2026-05-05 00:47:30.477333+05:30
7795,J4_BORELLA,2026-05-05 00:47:18.801776+05:30,131,5.53,SPEED_BELOW_10,2026-05-05 00:47:20.422023+05:30
7792,J3_TOWN_HALL,2026-05-05 00:47:18.799613+05:30,100,7.05,SPEED_BELOW_10,2026-05-05 00:47:20.383766+05:30
7788,J2_BAMBALAPITIYA,2026-05-05 00:47:17.791018+05:30,146,8.38,SPEED_BELOW_10,2026-05-05 00:47:20.382935+05:30
7791,J3_TOWN_HALL,2026-05-05 00:47:17.355857+05:30,124,9.43,SPEED_BELOW_10,2026-05-05 00:47:20.383766+05:30
7794,J1_KOLLUPITIYA,2026-05-05 00:47:15.588680+05:30,150,4.37,SPEED_BELOW_10,2026-05-05 00:47:20.422023+05:30
7793,J4_BORELLA,2026-05-05 00:47:12.331696+05:30,149,5.81,SPEED_BELOW_10,2026-05-05 00:47:20.422023+05:30
7787,J2_BAMBALAPITIYA,2026-05-05 00:47:12.328186+05:30,107,6.14,SPEED_BELOW_10,2026-05-05 00:47:20.382935+05:30
7790,J3_TOWN_HALL,2026-05-05 00:47:10.756342+05:30,133,4.36,SPEED_BELOW_10,2026-05-05 00:47:20.383766+05:30
7786,J2_BAMBALAPITIYA,2026-05-05 00:47:10.555511+05:30,145,4.54,SPEED_BELOW_10,2026-05-05 00:47:20.382935+05:30
7789,J3_TOWN_HALL,2026-05-05 00:47:10.297578+05:30,116,7.87,SPEED_BELOW_10,2026-05-05 00:47:20.383766+05:30
7783,J4_BORELLA,2026-05-05 00:47:09.549431+05:30,133,7.71,SPEED_BELOW_10,2026-05-05 00:47:10.618863+05:30
7782,J1_KOLLUPITIYA,2026-05-05 00:47:09.543571+05:30,98,9.51,SPEED_BELOW_10,2026-05-05 00:47:10.618863+05:30
7781,J4_BORELLA,2026-05-05 00:47:07.736729+05:30,96,9.05,SPEED_BELOW_10,2026-05-05 00:47:10.618863+05:30
7780,J4_BORELLA,2026-05-05 00:47:07.273824+05:30,114,3.57,SPEED_BELOW_10,2026-05-05 00:47:10.618863+05:30
7779,J3_TOWN_HALL,2026-05-05 00:47:04.719131+05:30,126,9.24,SPEED_BELOW_10,2026-05-05 00:47:10.618883+05:30
7785,J2_BAMBALAPITIYA,2026-05-05 00:47:04.515172+05:30,99,4.29,SPEED_BELOW_10,2026-05-05 00:47:10.626321+05:30
7777,J3_TOWN_HALL,2026-05-05 00:47:04.257452+05:30,146,5.28,SPEED_BELOW_10,2026-05-05 00:47:10.618883+05:30
7775,J3_TOWN_HALL,2026-05-05 00:47:02.707729+05:30,115,8.53,SPEED_BELOW_10,2026-05-05 00:47:10.618883+05:30
7778,J1_KOLLUPITIYA,2026-05-05 00:47:02.704595+05:30,130,8.47,SPEED_BELOW_10,2026-05-05 00:47:10.618863+05:30
7776,J4_BORELLA,2026-05-05 00:47:01.697471+05:30,100,2.18,SPEED_BELOW_10,2026-05-05 00:47:10.618863+05:30
7784,J2_BAMBALAPITIYA,2026-05-05 00:47:01.693404+05:30,122,6.54,SPEED_BELOW_10,2026-05-05 00:47:10.626321+05:30
7774,J1_KOLLUPITIYA,2026-05-05 00:46:59.575598+05:30,125,5.30,SPEED_BELOW_10,2026-05-05 00:47:00.283028+05:30
7773,J4_BORELLA,2026-05-05 00:46:59.221858+05:30,92,7.87,SPEED_BELOW_10,2026-05-05 00:47:00.283028+05:30
7771,J3_TOWN_HALL,2026-05-05 00:46:56.204907+05:30,131,9.10,SPEED_BELOW_10,2026-05-05 00:47:00.278621+05:30
7772,J1_KOLLUPITIYA,2026-05-05 00:46:55.197071+05:30,112,3.46,SPEED_BELOW_10,2026-05-05 00:47:00.283028+05:30
7770,J1_KOLLUPITIYA,2026-05-05 00:46:40.110673+05:30,98,6.37,SPEED_BELOW_10,2026-05-05 00:46:50.386423+05:30
7769,J2_BAMBALAPITIYA,2026-05-05 00:46:38.100464+05:30,119,2.03,SPEED_BELOW_10,2026-05-05 00:46:40.383713+05:30
7768,J2_BAMBALAPITIYA,2026-05-05 00:46:36.306013+05:30,118,7.06,SPEED_BELOW_10,2026-05-05 00:46:40.383713+05:30
7765,J3_TOWN_HALL,2026-05-05 00:46:34.278763+05:30,120,9.87,SPEED_BELOW_10,2026-05-05 00:46:40.376952+05:30
7764,J3_TOWN_HALL,2026-05-05 00:46:33.434486+05:30,106,2.46,SPEED_BELOW_10,2026-05-05 00:46:40.376952+05:30
7767,J1_KOLLUPITIYA,2026-05-05 00:46:31.256223+05:30,90,7.34,SPEED_BELOW_10,2026-05-05 00:46:40.378272+05:30
7766,J1_KOLLUPITIYA,2026-05-05 00:46:31.052407+05:30,130,8.56,SPEED_BELOW_10,2026-05-05 00:46:40.378272+05:30
7762,J4_BORELLA,2026-05-05 00:46:29.399804+05:30,118,2.40,SPEED_BELOW_10,2026-05-05 00:46:30.444784+05:30
7761,J1_KOLLUPITIYA,2026-05-05 00:46:28.390659+05:30,109,6.51,SPEED_BELOW_10,2026-05-05 00:46:30.444784+05:30
7760,J1_KOLLUPITIYA,2026-05-05 00:46:27.382965+05:30,111,6.95,SPEED_BELOW_10,2026-05-05 00:46:30.444784+05:30
7759,J1_KOLLUPITIYA,2026-05-05 00:46:26.375974+05:30,127,2.77,SPEED_BELOW_10,2026-05-05 00:46:30.444784+05:30
7763,J3_TOWN_HALL,2026-05-05 00:46:25.017479+05:30,136,7.38,SPEED_BELOW_10,2026-05-05 00:46:30.452424+05:30
7757,J3_TOWN_HALL,2026-05-05 00:46:15.960734+05:30,107,2.54,SPEED_BELOW_10,2026-05-05 00:46:20.355787+05:30
7758,J1_KOLLUPITIYA,2026-05-05 00:46:12.266330+05:30,140,2.51,SPEED_BELOW_10,2026-05-05 00:46:20.358123+05:30
7756,J2_BAMBALAPITIYA,2026-05-05 00:46:07.091267+05:30,148,3.49,SPEED_BELOW_10,2026-05-05 00:46:10.927051+05:30
7747,J3_TOWN_HALL,2026-05-05 00:46:06.222122+05:30,127,2.56,SPEED_BELOW_10,2026-05-05 00:46:10.878407+05:30
7753,J4_BORELLA,2026-05-05 00:46:04.210309+05:30,100,7.16,SPEED_BELOW_10,2026-05-05 00:46:10.906993+05:30
7752,J4_BORELLA,2026-05-05 00:46:04.075691+05:30,128,7.52,SPEED_BELOW_10,2026-05-05 00:46:10.906993+05:30
7755,J2_BAMBALAPITIYA,2026-05-05 00:46:03.873676+05:30,128,6.69,SPEED_BELOW_10,2026-05-05 00:46:10.927051+05:30
7751,J1_KOLLUPITIYA,2026-05-05 00:46:03.201503+05:30,121,4.15,SPEED_BELOW_10,2026-05-05 00:46:10.906993+05:30
7750,J4_BORELLA,2026-05-05 00:46:03.068855+05:30,148,5.77,SPEED_BELOW_10,2026-05-05 00:46:10.906993+05:30
7746,J3_TOWN_HALL,2026-05-05 00:46:03.066287+05:30,128,9.62,SPEED_BELOW_10,2026-05-05 00:46:10.878407+05:30
7749,J1_KOLLUPITIYA,2026-05-05 00:46:02.867911+05:30,113,4.66,SPEED_BELOW_10,2026-05-05 00:46:10.906993+05:30
7748,J4_BORELLA,2026-05-05 00:46:01.865650+05:30,124,2.28,SPEED_BELOW_10,2026-05-05 00:46:10.906993+05:30
7754,J2_BAMBALAPITIYA,2026-05-05 00:46:01.053845+05:30,137,7.28,SPEED_BELOW_10,2026-05-05 00:46:10.927051+05:30
7744,J1_KOLLUPITIYA,2026-05-05 00:45:59.038417+05:30,115,6.50,SPEED_BELOW_10,2026-05-05 00:46:00.758003+05:30
7745,J2_BAMBALAPITIYA,2026-05-05 00:45:54.003132+05:30,92,3.02,SPEED_BELOW_10,2026-05-05 00:46:00.758229+05:30
7743,J3_TOWN_HALL,2026-05-05 00:45:52.995943+05:30,138,8.83,SPEED_BELOW_10,2026-05-05 00:46:00.752992+05:30
7742,J3_TOWN_HALL,2026-05-05 00:45:44.741374+05:30,120,9.75,SPEED_BELOW_10,2026-05-05 00:45:50.777220+05:30
7741,J3_TOWN_HALL,2026-05-05 00:45:44.065017+05:30,126,7.74,SPEED_BELOW_10,2026-05-05 00:45:50.777220+05:30
7740,J1_KOLLUPITIYA,2026-05-05 00:45:39.028985+05:30,107,4.86,SPEED_BELOW_10,2026-05-05 00:45:40.739838+05:30
7739,J4_BORELLA,2026-05-05 00:45:36.011734+05:30,110,6.90,SPEED_BELOW_10,2026-05-05 00:45:40.739838+05:30
7738,J3_TOWN_HALL,2026-05-05 00:45:34.843258+05:30,133,3.81,SPEED_BELOW_10,2026-05-05 00:45:40.709361+05:30
7737,J3_TOWN_HALL,2026-05-05 00:45:30.615443+05:30,125,3.89,SPEED_BELOW_10,2026-05-05 00:45:40.709361+05:30
7733,J3_TOWN_HALL,2026-05-05 00:45:28.600162+05:30,103,7.24,SPEED_BELOW_10,2026-05-05 00:45:30.664049+05:30
7736,J1_KOLLUPITIYA,2026-05-05 00:45:27.591309+05:30,100,5.44,SPEED_BELOW_10,2026-05-05 00:45:30.665687+05:30
7735,J4_BORELLA,2026-05-05 00:45:22.562754+05:30,142,6.92,SPEED_BELOW_10,2026-05-05 00:45:30.665687+05:30
7734,J4_BORELLA,2026-05-05 00:45:21.927351+05:30,91,6.25,SPEED_BELOW_10,2026-05-05 00:45:30.665687+05:30
7732,J2_BAMBALAPITIYA,2026-05-05 00:45:20.918770+05:30,149,7.76,SPEED_BELOW_10,2026-05-05 00:45:30.663090+05:30
7731,J4_BORELLA,2026-05-05 00:45:15.731890+05:30,90,4.89,SPEED_BELOW_10,2026-05-05 00:45:20.596668+05:30
7728,J3_TOWN_HALL,2026-05-05 00:45:05.439551+05:30,93,5.93,SPEED_BELOW_10,2026-05-05 00:45:10.519618+05:30
7727,J3_TOWN_HALL,2026-05-05 00:45:03.651090+05:30,147,6.82,SPEED_BELOW_10,2026-05-05 00:45:10.519618+05:30
7730,J2_BAMBALAPITIYA,2026-05-05 00:45:03.647769+05:30,147,2.62,SPEED_BELOW_10,2026-05-05 00:45:10.528552+05:30
7729,J1_KOLLUPITIYA,2026-05-05 00:45:01.410321+05:30,101,8.74,SPEED_BELOW_10,2026-05-05 00:45:10.527258+05:30
7725,J2_BAMBALAPITIYA,2026-05-05 00:44:58.385831+05:30,91,8.32,SPEED_BELOW_10,2026-05-05 00:45:00.454867+05:30
7726,J4_BORELLA,2026-05-05 00:44:55.367802+05:30,115,2.21,SPEED_BELOW_10,2026-05-05 00:45:00.454868+05:30
7722,J4_BORELLA,2026-05-05 00:44:49.689396+05:30,114,9.51,SPEED_BELOW_10,2026-05-05 00:44:50.388229+05:30
7721,J1_KOLLUPITIYA,2026-05-05 00:44:47.521840+05:30,107,8.83,SPEED_BELOW_10,2026-05-05 00:44:50.388229+05:30
7724,J3_TOWN_HALL,2026-05-05 00:44:44.287515+05:30,126,7.09,SPEED_BELOW_10,2026-05-05 00:44:50.389272+05:30
7720,J1_KOLLUPITIYA,2026-05-05 00:44:43.644618+05:30,94,6.03,SPEED_BELOW_10,2026-05-05 00:44:50.388229+05:30
7719,J2_BAMBALAPITIYA,2026-05-05 00:44:43.502906+05:30,125,3.38,SPEED_BELOW_10,2026-05-05 00:44:50.385298+05:30
7723,J3_TOWN_HALL,2026-05-05 00:44:42.500609+05:30,117,7.91,SPEED_BELOW_10,2026-05-05 00:44:50.389272+05:30
7716,J1_KOLLUPITIYA,2026-05-05 00:44:38.477417+05:30,130,4.74,SPEED_BELOW_10,2026-05-05 00:44:40.267578+05:30
7715,J1_KOLLUPITIYA,2026-05-05 00:44:37.600891+05:30,134,3.23,SPEED_BELOW_10,2026-05-05 00:44:40.267578+05:30
7714,J2_BAMBALAPITIYA,2026-05-05 00:44:35.225138+05:30,108,8.92,SPEED_BELOW_10,2026-05-05 00:44:40.267869+05:30
7713,J4_BORELLA,2026-05-05 00:44:34.220600+05:30,118,9.77,SPEED_BELOW_10,2026-05-05 00:44:40.267578+05:30
7718,J3_TOWN_HALL,2026-05-05 00:44:32.201869+05:30,133,9.60,SPEED_BELOW_10,2026-05-05 00:44:40.305794+05:30
7717,J3_TOWN_HALL,2026-05-05 00:44:31.415787+05:30,125,3.05,SPEED_BELOW_10,2026-05-05 00:44:40.305794+05:30
7712,J2_BAMBALAPITIYA,2026-05-05 00:44:30.186666+05:30,128,7.52,SPEED_BELOW_10,2026-05-05 00:44:40.267869+05:30
7711,J1_KOLLUPITIYA,2026-05-05 00:44:30.184901+05:30,128,8.50,SPEED_BELOW_10,2026-05-05 00:44:40.267578+05:30
7709,J4_BORELLA,2026-05-05 00:44:28.549569+05:30,94,8.65,SPEED_BELOW_10,2026-05-05 00:44:30.236962+05:30
7708,J1_KOLLUPITIYA,2026-05-05 00:44:27.537681+05:30,106,2.72,SPEED_BELOW_10,2026-05-05 00:44:30.236962+05:30
7707,J2_BAMBALAPITIYA,2026-05-05 00:44:27.393625+05:30,102,7.97,SPEED_BELOW_10,2026-05-05 00:44:30.236490+05:30
7710,J3_TOWN_HALL,2026-05-05 00:44:25.150747+05:30,110,5.52,SPEED_BELOW_10,2026-05-05 00:44:30.239138+05:30
7706,J2_BAMBALAPITIYA,2026-05-05 00:44:25.148468+05:30,137,3.35,SPEED_BELOW_10,2026-05-05 00:44:30.236490+05:30
7705,J2_BAMBALAPITIYA,2026-05-05 00:44:16.330350+05:30,129,6.19,SPEED_BELOW_10,2026-05-05 00:44:20.409244+05:30
7704,J3_TOWN_HALL,2026-05-05 00:44:15.088249+05:30,108,5.16,SPEED_BELOW_10,2026-05-05 00:44:20.409449+05:30
7703,J3_TOWN_HALL,2026-05-05 00:44:03.400487+05:30,136,5.66,SPEED_BELOW_10,2026-05-05 00:44:10.582418+05:30
7701,J2_BAMBALAPITIYA,2026-05-05 00:44:01.989993+05:30,131,7.78,SPEED_BELOW_10,2026-05-05 00:44:10.493916+05:30
7702,J3_TOWN_HALL,2026-05-05 00:44:01.384994+05:30,131,2.37,SPEED_BELOW_10,2026-05-05 00:44:10.582418+05:30
7700,J2_BAMBALAPITIYA,2026-05-05 00:44:00.370257+05:30,112,8.94,SPEED_BELOW_10,2026-05-05 00:44:10.493916+05:30
7699,J1_KOLLUPITIYA,2026-05-05 00:43:58.218344+05:30,101,7.34,SPEED_BELOW_10,2026-05-05 00:44:00.413747+05:30
7698,J4_BORELLA,2026-05-05 00:43:57.357246+05:30,137,9.37,SPEED_BELOW_10,2026-05-05 00:44:00.413747+05:30
7697,J1_KOLLUPITIYA,2026-05-05 00:43:57.210572+05:30,99,7.78,SPEED_BELOW_10,2026-05-05 00:44:00.413747+05:30
7696,J3_TOWN_HALL,2026-05-05 00:43:55.944662+05:30,93,5.43,SPEED_BELOW_10,2026-05-05 00:44:00.413765+05:30
7695,J3_TOWN_HALL,2026-05-05 00:43:54.338827+05:30,122,7.28,SPEED_BELOW_10,2026-05-05 00:44:00.413765+05:30
7693,J3_TOWN_HALL,2026-05-05 00:43:53.332056+05:30,138,6.53,SPEED_BELOW_10,2026-05-05 00:44:00.413765+05:30
7694,J1_KOLLUPITIYA,2026-05-05 00:43:53.183458+05:30,112,3.26,SPEED_BELOW_10,2026-05-05 00:44:00.413747+05:30
7692,J4_BORELLA,2026-05-05 00:43:48.295145+05:30,127,7.81,SPEED_BELOW_10,2026-05-05 00:43:50.894569+05:30
7689,J2_BAMBALAPITIYA,2026-05-05 00:43:47.897985+05:30,108,3.94,SPEED_BELOW_10,2026-05-05 00:43:50.888405+05:30
7690,J3_TOWN_HALL,2026-05-05 00:43:44.878210+05:30,126,4.89,SPEED_BELOW_10,2026-05-05 00:43:50.893350+05:30
7688,J2_BAMBALAPITIYA,2026-05-05 00:43:43.044547+05:30,106,2.82,SPEED_BELOW_10,2026-05-05 00:43:50.888405+05:30
7691,J4_BORELLA,2026-05-05 00:43:42.189483+05:30,149,3.70,SPEED_BELOW_10,2026-05-05 00:43:50.894569+05:30
7687,J4_BORELLA,2026-05-05 00:43:36.830042+05:30,101,4.78,SPEED_BELOW_10,2026-05-05 00:43:40.720845+05:30
7686,J1_KOLLUPITIYA,2026-05-05 00:43:34.814563+05:30,142,8.77,SPEED_BELOW_10,2026-05-05 00:43:40.720845+05:30
7685,J1_KOLLUPITIYA,2026-05-05 00:43:34.134084+05:30,107,3.93,SPEED_BELOW_10,2026-05-05 00:43:40.720845+05:30
7684,J4_BORELLA,2026-05-05 00:43:33.129630+05:30,111,9.85,SPEED_BELOW_10,2026-05-05 00:43:40.720845+05:30
7683,J4_BORELLA,2026-05-05 00:43:32.804894+05:30,114,5.20,SPEED_BELOW_10,2026-05-05 00:43:40.720845+05:30
7680,J3_TOWN_HALL,2026-05-05 00:43:28.097790+05:30,97,7.77,SPEED_BELOW_10,2026-05-05 00:43:30.696736+05:30
7679,J3_TOWN_HALL,2026-05-05 00:43:27.765987+05:30,104,2.82,SPEED_BELOW_10,2026-05-05 00:43:30.696736+05:30
7682,J1_KOLLUPITIYA,2026-05-05 00:43:23.909136+05:30,131,4.38,SPEED_BELOW_10,2026-05-05 00:43:30.717753+05:30
7681,J1_KOLLUPITIYA,2026-05-05 00:43:20.723369+05:30,142,3.76,SPEED_BELOW_10,2026-05-05 00:43:30.717753+05:30
7674,J4_BORELLA,2026-05-05 00:43:19.036771+05:30,96,2.28,SPEED_BELOW_10,2026-05-05 00:43:20.771744+05:30
7678,J3_TOWN_HALL,2026-05-05 00:43:18.883095+05:30,113,2.46,SPEED_BELOW_10,2026-05-05 00:43:20.824617+05:30
7675,J2_BAMBALAPITIYA,2026-05-05 00:43:17.697735+05:30,103,3.78,SPEED_BELOW_10,2026-05-05 00:43:20.817235+05:30
7677,J3_TOWN_HALL,2026-05-05 00:43:15.867828+05:30,98,3.52,SPEED_BELOW_10,2026-05-05 00:43:20.824617+05:30
7673,J4_BORELLA,2026-05-05 00:43:15.011211+05:30,132,5.33,SPEED_BELOW_10,2026-05-05 00:43:20.771744+05:30
7672,J4_BORELLA,2026-05-05 00:43:12.673622+05:30,124,9.57,SPEED_BELOW_10,2026-05-05 00:43:20.771744+05:30
7676,J3_TOWN_HALL,2026-05-05 00:43:11.988138+05:30,132,3.12,SPEED_BELOW_10,2026-05-05 00:43:20.824617+05:30
7671,J1_KOLLUPITIYA,2026-05-05 00:43:10.979381+05:30,117,8.84,SPEED_BELOW_10,2026-05-05 00:43:20.771744+05:30
7670,J4_BORELLA,2026-05-05 00:43:03.781193+05:30,135,5.66,SPEED_BELOW_10,2026-05-05 00:43:10.652657+05:30
7669,J1_KOLLUPITIYA,2026-05-05 00:43:00.588221+05:30,100,5.83,SPEED_BELOW_10,2026-05-05 00:43:10.652657+05:30
7667,J1_KOLLUPITIYA,2026-05-05 00:42:59.891205+05:30,97,4.82,SPEED_BELOW_10,2026-05-05 00:43:00.659177+05:30
7668,J2_BAMBALAPITIYA,2026-05-05 00:42:56.715472+05:30,94,2.75,SPEED_BELOW_10,2026-05-05 00:43:00.670713+05:30
7666,J4_BORELLA,2026-05-05 00:42:56.554107+05:30,133,4.82,SPEED_BELOW_10,2026-05-05 00:43:00.659177+05:30
7665,J4_BORELLA,2026-05-05 00:42:54.706577+05:30,98,2.41,SPEED_BELOW_10,2026-05-05 00:43:00.659177+05:30
7664,J1_KOLLUPITIYA,2026-05-05 00:42:51.684105+05:30,116,4.93,SPEED_BELOW_10,2026-05-05 00:43:00.659177+05:30
7660,J3_TOWN_HALL,2026-05-05 00:42:49.675072+05:30,121,2.41,SPEED_BELOW_10,2026-05-05 00:42:50.569333+05:30
7659,J1_KOLLUPITIYA,2026-05-05 00:42:48.494306+05:30,138,9.62,SPEED_BELOW_10,2026-05-05 00:42:50.521050+05:30
7658,J1_KOLLUPITIYA,2026-05-05 00:42:45.649848+05:30,131,2.81,SPEED_BELOW_10,2026-05-05 00:42:50.521050+05:30
7663,J2_BAMBALAPITIYA,2026-05-05 00:42:44.464561+05:30,111,9.17,SPEED_BELOW_10,2026-05-05 00:42:50.569808+05:30
7662,J2_BAMBALAPITIYA,2026-05-05 00:42:42.629204+05:30,129,6.92,SPEED_BELOW_10,2026-05-05 00:42:50.569808+05:30
7661,J2_BAMBALAPITIYA,2026-05-05 00:42:42.453239+05:30,117,2.75,SPEED_BELOW_10,2026-05-05 00:42:50.569808+05:30
7657,J1_KOLLUPITIYA,2026-05-05 00:42:40.442758+05:30,131,4.95,SPEED_BELOW_10,2026-05-05 00:42:50.521050+05:30
7655,J1_KOLLUPITIYA,2026-05-05 00:42:39.608335+05:30,146,7.64,SPEED_BELOW_10,2026-05-05 00:42:40.520140+05:30
7656,J3_TOWN_HALL,2026-05-05 00:42:38.425781+05:30,98,9.58,SPEED_BELOW_10,2026-05-05 00:42:40.520387+05:30
7652,J2_BAMBALAPITIYA,2026-05-05 00:42:37.761422+05:30,106,6.84,SPEED_BELOW_10,2026-05-05 00:42:40.509285+05:30
7651,J2_BAMBALAPITIYA,2026-05-05 00:42:34.397322+05:30,128,6.00,SPEED_BELOW_10,2026-05-05 00:42:40.509285+05:30
7654,J3_TOWN_HALL,2026-05-05 00:42:31.378841+05:30,120,5.67,SPEED_BELOW_10,2026-05-05 00:42:40.520387+05:30
7653,J4_BORELLA,2026-05-05 00:42:30.365417+05:30,127,5.47,SPEED_BELOW_10,2026-05-05 00:42:40.520140+05:30
7642,J2_BAMBALAPITIYA,2026-05-05 00:42:29.550557+05:30,135,8.72,SPEED_BELOW_10,2026-05-05 00:42:30.409182+05:30
7650,J3_TOWN_HALL,2026-05-05 00:42:28.545075+05:30,143,5.42,SPEED_BELOW_10,2026-05-05 00:42:30.413258+05:30
7641,J2_BAMBALAPITIYA,2026-05-05 00:42:28.541670+05:30,105,3.18,SPEED_BELOW_10,2026-05-05 00:42:30.409182+05:30
7645,J1_KOLLUPITIYA,2026-05-05 00:42:27.703632+05:30,117,2.74,SPEED_BELOW_10,2026-05-05 00:42:30.411888+05:30
7640,J2_BAMBALAPITIYA,2026-05-05 00:42:27.532955+05:30,116,8.03,SPEED_BELOW_10,2026-05-05 00:42:30.409182+05:30
7649,J3_TOWN_HALL,2026-05-05 00:42:27.347236+05:30,128,4.38,SPEED_BELOW_10,2026-05-05 00:42:30.413258+05:30
7648,J3_TOWN_HALL,2026-05-05 00:42:26.527007+05:30,109,3.80,SPEED_BELOW_10,2026-05-05 00:42:30.413258+05:30
7647,J3_TOWN_HALL,2026-05-05 00:42:26.338006+05:30,117,7.41,SPEED_BELOW_10,2026-05-05 00:42:30.413258+05:30
7644,J1_KOLLUPITIYA,2026-05-05 00:42:23.679754+05:30,134,8.48,SPEED_BELOW_10,2026-05-05 00:42:30.411888+05:30
7646,J3_TOWN_HALL,2026-05-05 00:42:23.503918+05:30,110,2.30,SPEED_BELOW_10,2026-05-05 00:42:30.413258+05:30
7643,J4_BORELLA,2026-05-05 00:42:20.628653+05:30,125,6.28,SPEED_BELOW_10,2026-05-05 00:42:30.411888+05:30
7639,J2_BAMBALAPITIYA,2026-05-05 00:42:20.624787+05:30,118,5.21,SPEED_BELOW_10,2026-05-05 00:42:30.409182+05:30
7638,J3_TOWN_HALL,2026-05-05 00:42:18.463932+05:30,95,4.15,SPEED_BELOW_10,2026-05-05 00:42:20.350421+05:30
7637,J4_BORELLA,2026-05-05 00:42:13.585785+05:30,109,4.06,SPEED_BELOW_10,2026-05-05 00:42:20.347642+05:30
7636,J1_KOLLUPITIYA,2026-05-05 00:42:13.251927+05:30,98,7.52,SPEED_BELOW_10,2026-05-05 00:42:20.347642+05:30
7635,J1_KOLLUPITIYA,2026-05-05 00:42:02.493019+05:30,98,5.08,SPEED_BELOW_10,2026-05-05 00:42:10.439434+05:30
7634,J1_KOLLUPITIYA,2026-05-05 00:42:02.184392+05:30,146,2.07,SPEED_BELOW_10,2026-05-05 00:42:10.439434+05:30
7633,J2_BAMBALAPITIYA,2026-05-05 00:42:00.165587+05:30,136,7.65,SPEED_BELOW_10,2026-05-05 00:42:10.401622+05:30
7631,J2_BAMBALAPITIYA,2026-05-05 00:41:57.316076+05:30,95,9.41,SPEED_BELOW_10,2026-05-05 00:42:00.528672+05:30
7630,J2_BAMBALAPITIYA,2026-05-05 00:41:56.393971+05:30,139,5.12,SPEED_BELOW_10,2026-05-05 00:42:00.528672+05:30
7632,J3_TOWN_HALL,2026-05-05 00:41:55.305169+05:30,125,7.77,SPEED_BELOW_10,2026-05-05 00:42:00.530868+05:30
7628,J4_BORELLA,2026-05-05 00:41:47.091826+05:30,111,9.24,SPEED_BELOW_10,2026-05-05 00:41:50.298538+05:30
7627,J1_KOLLUPITIYA,2026-05-05 00:41:45.330635+05:30,131,2.60,SPEED_BELOW_10,2026-05-05 00:41:50.298538+05:30
7629,J2_BAMBALAPITIYA,2026-05-05 00:41:45.077218+05:30,105,4.73,SPEED_BELOW_10,2026-05-05 00:41:50.299937+05:30
7624,J3_TOWN_HALL,2026-05-05 00:41:43.210502+05:30,133,9.17,SPEED_BELOW_10,2026-05-05 00:41:50.293338+05:30
7626,J1_KOLLUPITIYA,2026-05-05 00:41:43.062288+05:30,110,6.68,SPEED_BELOW_10,2026-05-05 00:41:50.298538+05:30
7625,J4_BORELLA,2026-05-05 00:41:42.310445+05:30,96,5.14,SPEED_BELOW_10,2026-05-05 00:41:50.298538+05:30
7621,J4_BORELLA,2026-05-05 00:41:36.262070+05:30,106,8.23,SPEED_BELOW_10,2026-05-05 00:41:40.240442+05:30
7622,J2_BAMBALAPITIYA,2026-05-05 00:41:34.008032+05:30,92,8.16,SPEED_BELOW_10,2026-05-05 00:41:40.243572+05:30
7620,J1_KOLLUPITIYA,2026-05-05 00:41:33.154243+05:30,142,7.87,SPEED_BELOW_10,2026-05-05 00:41:40.240442+05:30
7623,J3_TOWN_HALL,2026-05-05 00:41:33.002083+05:30,148,2.16,SPEED_BELOW_10,2026-05-05 00:41:40.243813+05:30
7619,J4_BORELLA,2026-05-05 00:41:30.988386+05:30,135,5.63,SPEED_BELOW_10,2026-05-05 00:41:40.240442+05:30
7618,J1_KOLLUPITIYA,2026-05-05 00:41:30.983120+05:30,132,6.65,SPEED_BELOW_10,2026-05-05 00:41:40.240442+05:30
7617,J4_BORELLA,2026-05-05 00:41:29.973929+05:30,92,6.44,SPEED_BELOW_10,2026-05-05 00:41:30.269537+05:30
7616,J1_KOLLUPITIYA,2026-05-05 00:41:29.126495+05:30,135,8.83,SPEED_BELOW_10,2026-05-05 00:41:30.269537+05:30
7615,J2_BAMBALAPITIYA,2026-05-05 00:41:27.210522+05:30,98,8.49,SPEED_BELOW_10,2026-05-05 00:41:30.267419+05:30
7614,J2_BAMBALAPITIYA,2026-05-05 00:41:23.182494+05:30,137,3.47,SPEED_BELOW_10,2026-05-05 00:41:30.267419+05:30
7613,J4_BORELLA,2026-05-05 00:41:18.892534+05:30,144,7.97,SPEED_BELOW_10,2026-05-05 00:41:20.804808+05:30
7609,J2_BAMBALAPITIYA,2026-05-05 00:41:17.881296+05:30,95,4.77,SPEED_BELOW_10,2026-05-05 00:41:20.796272+05:30
7612,J1_KOLLUPITIYA,2026-05-05 00:41:17.878733+05:30,138,5.38,SPEED_BELOW_10,2026-05-05 00:41:20.804808+05:30
7608,J3_TOWN_HALL,2026-05-05 00:41:14.864094+05:30,95,9.65,SPEED_BELOW_10,2026-05-05 00:41:20.794909+05:30
7611,J1_KOLLUPITIYA,2026-05-05 00:41:14.116758+05:30,132,2.04,SPEED_BELOW_10,2026-05-05 00:41:20.804808+05:30
7610,J1_KOLLUPITIYA,2026-05-05 00:41:11.831897+05:30,113,7.82,SPEED_BELOW_10,2026-05-05 00:41:20.804808+05:30
7607,J3_TOWN_HALL,2026-05-05 00:41:10.827557+05:30,100,8.50,SPEED_BELOW_10,2026-05-05 00:41:20.794909+05:30
7606,J3_TOWN_HALL,2026-05-05 00:41:10.097017+05:30,143,9.83,SPEED_BELOW_10,2026-05-05 00:41:20.794909+05:30
7605,J2_BAMBALAPITIYA,2026-05-05 00:41:07.079460+05:30,110,5.47,SPEED_BELOW_10,2026-05-05 00:41:10.730804+05:30
7602,J4_BORELLA,2026-05-05 00:41:05.793222+05:30,128,5.25,SPEED_BELOW_10,2026-05-05 00:41:10.698510+05:30
7601,J3_TOWN_HALL,2026-05-05 00:41:02.953198+05:30,90,9.63,SPEED_BELOW_10,2026-05-05 00:41:10.695170+05:30
7604,J2_BAMBALAPITIYA,2026-05-05 00:41:01.945653+05:30,141,4.52,SPEED_BELOW_10,2026-05-05 00:41:10.730804+05:30
7603,J2_BAMBALAPITIYA,2026-05-05 00:41:00.744304+05:30,91,2.43,SPEED_BELOW_10,2026-05-05 00:41:10.730804+05:30
7600,J4_BORELLA,2026-05-05 00:40:59.738951+05:30,148,3.63,SPEED_BELOW_10,2026-05-05 00:41:00.794894+05:30
7599,J1_KOLLUPITIYA,2026-05-05 00:40:57.715916+05:30,131,4.66,SPEED_BELOW_10,2026-05-05 00:41:00.794894+05:30
7597,J2_BAMBALAPITIYA,2026-05-05 00:40:57.006544+05:30,98,5.99,SPEED_BELOW_10,2026-05-05 00:41:00.794258+05:30
7596,J2_BAMBALAPITIYA,2026-05-05 00:40:56.710207+05:30,108,3.88,SPEED_BELOW_10,2026-05-05 00:41:00.794258+05:30
7598,J1_KOLLUPITIYA,2026-05-05 00:40:52.683299+05:30,132,7.80,SPEED_BELOW_10,2026-05-05 00:41:00.794894+05:30
7595,J1_KOLLUPITIYA,2026-05-05 00:40:45.840724+05:30,97,2.61,SPEED_BELOW_10,2026-05-05 00:40:50.676522+05:30
7593,J2_BAMBALAPITIYA,2026-05-05 00:40:43.632968+05:30,125,4.20,SPEED_BELOW_10,2026-05-05 00:40:50.675701+05:30
7592,J3_TOWN_HALL,2026-05-05 00:40:42.827716+05:30,116,9.36,SPEED_BELOW_10,2026-05-05 00:40:50.675697+05:30
7594,J1_KOLLUPITIYA,2026-05-05 00:40:40.812876+05:30,112,6.01,SPEED_BELOW_10,2026-05-05 00:40:50.676522+05:30
7590,J2_BAMBALAPITIYA,2026-05-05 00:40:35.777275+05:30,105,7.49,SPEED_BELOW_10,2026-05-05 00:40:40.657230+05:30
7589,J3_TOWN_HALL,2026-05-05 00:40:32.759899+05:30,117,7.97,SPEED_BELOW_10,2026-05-05 00:40:40.657115+05:30
7591,J4_BORELLA,2026-05-05 00:40:32.723152+05:30,148,2.78,SPEED_BELOW_10,2026-05-05 00:40:40.662070+05:30
7583,J3_TOWN_HALL,2026-05-05 00:40:29.657067+05:30,105,9.28,SPEED_BELOW_10,2026-05-05 00:40:30.587177+05:30
7587,J1_KOLLUPITIYA,2026-05-05 00:40:29.531022+05:30,105,5.68,SPEED_BELOW_10,2026-05-05 00:40:30.586732+05:30
7586,J4_BORELLA,2026-05-05 00:40:27.516744+05:30,150,7.03,SPEED_BELOW_10,2026-05-05 00:40:30.586732+05:30
7585,J1_KOLLUPITIYA,2026-05-05 00:40:27.510997+05:30,132,8.95,SPEED_BELOW_10,2026-05-05 00:40:30.586732+05:30
7584,J4_BORELLA,2026-05-05 00:40:24.558009+05:30,149,6.54,SPEED_BELOW_10,2026-05-05 00:40:30.586732+05:30
7582,J4_BORELLA,2026-05-05 00:40:24.489177+05:30,105,8.96,SPEED_BELOW_10,2026-05-05 00:40:30.586732+05:30
7588,J2_BAMBALAPITIYA,2026-05-05 00:40:23.548795+05:30,105,6.74,SPEED_BELOW_10,2026-05-05 00:40:30.589278+05:30
7580,J2_BAMBALAPITIYA,2026-05-05 00:40:18.605480+05:30,119,7.81,SPEED_BELOW_10,2026-05-05 00:40:20.517418+05:30
7581,J1_KOLLUPITIYA,2026-05-05 00:40:17.440908+05:30,112,4.50,SPEED_BELOW_10,2026-05-05 00:40:20.517558+05:30
7578,J2_BAMBALAPITIYA,2026-05-05 00:40:11.412248+05:30,144,7.35,SPEED_BELOW_10,2026-05-05 00:40:20.517418+05:30
7579,J4_BORELLA,2026-05-05 00:40:10.404742+05:30,123,2.78,SPEED_BELOW_10,2026-05-05 00:40:20.517558+05:30
7577,J4_BORELLA,2026-05-05 00:40:09.429134+05:30,97,6.41,SPEED_BELOW_10,2026-05-05 00:40:10.459648+05:30
7576,J4_BORELLA,2026-05-05 00:40:03.517814+05:30,105,6.54,SPEED_BELOW_10,2026-05-05 00:40:10.459648+05:30
7575,J1_KOLLUPITIYA,2026-05-05 00:40:03.514181+05:30,90,6.82,SPEED_BELOW_10,2026-05-05 00:40:10.459648+05:30
7574,J4_BORELLA,2026-05-05 00:40:03.358896+05:30,136,4.32,SPEED_BELOW_10,2026-05-05 00:40:10.459648+05:30
7573,J1_KOLLUPITIYA,2026-05-05 00:40:02.508823+05:30,100,7.91,SPEED_BELOW_10,2026-05-05 00:40:10.459648+05:30
7572,J3_TOWN_HALL,2026-05-05 00:40:02.349457+05:30,126,6.78,SPEED_BELOW_10,2026-05-05 00:40:10.459927+05:30
7569,J4_BORELLA,2026-05-05 00:39:58.486490+05:30,114,4.32,SPEED_BELOW_10,2026-05-05 00:40:00.391908+05:30
7568,J1_KOLLUPITIYA,2026-05-05 00:39:57.316449+05:30,141,6.08,SPEED_BELOW_10,2026-05-05 00:40:00.391908+05:30
7571,J3_TOWN_HALL,2026-05-05 00:39:55.463200+05:30,119,4.65,SPEED_BELOW_10,2026-05-05 00:40:00.395678+05:30
7567,J2_BAMBALAPITIYA,2026-05-05 00:39:54.299130+05:30,94,5.46,SPEED_BELOW_10,2026-05-05 00:40:00.391847+05:30
7570,J3_TOWN_HALL,2026-05-05 00:39:52.288511+05:30,139,3.76,SPEED_BELOW_10,2026-05-05 00:40:00.395678+05:30
7564,J4_BORELLA,2026-05-05 00:39:49.261284+05:30,108,4.31,SPEED_BELOW_10,2026-05-05 00:39:50.318343+05:30
7566,J3_TOWN_HALL,2026-05-05 00:39:48.405103+05:30,150,8.67,SPEED_BELOW_10,2026-05-05 00:39:50.320691+05:30
7563,J1_KOLLUPITIYA,2026-05-05 00:39:43.218365+05:30,119,8.46,SPEED_BELOW_10,2026-05-05 00:39:50.318343+05:30
7565,J3_TOWN_HALL,2026-05-05 00:39:43.206878+05:30,95,9.57,SPEED_BELOW_10,2026-05-05 00:39:50.320691+05:30
7562,J4_BORELLA,2026-05-05 00:39:42.211660+05:30,92,2.18,SPEED_BELOW_10,2026-05-05 00:39:50.318343+05:30
7561,J4_BORELLA,2026-05-05 00:39:41.343873+05:30,97,4.90,SPEED_BELOW_10,2026-05-05 00:39:50.318343+05:30
7560,J4_BORELLA,2026-05-05 00:39:39.174997+05:30,112,4.91,SPEED_BELOW_10,2026-05-05 00:39:40.324082+05:30
7557,J2_BAMBALAPITIYA,2026-05-05 00:39:38.173608+05:30,149,9.27,SPEED_BELOW_10,2026-05-05 00:39:40.309646+05:30
7556,J2_BAMBALAPITIYA,2026-05-05 00:39:33.266041+05:30,129,9.38,SPEED_BELOW_10,2026-05-05 00:39:40.309646+05:30
7559,J1_KOLLUPITIYA,2026-05-05 00:39:32.141219+05:30,128,7.39,SPEED_BELOW_10,2026-05-05 00:39:40.324082+05:30
7555,J2_BAMBALAPITIYA,2026-05-05 00:39:31.257891+05:30,117,6.30,SPEED_BELOW_10,2026-05-05 00:39:40.309646+05:30
7558,J1_KOLLUPITIYA,2026-05-05 00:39:31.132779+05:30,128,8.00,SPEED_BELOW_10,2026-05-05 00:39:40.324082+05:30
7547,J2_BAMBALAPITIYA,2026-05-05 00:39:29.237250+05:30,101,6.65,SPEED_BELOW_10,2026-05-05 00:39:30.249589+05:30
7552,J4_BORELLA,2026-05-05 00:39:24.212382+05:30,91,8.07,SPEED_BELOW_10,2026-05-05 00:39:30.299695+05:30
7554,J3_TOWN_HALL,2026-05-05 00:39:22.199352+05:30,104,8.82,SPEED_BELOW_10,2026-05-05 00:39:30.301326+05:30
7553,J3_TOWN_HALL,2026-05-05 00:39:22.078018+05:30,92,2.14,SPEED_BELOW_10,2026-05-05 00:39:30.301326+05:30
7551,J1_KOLLUPITIYA,2026-05-05 00:39:22.076165+05:30,122,7.77,SPEED_BELOW_10,2026-05-05 00:39:30.299695+05:30
7550,J1_KOLLUPITIYA,2026-05-05 00:39:22.074671+05:30,97,4.94,SPEED_BELOW_10,2026-05-05 00:39:30.299695+05:30
7549,J1_KOLLUPITIYA,2026-05-05 00:39:21.192850+05:30,145,7.93,SPEED_BELOW_10,2026-05-05 00:39:30.299695+05:30
7548,J1_KOLLUPITIYA,2026-05-05 00:39:21.068356+05:30,134,6.27,SPEED_BELOW_10,2026-05-05 00:39:30.299695+05:30
7546,J2_BAMBALAPITIYA,2026-05-05 00:39:20.060924+05:30,118,3.86,SPEED_BELOW_10,2026-05-05 00:39:30.249589+05:30
7543,J2_BAMBALAPITIYA,2026-05-05 00:39:19.051833+05:30,92,9.44,SPEED_BELOW_10,2026-05-05 00:39:20.231524+05:30
7542,J4_BORELLA,2026-05-05 00:39:18.176017+05:30,95,3.76,SPEED_BELOW_10,2026-05-05 00:39:20.231782+05:30
7545,J3_TOWN_HALL,2026-05-05 00:39:18.174127+05:30,95,4.97,SPEED_BELOW_10,2026-05-05 00:39:20.238839+05:30
7539,J2_BAMBALAPITIYA,2026-05-05 00:39:18.044671+05:30,126,7.16,SPEED_BELOW_10,2026-05-05 00:39:20.231524+05:30
7541,J1_KOLLUPITIYA,2026-05-05 00:39:17.033870+05:30,105,9.73,SPEED_BELOW_10,2026-05-05 00:39:20.231782+05:30
7544,J3_TOWN_HALL,2026-05-05 00:39:11.139818+05:30,98,7.62,SPEED_BELOW_10,2026-05-05 00:39:20.238839+05:30
7540,J4_BORELLA,2026-05-05 00:39:11.008776+05:30,108,8.67,SPEED_BELOW_10,2026-05-05 00:39:20.231782+05:30
7534,J2_BAMBALAPITIYA,2026-05-05 00:39:08.123805+05:30,117,7.64,SPEED_BELOW_10,2026-05-05 00:39:10.678744+05:30
7538,J1_KOLLUPITIYA,2026-05-05 00:39:07.986370+05:30,145,7.37,SPEED_BELOW_10,2026-05-05 00:39:10.684006+05:30
7532,J3_TOWN_HALL,2026-05-05 00:39:06.969082+05:30,122,2.61,SPEED_BELOW_10,2026-05-05 00:39:10.678209+05:30
7537,J1_KOLLUPITIYA,2026-05-05 00:39:04.101421+05:30,103,9.01,SPEED_BELOW_10,2026-05-05 00:39:10.684006+05:30
7533,J2_BAMBALAPITIYA,2026-05-05 00:39:00.946275+05:30,105,2.41,SPEED_BELOW_10,2026-05-05 00:39:10.678744+05:30
7531,J3_TOWN_HALL,2026-05-05 00:39:00.936135+05:30,115,8.63,SPEED_BELOW_10,2026-05-05 00:39:10.678209+05:30
7536,J1_KOLLUPITIYA,2026-05-05 00:39:00.933022+05:30,122,8.43,SPEED_BELOW_10,2026-05-05 00:39:10.684006+05:30
7535,J1_KOLLUPITIYA,2026-05-05 00:39:00.067420+05:30,96,6.65,SPEED_BELOW_10,2026-05-05 00:39:10.684006+05:30
7530,J2_BAMBALAPITIYA,2026-05-05 00:38:59.916618+05:30,102,8.22,SPEED_BELOW_10,2026-05-05 00:39:00.815455+05:30
7529,J2_BAMBALAPITIYA,2026-05-05 00:38:57.052147+05:30,148,2.89,SPEED_BELOW_10,2026-05-05 00:39:00.815455+05:30
7528,J1_KOLLUPITIYA,2026-05-05 00:38:55.040939+05:30,140,9.87,SPEED_BELOW_10,2026-05-05 00:39:00.814971+05:30
7527,J4_BORELLA,2026-05-05 00:38:54.896895+05:30,112,6.48,SPEED_BELOW_10,2026-05-05 00:39:00.814971+05:30
7520,J3_TOWN_HALL,2026-05-05 00:38:54.893664+05:30,103,6.90,SPEED_BELOW_10,2026-05-05 00:39:00.811381+05:30
7526,J4_BORELLA,2026-05-05 00:38:53.033322+05:30,112,6.44,SPEED_BELOW_10,2026-05-05 00:39:00.814971+05:30
7519,J3_TOWN_HALL,2026-05-05 00:38:52.885594+05:30,125,5.89,SPEED_BELOW_10,2026-05-05 00:39:00.811381+05:30
7525,J1_KOLLUPITIYA,2026-05-05 00:38:52.880750+05:30,119,4.43,SPEED_BELOW_10,2026-05-05 00:39:00.814971+05:30
7524,J4_BORELLA,2026-05-05 00:38:52.024819+05:30,149,6.41,SPEED_BELOW_10,2026-05-05 00:39:00.814971+05:30
7523,J1_KOLLUPITIYA,2026-05-05 00:38:51.013884+05:30,114,8.56,SPEED_BELOW_10,2026-05-05 00:39:00.814971+05:30
7522,J4_BORELLA,2026-05-05 00:38:50.871710+05:30,139,3.25,SPEED_BELOW_10,2026-05-05 00:39:00.814971+05:30
7521,J1_KOLLUPITIYA,2026-05-05 00:38:50.867253+05:30,98,5.56,SPEED_BELOW_10,2026-05-05 00:39:00.814971+05:30
7518,J1_KOLLUPITIYA,2026-05-05 00:38:49.856374+05:30,136,3.73,SPEED_BELOW_10,2026-05-05 00:38:50.719613+05:30
7513,J2_BAMBALAPITIYA,2026-05-05 00:38:48.850345+05:30,96,7.32,SPEED_BELOW_10,2026-05-05 00:38:50.715572+05:30
7517,J3_TOWN_HALL,2026-05-05 00:38:47.829666+05:30,145,6.63,SPEED_BELOW_10,2026-05-05 00:38:50.719525+05:30
7516,J3_TOWN_HALL,2026-05-05 00:38:46.833822+05:30,110,2.32,SPEED_BELOW_10,2026-05-05 00:38:50.719525+05:30
7512,J2_BAMBALAPITIYA,2026-05-05 00:38:46.820064+05:30,105,5.48,SPEED_BELOW_10,2026-05-05 00:38:50.715572+05:30
7511,J2_BAMBALAPITIYA,2026-05-05 00:38:45.812978+05:30,111,4.08,SPEED_BELOW_10,2026-05-05 00:38:50.715572+05:30
7514,J3_TOWN_HALL,2026-05-05 00:38:43.969080+05:30,140,5.00,SPEED_BELOW_10,2026-05-05 00:38:50.719525+05:30
7515,J1_KOLLUPITIYA,2026-05-05 00:38:43.799619+05:30,98,7.66,SPEED_BELOW_10,2026-05-05 00:38:50.719613+05:30
7508,J3_TOWN_HALL,2026-05-05 00:38:39.790110+05:30,139,5.58,SPEED_BELOW_10,2026-05-05 00:38:40.788667+05:30
7510,J2_BAMBALAPITIYA,2026-05-05 00:38:37.927588+05:30,136,5.15,SPEED_BELOW_10,2026-05-05 00:38:40.792745+05:30
7505,J4_BORELLA,2026-05-05 00:38:37.766994+05:30,107,9.88,SPEED_BELOW_10,2026-05-05 00:38:40.787822+05:30
7507,J3_TOWN_HALL,2026-05-05 00:38:35.764641+05:30,131,6.42,SPEED_BELOW_10,2026-05-05 00:38:40.788667+05:30
7506,J3_TOWN_HALL,2026-05-05 00:38:34.744938+05:30,144,8.15,SPEED_BELOW_10,2026-05-05 00:38:40.788667+05:30
7504,J4_BORELLA,2026-05-05 00:38:30.734284+05:30,93,2.28,SPEED_BELOW_10,2026-05-05 00:38:40.787822+05:30
7509,J2_BAMBALAPITIYA,2026-05-05 00:38:30.716266+05:30,116,9.40,SPEED_BELOW_10,2026-05-05 00:38:40.792745+05:30
7503,J4_BORELLA,2026-05-05 00:38:23.822262+05:30,140,7.93,SPEED_BELOW_10,2026-05-05 00:38:30.688696+05:30
7502,J4_BORELLA,2026-05-05 00:38:20.764749+05:30,135,2.78,SPEED_BELOW_10,2026-05-05 00:38:30.688696+05:30
7501,J1_KOLLUPITIYA,2026-05-05 00:38:18.266502+05:30,132,5.28,SPEED_BELOW_10,2026-05-05 00:38:20.630789+05:30
7500,J1_KOLLUPITIYA,2026-05-05 00:38:16.418486+05:30,108,6.25,SPEED_BELOW_10,2026-05-05 00:38:20.630789+05:30
7499,J1_KOLLUPITIYA,2026-05-05 00:38:16.234705+05:30,129,8.92,SPEED_BELOW_10,2026-05-05 00:38:20.630789+05:30
7497,J2_BAMBALAPITIYA,2026-05-05 00:38:15.691110+05:30,96,3.90,SPEED_BELOW_10,2026-05-05 00:38:20.606892+05:30
7498,J1_KOLLUPITIYA,2026-05-05 00:38:15.689698+05:30,101,9.24,SPEED_BELOW_10,2026-05-05 00:38:20.630789+05:30
7496,J2_BAMBALAPITIYA,2026-05-05 00:38:12.211401+05:30,104,4.47,SPEED_BELOW_10,2026-05-05 00:38:20.606892+05:30
7494,J4_BORELLA,2026-05-05 00:38:07.371815+05:30,139,5.95,SPEED_BELOW_10,2026-05-05 00:38:10.251783+05:30
7493,J4_BORELLA,2026-05-05 00:38:04.355346+05:30,130,2.31,SPEED_BELOW_10,2026-05-05 00:38:10.251783+05:30
7495,J3_TOWN_HALL,2026-05-05 00:38:02.344303+05:30,107,2.96,SPEED_BELOW_10,2026-05-05 00:38:10.254833+05:30
7492,J4_BORELLA,2026-05-05 00:37:56.571492+05:30,139,8.56,SPEED_BELOW_10,2026-05-05 00:38:00.363591+05:30
7491,J4_BORELLA,2026-05-05 00:37:56.281148+05:30,138,7.45,SPEED_BELOW_10,2026-05-05 00:38:00.363591+05:30
7490,J1_KOLLUPITIYA,2026-05-05 00:37:56.268895+05:30,149,3.07,SPEED_BELOW_10,2026-05-05 00:38:00.363591+05:30
7489,J4_BORELLA,2026-05-05 00:37:53.254967+05:30,125,4.44,SPEED_BELOW_10,2026-05-05 00:38:00.363591+05:30
7488,J1_KOLLUPITIYA,2026-05-05 00:37:53.086475+05:30,118,8.91,SPEED_BELOW_10,2026-05-05 00:38:00.363591+05:30
7487,J4_BORELLA,2026-05-05 00:37:50.233772+05:30,99,8.10,SPEED_BELOW_10,2026-05-05 00:38:00.363591+05:30
7484,J3_TOWN_HALL,2026-05-05 00:37:47.209810+05:30,95,7.48,SPEED_BELOW_10,2026-05-05 00:37:50.270295+05:30
7486,J4_BORELLA,2026-05-05 00:37:41.173987+05:30,144,6.72,SPEED_BELOW_10,2026-05-05 00:37:50.275707+05:30
7485,J4_BORELLA,2026-05-05 00:37:40.471902+05:30,92,3.84,SPEED_BELOW_10,2026-05-05 00:37:50.275707+05:30
7483,J1_KOLLUPITIYA,2026-05-05 00:37:37.136576+05:30,108,4.66,SPEED_BELOW_10,2026-05-05 00:37:40.216821+05:30
7482,J1_KOLLUPITIYA,2026-05-05 00:37:36.999778+05:30,122,7.43,SPEED_BELOW_10,2026-05-05 00:37:40.216821+05:30
7479,J2_BAMBALAPITIYA,2026-05-05 00:37:35.995369+05:30,98,9.78,SPEED_BELOW_10,2026-05-05 00:37:40.213358+05:30
7481,J4_BORELLA,2026-05-05 00:37:33.988014+05:30,147,2.71,SPEED_BELOW_10,2026-05-05 00:37:40.216821+05:30
7480,J1_KOLLUPITIYA,2026-05-05 00:37:33.115938+05:30,125,6.43,SPEED_BELOW_10,2026-05-05 00:37:40.216821+05:30
7478,J2_BAMBALAPITIYA,2026-05-05 00:37:31.417576+05:30,97,8.77,SPEED_BELOW_10,2026-05-05 00:37:40.213358+05:30
7477,J2_BAMBALAPITIYA,2026-05-05 00:37:25.072470+05:30,141,3.49,SPEED_BELOW_10,2026-05-05 00:37:30.459657+05:30
7476,J4_BORELLA,2026-05-05 00:37:24.938522+05:30,144,8.74,SPEED_BELOW_10,2026-05-05 00:37:30.457910+05:30
7475,J1_KOLLUPITIYA,2026-05-05 00:37:24.372307+05:30,139,2.84,SPEED_BELOW_10,2026-05-05 00:37:30.457910+05:30
7474,J4_BORELLA,2026-05-05 00:37:23.064843+05:30,115,6.30,SPEED_BELOW_10,2026-05-05 00:37:30.457910+05:30
7473,J3_TOWN_HALL,2026-05-05 00:37:21.356563+05:30,104,9.01,SPEED_BELOW_10,2026-05-05 00:37:30.456922+05:30
7472,J2_BAMBALAPITIYA,2026-05-05 00:37:19.342627+05:30,100,5.36,SPEED_BELOW_10,2026-05-05 00:37:20.425075+05:30
7470,J3_TOWN_HALL,2026-05-05 00:37:18.906806+05:30,144,7.13,SPEED_BELOW_10,2026-05-05 00:37:20.415958+05:30
7466,J1_KOLLUPITIYA,2026-05-05 00:37:17.895953+05:30,96,2.81,SPEED_BELOW_10,2026-05-05 00:37:20.410603+05:30
7469,J3_TOWN_HALL,2026-05-05 00:37:17.033131+05:30,146,3.20,SPEED_BELOW_10,2026-05-05 00:37:20.415958+05:30
7471,J2_BAMBALAPITIYA,2026-05-05 00:37:15.318194+05:30,134,2.01,SPEED_BELOW_10,2026-05-05 00:37:20.425075+05:30
7465,J4_BORELLA,2026-05-05 00:37:14.878230+05:30,116,4.77,SPEED_BELOW_10,2026-05-05 00:37:20.410603+05:30
7468,J3_TOWN_HALL,2026-05-05 00:37:12.864970+05:30,116,4.18,SPEED_BELOW_10,2026-05-05 00:37:20.415958+05:30
7467,J3_TOWN_HALL,2026-05-05 00:37:12.003926+05:30,131,4.05,SPEED_BELOW_10,2026-05-05 00:37:20.415958+05:30
7464,J4_BORELLA,2026-05-05 00:37:10.998734+05:30,120,3.76,SPEED_BELOW_10,2026-05-05 00:37:20.410603+05:30
7463,J2_BAMBALAPITIYA,2026-05-05 00:37:09.271230+05:30,90,9.22,SPEED_BELOW_10,2026-05-05 00:37:10.342754+05:30
7461,J1_KOLLUPITIYA,2026-05-05 00:37:06.974252+05:30,107,8.15,SPEED_BELOW_10,2026-05-05 00:37:10.336136+05:30
7460,J4_BORELLA,2026-05-05 00:37:06.752803+05:30,122,5.74,SPEED_BELOW_10,2026-05-05 00:37:10.336136+05:30
7462,J2_BAMBALAPITIYA,2026-05-05 00:37:04.964442+05:30,132,9.74,SPEED_BELOW_10,2026-05-05 00:37:10.342754+05:30
7459,J4_BORELLA,2026-05-05 00:37:03.736178+05:30,97,8.64,SPEED_BELOW_10,2026-05-05 00:37:10.336136+05:30
7456,J3_TOWN_HALL,2026-05-05 00:37:03.731484+05:30,131,5.76,SPEED_BELOW_10,2026-05-05 00:37:10.336688+05:30
7458,J1_KOLLUPITIYA,2026-05-05 00:37:03.728260+05:30,133,2.82,SPEED_BELOW_10,2026-05-05 00:37:10.336136+05:30
7457,J4_BORELLA,2026-05-05 00:37:02.724969+05:30,122,9.77,SPEED_BELOW_10,2026-05-05 00:37:10.336136+05:30
7455,J1_KOLLUPITIYA,2026-05-05 00:37:01.942506+05:30,120,2.66,SPEED_BELOW_10,2026-05-05 00:37:10.336136+05:30
7452,J1_KOLLUPITIYA,2026-05-05 00:36:59.653408+05:30,142,2.38,SPEED_BELOW_10,2026-05-05 00:37:00.255986+05:30
7454,J3_TOWN_HALL,2026-05-05 00:36:58.191428+05:30,100,9.77,SPEED_BELOW_10,2026-05-05 00:37:00.268428+05:30
7451,J4_BORELLA,2026-05-05 00:36:56.178463+05:30,133,9.44,SPEED_BELOW_10,2026-05-05 00:37:00.255986+05:30
7453,J3_TOWN_HALL,2026-05-05 00:36:53.157472+05:30,125,8.26,SPEED_BELOW_10,2026-05-05 00:37:00.268428+05:30
7450,J4_BORELLA,2026-05-05 00:36:51.888184+05:30,104,2.77,SPEED_BELOW_10,2026-05-05 00:37:00.255986+05:30
7449,J1_KOLLUPITIYA,2026-05-05 00:36:51.883110+05:30,92,7.99,SPEED_BELOW_10,2026-05-05 00:37:00.255986+05:30
7447,J1_KOLLUPITIYA,2026-05-05 00:36:44.552253+05:30,102,5.07,SPEED_BELOW_10,2026-05-05 00:36:50.195325+05:30
7448,J2_BAMBALAPITIYA,2026-05-05 00:36:43.546689+05:30,121,2.09,SPEED_BELOW_10,2026-05-05 00:36:50.199317+05:30
7442,J3_TOWN_HALL,2026-05-05 00:36:39.519467+05:30,102,6.97,SPEED_BELOW_10,2026-05-05 00:36:40.580109+05:30
7446,J2_BAMBALAPITIYA,2026-05-05 00:36:35.018708+05:30,115,8.98,SPEED_BELOW_10,2026-05-05 00:36:40.580452+05:30
7445,J2_BAMBALAPITIYA,2026-05-05 00:36:33.606467+05:30,92,8.51,SPEED_BELOW_10,2026-05-05 00:36:40.580452+05:30
7441,J1_KOLLUPITIYA,2026-05-05 00:36:33.604618+05:30,130,2.41,SPEED_BELOW_10,2026-05-05 00:36:40.577679+05:30
7444,J2_BAMBALAPITIYA,2026-05-05 00:36:33.485896+05:30,142,4.32,SPEED_BELOW_10,2026-05-05 00:36:40.580452+05:30
7443,J2_BAMBALAPITIYA,2026-05-05 00:36:33.007305+05:30,102,9.53,SPEED_BELOW_10,2026-05-05 00:36:40.580452+05:30
7435,J2_BAMBALAPITIYA,2026-05-05 00:36:29.579329+05:30,112,6.24,SPEED_BELOW_10,2026-05-05 00:36:30.511082+05:30
7434,J2_BAMBALAPITIYA,2026-05-05 00:36:27.440924+05:30,139,7.36,SPEED_BELOW_10,2026-05-05 00:36:30.511082+05:30
7438,J4_BORELLA,2026-05-05 00:36:26.979902+05:30,111,6.99,SPEED_BELOW_10,2026-05-05 00:36:30.511840+05:30
7440,J3_TOWN_HALL,2026-05-05 00:36:26.433800+05:30,141,2.90,SPEED_BELOW_10,2026-05-05 00:36:30.514395+05:30
7433,J2_BAMBALAPITIYA,2026-05-05 00:36:25.426318+05:30,119,6.94,SPEED_BELOW_10,2026-05-05 00:36:30.511082+05:30
7437,J4_BORELLA,2026-05-05 00:36:23.549673+05:30,150,5.94,SPEED_BELOW_10,2026-05-05 00:36:30.511840+05:30
7432,J2_BAMBALAPITIYA,2026-05-05 00:36:23.547083+05:30,141,9.74,SPEED_BELOW_10,2026-05-05 00:36:30.511082+05:30
7439,J3_TOWN_HALL,2026-05-05 00:36:22.542785+05:30,114,7.04,SPEED_BELOW_10,2026-05-05 00:36:30.514395+05:30
7436,J4_BORELLA,2026-05-05 00:36:21.406074+05:30,133,9.17,SPEED_BELOW_10,2026-05-05 00:36:30.511840+05:30
7429,J3_TOWN_HALL,2026-05-05 00:36:19.392114+05:30,128,6.66,SPEED_BELOW_10,2026-05-05 00:36:20.447066+05:30
7431,J4_BORELLA,2026-05-05 00:36:17.505553+05:30,123,6.03,SPEED_BELOW_10,2026-05-05 00:36:20.455101+05:30
7430,J4_BORELLA,2026-05-05 00:36:14.485746+05:30,98,3.56,SPEED_BELOW_10,2026-05-05 00:36:20.455101+05:30
7428,J3_TOWN_HALL,2026-05-05 00:36:11.470797+05:30,113,6.26,SPEED_BELOW_10,2026-05-05 00:36:20.447066+05:30
7427,J2_BAMBALAPITIYA,2026-05-05 00:36:06.857669+05:30,147,5.35,SPEED_BELOW_10,2026-05-05 00:36:10.394782+05:30
7425,J4_BORELLA,2026-05-05 00:36:04.423895+05:30,138,7.57,SPEED_BELOW_10,2026-05-05 00:36:10.393788+05:30
7424,J4_BORELLA,2026-05-05 00:36:02.413581+05:30,105,7.30,SPEED_BELOW_10,2026-05-05 00:36:10.393788+05:30
7426,J2_BAMBALAPITIYA,2026-05-05 00:36:02.289812+05:30,104,8.25,SPEED_BELOW_10,2026-05-05 00:36:10.394782+05:30
7423,J3_TOWN_HALL,2026-05-05 00:36:01.406822+05:30,147,8.05,SPEED_BELOW_10,2026-05-05 00:36:10.393513+05:30
7422,J4_BORELLA,2026-05-05 00:35:57.373806+05:30,92,2.21,SPEED_BELOW_10,2026-05-05 00:36:00.319758+05:30
7421,J4_BORELLA,2026-05-05 00:35:52.335829+05:30,114,4.87,SPEED_BELOW_10,2026-05-05 00:36:00.319758+05:30
7420,J4_BORELLA,2026-05-05 00:35:50.323824+05:30,134,7.82,SPEED_BELOW_10,2026-05-05 00:36:00.319758+05:30
7419,J4_BORELLA,2026-05-05 00:35:48.300102+05:30,104,6.03,SPEED_BELOW_10,2026-05-05 00:35:50.284093+05:30
7415,J2_BAMBALAPITIYA,2026-05-05 00:35:45.186884+05:30,128,6.64,SPEED_BELOW_10,2026-05-05 00:35:50.281846+05:30
7416,J3_TOWN_HALL,2026-05-05 00:35:44.691606+05:30,123,7.70,SPEED_BELOW_10,2026-05-05 00:35:50.284200+05:30
7418,J4_BORELLA,2026-05-05 00:35:44.274503+05:30,146,5.61,SPEED_BELOW_10,2026-05-05 00:35:50.284093+05:30
7417,J4_BORELLA,2026-05-05 00:35:41.167063+05:30,119,2.04,SPEED_BELOW_10,2026-05-05 00:35:50.284093+05:30
7413,J4_BORELLA,2026-05-05 00:35:39.667747+05:30,93,3.08,SPEED_BELOW_10,2026-05-05 00:35:40.210709+05:30
7412,J1_KOLLUPITIYA,2026-05-05 00:35:39.147129+05:30,140,5.50,SPEED_BELOW_10,2026-05-05 00:35:40.210709+05:30
7411,J4_BORELLA,2026-05-05 00:35:38.135322+05:30,95,9.60,SPEED_BELOW_10,2026-05-05 00:35:40.210709+05:30
7414,J3_TOWN_HALL,2026-05-05 00:35:38.132032+05:30,92,4.19,SPEED_BELOW_10,2026-05-05 00:35:40.214616+05:30
7410,J1_KOLLUPITIYA,2026-05-05 00:35:38.113230+05:30,118,4.27,SPEED_BELOW_10,2026-05-05 00:35:40.210709+05:30
7409,J1_KOLLUPITIYA,2026-05-05 00:35:36.646554+05:30,94,5.27,SPEED_BELOW_10,2026-05-05 00:35:40.210709+05:30
7408,J4_BORELLA,2026-05-05 00:35:36.074174+05:30,101,4.61,SPEED_BELOW_10,2026-05-05 00:35:40.210709+05:30
7405,J1_KOLLUPITIYA,2026-05-05 00:35:29.031844+05:30,110,8.60,SPEED_BELOW_10,2026-05-05 00:35:30.203127+05:30
7404,J1_KOLLUPITIYA,2026-05-05 00:35:27.591074+05:30,134,4.07,SPEED_BELOW_10,2026-05-05 00:35:30.203127+05:30
7407,J2_BAMBALAPITIYA,2026-05-05 00:35:24.121188+05:30,105,6.63,SPEED_BELOW_10,2026-05-05 00:35:30.218239+05:30
7403,J1_KOLLUPITIYA,2026-05-05 00:35:24.118079+05:30,94,2.48,SPEED_BELOW_10,2026-05-05 00:35:30.203127+05:30
7406,J2_BAMBALAPITIYA,2026-05-05 00:35:24.007888+05:30,104,6.81,SPEED_BELOW_10,2026-05-05 00:35:30.218239+05:30
7402,J1_KOLLUPITIYA,2026-05-05 00:35:22.105239+05:30,122,6.24,SPEED_BELOW_10,2026-05-05 00:35:30.203127+05:30
7401,J1_KOLLUPITIYA,2026-05-05 00:35:20.545061+05:30,147,2.73,SPEED_BELOW_10,2026-05-05 00:35:30.203127+05:30
7400,J4_BORELLA,2026-05-05 00:35:18.908598+05:30,112,8.01,SPEED_BELOW_10,2026-05-05 00:35:20.607917+05:30
7399,J2_BAMBALAPITIYA,2026-05-05 00:35:15.511374+05:30,95,2.53,SPEED_BELOW_10,2026-05-05 00:35:20.608424+05:30
7398,J4_BORELLA,2026-05-05 00:35:13.884671+05:30,92,6.09,SPEED_BELOW_10,2026-05-05 00:35:20.607917+05:30
7397,J2_BAMBALAPITIYA,2026-05-05 00:35:12.045766+05:30,101,8.51,SPEED_BELOW_10,2026-05-05 00:35:20.608424+05:30
7396,J4_BORELLA,2026-05-05 00:35:04.951439+05:30,106,7.66,SPEED_BELOW_10,2026-05-05 00:35:10.535893+05:30
7395,J1_KOLLUPITIYA,2026-05-05 00:35:04.744143+05:30,119,3.29,SPEED_BELOW_10,2026-05-05 00:35:10.535893+05:30
7394,J4_BORELLA,2026-05-05 00:35:04.356342+05:30,115,9.50,SPEED_BELOW_10,2026-05-05 00:35:10.535893+05:30
7392,J2_BAMBALAPITIYA,2026-05-05 00:35:02.937964+05:30,92,3.77,SPEED_BELOW_10,2026-05-05 00:35:10.531547+05:30
7393,J3_TOWN_HALL,2026-05-05 00:35:01.932436+05:30,144,7.57,SPEED_BELOW_10,2026-05-05 00:35:10.534174+05:30
7386,J1_KOLLUPITIYA,2026-05-05 00:34:58.910392+05:30,103,2.84,SPEED_BELOW_10,2026-05-05 00:35:00.382231+05:30
7385,J1_KOLLUPITIYA,2026-05-05 00:34:58.642035+05:30,138,9.86,SPEED_BELOW_10,2026-05-05 00:35:00.382231+05:30
7388,J2_BAMBALAPITIYA,2026-05-05 00:34:57.247110+05:30,124,7.95,SPEED_BELOW_10,2026-05-05 00:35:00.384075+05:30
7391,J3_TOWN_HALL,2026-05-05 00:34:55.232066+05:30,132,7.25,SPEED_BELOW_10,2026-05-05 00:35:00.388259+05:30
7387,J2_BAMBALAPITIYA,2026-05-05 00:34:54.226676+05:30,97,4.33,SPEED_BELOW_10,2026-05-05 00:35:00.384075+05:30
7384,J4_BORELLA,2026-05-05 00:34:51.869888+05:30,135,3.77,SPEED_BELOW_10,2026-05-05 00:35:00.382231+05:30
7390,J3_TOWN_HALL,2026-05-05 00:34:50.864255+05:30,132,3.44,SPEED_BELOW_10,2026-05-05 00:35:00.388259+05:30
7389,J3_TOWN_HALL,2026-05-05 00:34:50.592527+05:30,126,8.75,SPEED_BELOW_10,2026-05-05 00:35:00.388259+05:30
7382,J4_BORELLA,2026-05-05 00:34:49.858637+05:30,106,4.87,SPEED_BELOW_10,2026-05-05 00:34:50.252749+05:30
7381,J1_KOLLUPITIYA,2026-05-05 00:34:47.565942+05:30,130,4.13,SPEED_BELOW_10,2026-05-05 00:34:50.252749+05:30
7383,J2_BAMBALAPITIYA,2026-05-05 00:34:44.157640+05:30,103,8.41,SPEED_BELOW_10,2026-05-05 00:34:50.258682+05:30
7379,J2_BAMBALAPITIYA,2026-05-05 00:34:39.793697+05:30,141,5.57,SPEED_BELOW_10,2026-05-05 00:34:40.528114+05:30
7378,J4_BORELLA,2026-05-05 00:34:37.783920+05:30,116,6.79,SPEED_BELOW_10,2026-05-05 00:34:40.528133+05:30
7380,J3_TOWN_HALL,2026-05-05 00:34:33.084406+05:30,131,7.97,SPEED_BELOW_10,2026-05-05 00:34:40.567172+05:30
7376,J1_KOLLUPITIYA,2026-05-05 00:34:31.744341+05:30,111,8.78,SPEED_BELOW_10,2026-05-05 00:34:40.528133+05:30
7377,J2_BAMBALAPITIYA,2026-05-05 00:34:31.455402+05:30,103,2.52,SPEED_BELOW_10,2026-05-05 00:34:40.528114+05:30
7374,J1_KOLLUPITIYA,2026-05-05 00:34:30.447496+05:30,95,9.21,SPEED_BELOW_10,2026-05-05 00:34:40.528133+05:30
7375,J2_BAMBALAPITIYA,2026-05-05 00:34:30.067515+05:30,139,8.79,SPEED_BELOW_10,2026-05-05 00:34:40.528114+05:30
7367,J4_BORELLA,2026-05-05 00:34:29.731748+05:30,99,2.11,SPEED_BELOW_10,2026-05-05 00:34:30.498930+05:30
7369,J2_BAMBALAPITIYA,2026-05-05 00:34:29.727519+05:30,108,8.65,SPEED_BELOW_10,2026-05-05 00:34:30.500001+05:30
7373,J3_TOWN_HALL,2026-05-05 00:34:27.432236+05:30,114,6.53,SPEED_BELOW_10,2026-05-05 00:34:30.500409+05:30
7372,J3_TOWN_HALL,2026-05-05 00:34:27.023865+05:30,101,4.85,SPEED_BELOW_10,2026-05-05 00:34:30.500409+05:30
7371,J3_TOWN_HALL,2026-05-05 00:34:26.018289+05:30,134,9.69,SPEED_BELOW_10,2026-05-05 00:34:30.500409+05:30
7368,J2_BAMBALAPITIYA,2026-05-05 00:34:24.004203+05:30,99,2.32,SPEED_BELOW_10,2026-05-05 00:34:30.500001+05:30
7370,J3_TOWN_HALL,2026-05-05 00:34:21.400307+05:30,104,3.30,SPEED_BELOW_10,2026-05-05 00:34:30.500409+05:30
7366,J4_BORELLA,2026-05-05 00:34:20.667030+05:30,111,7.70,SPEED_BELOW_10,2026-05-05 00:34:30.498930+05:30
7360,J4_BORELLA,2026-05-05 00:34:19.660208+05:30,136,6.36,SPEED_BELOW_10,2026-05-05 00:34:20.465346+05:30
7363,J2_BAMBALAPITIYA,2026-05-05 00:34:17.974689+05:30,145,5.51,SPEED_BELOW_10,2026-05-05 00:34:20.466234+05:30
7359,J1_KOLLUPITIYA,2026-05-05 00:34:15.634938+05:30,144,9.34,SPEED_BELOW_10,2026-05-05 00:34:20.465346+05:30
7362,J2_BAMBALAPITIYA,2026-05-05 00:34:14.957361+05:30,90,8.19,SPEED_BELOW_10,2026-05-05 00:34:20.466234+05:30
7365,J3_TOWN_HALL,2026-05-05 00:34:13.953583+05:30,107,4.75,SPEED_BELOW_10,2026-05-05 00:34:20.468844+05:30
7361,J2_BAMBALAPITIYA,2026-05-05 00:34:13.951629+05:30,143,6.53,SPEED_BELOW_10,2026-05-05 00:34:20.466234+05:30
7364,J3_TOWN_HALL,2026-05-05 00:34:11.943557+05:30,135,8.21,SPEED_BELOW_10,2026-05-05 00:34:20.468844+05:30
7358,J4_BORELLA,2026-05-05 00:34:11.342112+05:30,113,4.04,SPEED_BELOW_10,2026-05-05 00:34:20.465346+05:30
7352,J4_BORELLA,2026-05-05 00:34:09.931807+05:30,92,9.88,SPEED_BELOW_10,2026-05-05 00:34:10.374172+05:30
7351,J4_BORELLA,2026-05-05 00:34:07.918482+05:30,110,3.11,SPEED_BELOW_10,2026-05-05 00:34:10.374172+05:30
7355,J2_BAMBALAPITIYA,2026-05-05 00:34:07.531187+05:30,112,2.51,SPEED_BELOW_10,2026-05-05 00:34:10.375394+05:30
7354,J2_BAMBALAPITIYA,2026-05-05 00:34:06.907423+05:30,145,4.74,SPEED_BELOW_10,2026-05-05 00:34:10.375394+05:30
7357,J3_TOWN_HALL,2026-05-05 00:34:04.895861+05:30,123,7.70,SPEED_BELOW_10,2026-05-05 00:34:10.378726+05:30
7353,J2_BAMBALAPITIYA,2026-05-05 00:34:04.275908+05:30,141,9.76,SPEED_BELOW_10,2026-05-05 00:34:10.375394+05:30
7350,J4_BORELLA,2026-05-05 00:34:01.883947+05:30,116,6.84,SPEED_BELOW_10,2026-05-05 00:34:10.374172+05:30
7356,J3_TOWN_HALL,2026-05-05 00:34:00.490221+05:30,111,6.82,SPEED_BELOW_10,2026-05-05 00:34:10.378726+05:30
7348,J4_BORELLA,2026-05-05 00:33:59.483973+05:30,116,7.37,SPEED_BELOW_10,2026-05-05 00:34:00.302303+05:30
7347,J1_KOLLUPITIYA,2026-05-05 00:33:59.478227+05:30,121,8.57,SPEED_BELOW_10,2026-05-05 00:34:00.302303+05:30
7349,J3_TOWN_HALL,2026-05-05 00:33:57.229120+05:30,147,2.46,SPEED_BELOW_10,2026-05-05 00:34:00.302897+05:30
7342,J2_BAMBALAPITIYA,2026-05-05 00:33:57.226480+05:30,117,2.66,SPEED_BELOW_10,2026-05-05 00:34:00.251648+05:30
7341,J2_BAMBALAPITIYA,2026-05-05 00:33:56.858918+05:30,112,9.22,SPEED_BELOW_10,2026-05-05 00:34:00.251648+05:30
7346,J4_BORELLA,2026-05-05 00:33:56.461932+05:30,98,3.54,SPEED_BELOW_10,2026-05-05 00:34:00.302303+05:30
7345,J1_KOLLUPITIYA,2026-05-05 00:33:55.417275+05:30,92,8.99,SPEED_BELOW_10,2026-05-05 00:34:00.302303+05:30
7344,J3_TOWN_HALL,2026-05-05 00:33:54.409919+05:30,97,8.15,SPEED_BELOW_10,2026-05-05 00:34:00.302897+05:30
7343,J4_BORELLA,2026-05-05 00:33:53.404170+05:30,104,6.35,SPEED_BELOW_10,2026-05-05 00:34:00.302303+05:30
7340,J2_BAMBALAPITIYA,2026-05-05 00:33:50.829542+05:30,120,6.62,SPEED_BELOW_10,2026-05-05 00:34:00.251648+05:30
7339,J2_BAMBALAPITIYA,2026-05-05 00:33:50.190744+05:30,138,4.13,SPEED_BELOW_10,2026-05-05 00:34:00.251648+05:30
7331,J3_TOWN_HALL,2026-05-05 00:33:49.303975+05:30,104,5.80,SPEED_BELOW_10,2026-05-05 00:33:50.496186+05:30
7338,J1_KOLLUPITIYA,2026-05-05 00:33:49.279072+05:30,106,6.96,SPEED_BELOW_10,2026-05-05 00:33:50.506453+05:30
7337,J1_KOLLUPITIYA,2026-05-05 00:33:49.172174+05:30,145,6.77,SPEED_BELOW_10,2026-05-05 00:33:50.506453+05:30
7336,J1_KOLLUPITIYA,2026-05-05 00:33:46.790299+05:30,148,7.78,SPEED_BELOW_10,2026-05-05 00:33:50.506453+05:30
7335,J4_BORELLA,2026-05-05 00:33:46.262118+05:30,117,5.39,SPEED_BELOW_10,2026-05-05 00:33:50.506453+05:30
7330,J2_BAMBALAPITIYA,2026-05-05 00:33:44.247208+05:30,137,5.09,SPEED_BELOW_10,2026-05-05 00:33:50.483819+05:30
7334,J1_KOLLUPITIYA,2026-05-05 00:33:44.244495+05:30,141,5.71,SPEED_BELOW_10,2026-05-05 00:33:50.506453+05:30
7333,J1_KOLLUPITIYA,2026-05-05 00:33:43.771030+05:30,142,8.92,SPEED_BELOW_10,2026-05-05 00:33:50.506453+05:30
7332,J4_BORELLA,2026-05-05 00:33:41.129830+05:30,136,5.97,SPEED_BELOW_10,2026-05-05 00:33:50.506453+05:30
7329,J2_BAMBALAPITIYA,2026-05-05 00:33:39.746862+05:30,99,5.29,SPEED_BELOW_10,2026-05-05 00:33:40.267370+05:30
7328,J2_BAMBALAPITIYA,2026-05-05 00:33:37.204843+05:30,134,8.29,SPEED_BELOW_10,2026-05-05 00:33:40.267370+05:30
7326,J1_KOLLUPITIYA,2026-05-05 00:33:35.087833+05:30,115,9.81,SPEED_BELOW_10,2026-05-05 00:33:40.264936+05:30
7327,J2_BAMBALAPITIYA,2026-05-05 00:33:33.184101+05:30,123,8.06,SPEED_BELOW_10,2026-05-05 00:33:40.267370+05:30
7325,J1_KOLLUPITIYA,2026-05-05 00:33:31.061276+05:30,106,5.25,SPEED_BELOW_10,2026-05-05 00:33:40.264936+05:30
7324,J3_TOWN_HALL,2026-05-05 00:33:29.048443+05:30,144,7.73,SPEED_BELOW_10,2026-05-05 00:33:30.215688+05:30
7323,J3_TOWN_HALL,2026-05-05 00:33:27.032022+05:30,98,5.63,SPEED_BELOW_10,2026-05-05 00:33:30.215688+05:30
7320,J4_BORELLA,2026-05-05 00:33:26.026338+05:30,102,5.91,SPEED_BELOW_10,2026-05-05 00:33:30.211506+05:30
7319,J4_BORELLA,2026-05-05 00:33:25.139155+05:30,100,6.20,SPEED_BELOW_10,2026-05-05 00:33:30.211506+05:30
7318,J4_BORELLA,2026-05-05 00:33:24.133547+05:30,110,8.44,SPEED_BELOW_10,2026-05-05 00:33:30.211506+05:30
7321,J2_BAMBALAPITIYA,2026-05-05 00:33:24.130742+05:30,116,6.09,SPEED_BELOW_10,2026-05-05 00:33:30.215592+05:30
7317,J1_KOLLUPITIYA,2026-05-05 00:33:23.646803+05:30,116,5.83,SPEED_BELOW_10,2026-05-05 00:33:30.211506+05:30
7322,J3_TOWN_HALL,2026-05-05 00:33:22.121733+05:30,138,9.66,SPEED_BELOW_10,2026-05-05 00:33:30.215688+05:30
7313,J4_BORELLA,2026-05-05 00:33:19.987705+05:30,91,6.54,SPEED_BELOW_10,2026-05-05 00:33:20.692671+05:30
7312,J4_BORELLA,2026-05-05 00:33:19.625817+05:30,124,2.52,SPEED_BELOW_10,2026-05-05 00:33:20.692671+05:30
7311,J1_KOLLUPITIYA,2026-05-05 00:33:18.977743+05:30,147,3.31,SPEED_BELOW_10,2026-05-05 00:33:20.692671+05:30
7314,J3_TOWN_HALL,2026-05-05 00:33:17.612643+05:30,121,9.53,SPEED_BELOW_10,2026-05-05 00:33:20.695751+05:30
7316,J2_BAMBALAPITIYA,2026-05-05 00:33:16.966472+05:30,112,2.75,SPEED_BELOW_10,2026-05-05 00:33:20.697813+05:30
7310,J1_KOLLUPITIYA,2026-05-05 00:33:16.602653+05:30,122,2.12,SPEED_BELOW_10,2026-05-05 00:33:20.692671+05:30
7315,J2_BAMBALAPITIYA,2026-05-05 00:33:13.584885+05:30,149,4.13,SPEED_BELOW_10,2026-05-05 00:33:20.697813+05:30
7309,J1_KOLLUPITIYA,2026-05-05 00:33:12.945651+05:30,124,7.97,SPEED_BELOW_10,2026-05-05 00:33:20.692671+05:30
7307,J1_KOLLUPITIYA,2026-05-05 00:33:09.038965+05:30,110,4.36,SPEED_BELOW_10,2026-05-05 00:33:10.612547+05:30
7308,J3_TOWN_HALL,2026-05-05 00:33:08.033752+05:30,92,7.92,SPEED_BELOW_10,2026-05-05 00:33:10.615140+05:30
7306,J4_BORELLA,2026-05-05 00:33:04.902858+05:30,138,4.74,SPEED_BELOW_10,2026-05-05 00:33:10.612547+05:30
7305,J4_BORELLA,2026-05-05 00:33:03.004260+05:30,96,9.89,SPEED_BELOW_10,2026-05-05 00:33:10.612547+05:30
7304,J1_KOLLUPITIYA,2026-05-05 00:33:01.992469+05:30,140,3.15,SPEED_BELOW_10,2026-05-05 00:33:10.612547+05:30
7300,J3_TOWN_HALL,2026-05-05 00:32:58.870229+05:30,100,3.49,SPEED_BELOW_10,2026-05-05 00:33:00.555770+05:30
7303,J4_BORELLA,2026-05-05 00:32:56.960744+05:30,148,7.29,SPEED_BELOW_10,2026-05-05 00:33:00.557234+05:30
7302,J1_KOLLUPITIYA,2026-05-05 00:32:56.956248+05:30,101,6.45,SPEED_BELOW_10,2026-05-05 00:33:00.557234+05:30
7299,J3_TOWN_HALL,2026-05-05 00:32:53.837061+05:30,135,6.08,SPEED_BELOW_10,2026-05-05 00:33:00.555770+05:30
7301,J4_BORELLA,2026-05-05 00:32:52.472174+05:30,91,5.73,SPEED_BELOW_10,2026-05-05 00:33:00.557234+05:30
7296,J1_KOLLUPITIYA,2026-05-05 00:32:48.908454+05:30,90,3.92,SPEED_BELOW_10,2026-05-05 00:32:50.506016+05:30
7297,J2_BAMBALAPITIYA,2026-05-05 00:32:46.417374+05:30,121,4.75,SPEED_BELOW_10,2026-05-05 00:32:50.509529+05:30
7295,J4_BORELLA,2026-05-05 00:32:45.870192+05:30,132,6.40,SPEED_BELOW_10,2026-05-05 00:32:50.506016+05:30
7298,J3_TOWN_HALL,2026-05-05 00:32:42.397109+05:30,94,9.53,SPEED_BELOW_10,2026-05-05 00:32:50.510960+05:30
7290,J1_KOLLUPITIYA,2026-05-05 00:32:37.337083+05:30,97,3.23,SPEED_BELOW_10,2026-05-05 00:32:40.433246+05:30
7292,J2_BAMBALAPITIYA,2026-05-05 00:32:36.488198+05:30,92,3.87,SPEED_BELOW_10,2026-05-05 00:32:40.434874+05:30
7294,J3_TOWN_HALL,2026-05-05 00:32:36.328631+05:30,145,3.99,SPEED_BELOW_10,2026-05-05 00:32:40.437267+05:30
7291,J2_BAMBALAPITIYA,2026-05-05 00:32:35.480455+05:30,150,3.86,SPEED_BELOW_10,2026-05-05 00:32:40.434874+05:30
7293,J3_TOWN_HALL,2026-05-05 00:32:33.310934+05:30,99,9.16,SPEED_BELOW_10,2026-05-05 00:32:40.437267+05:30
7289,J4_BORELLA,2026-05-05 00:32:32.463527+05:30,112,8.00,SPEED_BELOW_10,2026-05-05 00:32:40.433246+05:30
7288,J4_BORELLA,2026-05-05 00:32:32.303216+05:30,106,2.91,SPEED_BELOW_10,2026-05-05 00:32:40.433246+05:30
7287,J3_TOWN_HALL,2026-05-05 00:32:29.441206+05:30,90,4.90,SPEED_BELOW_10,2026-05-05 00:32:30.332897+05:30
7284,J1_KOLLUPITIYA,2026-05-05 00:32:29.435033+05:30,126,3.30,SPEED_BELOW_10,2026-05-05 00:32:30.329854+05:30
7283,J1_KOLLUPITIYA,2026-05-05 00:32:28.274355+05:30,127,8.94,SPEED_BELOW_10,2026-05-05 00:32:30.329854+05:30
7286,J3_TOWN_HALL,2026-05-05 00:32:26.263083+05:30,128,8.40,SPEED_BELOW_10,2026-05-05 00:32:30.332897+05:30
7282,J4_BORELLA,2026-05-05 00:32:24.252847+05:30,140,8.56,SPEED_BELOW_10,2026-05-05 00:32:30.329854+05:30
7285,J3_TOWN_HALL,2026-05-05 00:32:20.392659+05:30,132,9.57,SPEED_BELOW_10,2026-05-05 00:32:30.332897+05:30
7281,J1_KOLLUPITIYA,2026-05-05 00:32:20.388990+05:30,127,5.17,SPEED_BELOW_10,2026-05-05 00:32:30.329854+05:30
7279,J1_KOLLUPITIYA,2026-05-05 00:32:19.221490+05:30,113,3.40,SPEED_BELOW_10,2026-05-05 00:32:20.290706+05:30
7278,J4_BORELLA,2026-05-05 00:32:18.721566+05:30,133,8.17,SPEED_BELOW_10,2026-05-05 00:32:20.290706+05:30
7277,J3_TOWN_HALL,2026-05-05 00:32:17.373239+05:30,91,2.94,SPEED_BELOW_10,2026-05-05 00:32:20.282302+05:30
7276,J3_TOWN_HALL,2026-05-05 00:32:15.193886+05:30,130,4.72,SPEED_BELOW_10,2026-05-05 00:32:20.282302+05:30
7280,J2_BAMBALAPITIYA,2026-05-05 00:32:14.348418+05:30,140,3.84,SPEED_BELOW_10,2026-05-05 00:32:20.299855+05:30
7275,J3_TOWN_HALL,2026-05-05 00:32:12.334093+05:30,109,4.03,SPEED_BELOW_10,2026-05-05 00:32:20.282302+05:30
7272,J1_KOLLUPITIYA,2026-05-05 00:32:09.153763+05:30,116,7.17,SPEED_BELOW_10,2026-05-05 00:32:10.212892+05:30
7271,J4_BORELLA,2026-05-05 00:32:07.666996+05:30,100,3.72,SPEED_BELOW_10,2026-05-05 00:32:10.212892+05:30
7273,J2_BAMBALAPITIYA,2026-05-05 00:32:06.658309+05:30,122,3.68,SPEED_BELOW_10,2026-05-05 00:32:10.214375+05:30
7270,J4_BORELLA,2026-05-05 00:32:05.654969+05:30,123,3.71,SPEED_BELOW_10,2026-05-05 00:32:10.212892+05:30
7269,J4_BORELLA,2026-05-05 00:32:03.280760+05:30,136,8.41,SPEED_BELOW_10,2026-05-05 00:32:10.212892+05:30
7274,J3_TOWN_HALL,2026-05-05 00:32:01.254747+05:30,90,5.66,SPEED_BELOW_10,2026-05-05 00:32:10.214723+05:30
7267,J1_KOLLUPITIYA,2026-05-05 00:31:59.613842+05:30,103,8.22,SPEED_BELOW_10,2026-05-05 00:32:00.300654+05:30
7266,J4_BORELLA,2026-05-05 00:31:58.610632+05:30,142,4.11,SPEED_BELOW_10,2026-05-05 00:32:00.300654+05:30
7265,J1_KOLLUPITIYA,2026-05-05 00:31:57.226179+05:30,96,6.48,SPEED_BELOW_10,2026-05-05 00:32:00.300654+05:30
7268,J3_TOWN_HALL,2026-05-05 00:31:53.067694+05:30,104,9.72,SPEED_BELOW_10,2026-05-05 00:32:00.303030+05:30
7264,J4_BORELLA,2026-05-05 00:31:50.562253+05:30,109,5.03,SPEED_BELOW_10,2026-05-05 00:32:00.300654+05:30
7263,J1_KOLLUPITIYA,2026-05-05 00:31:48.547398+05:30,94,5.41,SPEED_BELOW_10,2026-05-05 00:31:50.241194+05:30
7262,J1_KOLLUPITIYA,2026-05-05 00:31:47.020704+05:30,129,7.80,SPEED_BELOW_10,2026-05-05 00:31:50.241194+05:30
7257,J3_TOWN_HALL,2026-05-05 00:31:46.014562+05:30,99,6.37,SPEED_BELOW_10,2026-05-05 00:31:50.239177+05:30
7261,J1_KOLLUPITIYA,2026-05-05 00:31:43.518917+05:30,140,5.48,SPEED_BELOW_10,2026-05-05 00:31:50.241194+05:30
7260,J4_BORELLA,2026-05-05 00:31:42.998334+05:30,135,2.57,SPEED_BELOW_10,2026-05-05 00:31:50.241194+05:30
7256,J3_TOWN_HALL,2026-05-05 00:31:42.996678+05:30,103,8.21,SPEED_BELOW_10,2026-05-05 00:31:50.239177+05:30
7255,J3_TOWN_HALL,2026-05-05 00:31:41.505341+05:30,118,2.93,SPEED_BELOW_10,2026-05-05 00:31:50.239177+05:30
7259,J1_KOLLUPITIYA,2026-05-05 00:31:41.501486+05:30,98,3.59,SPEED_BELOW_10,2026-05-05 00:31:50.241194+05:30
7254,J2_BAMBALAPITIYA,2026-05-05 00:31:40.980704+05:30,122,9.77,SPEED_BELOW_10,2026-05-05 00:31:50.239144+05:30
7258,J1_KOLLUPITIYA,2026-05-05 00:31:40.977438+05:30,95,2.68,SPEED_BELOW_10,2026-05-05 00:31:50.241194+05:30
7251,J4_BORELLA,2026-05-05 00:31:39.073940+05:30,122,9.18,SPEED_BELOW_10,2026-05-05 00:31:40.563745+05:30
7253,J3_TOWN_HALL,2026-05-05 00:31:38.020686+05:30,130,3.88,SPEED_BELOW_10,2026-05-05 00:31:40.568291+05:30
7250,J4_BORELLA,2026-05-05 00:31:36.456262+05:30,125,4.10,SPEED_BELOW_10,2026-05-05 00:31:40.563745+05:30
7249,J4_BORELLA,2026-05-05 00:31:34.444600+05:30,131,7.10,SPEED_BELOW_10,2026-05-05 00:31:40.563745+05:30
7252,J3_TOWN_HALL,2026-05-05 00:31:33.439923+05:30,146,9.24,SPEED_BELOW_10,2026-05-05 00:31:40.568291+05:30
7248,J1_KOLLUPITIYA,2026-05-05 00:31:31.983365+05:30,90,5.92,SPEED_BELOW_10,2026-05-05 00:31:40.563745+05:30
7242,J2_BAMBALAPITIYA,2026-05-05 00:31:28.954392+05:30,146,9.60,SPEED_BELOW_10,2026-05-05 00:31:30.464442+05:30
7245,J1_KOLLUPITIYA,2026-05-05 00:31:28.901231+05:30,110,5.27,SPEED_BELOW_10,2026-05-05 00:31:30.464613+05:30
7247,J3_TOWN_HALL,2026-05-05 00:31:27.945023+05:30,125,3.24,SPEED_BELOW_10,2026-05-05 00:31:30.471465+05:30
7246,J3_TOWN_HALL,2026-05-05 00:31:26.376769+05:30,142,9.51,SPEED_BELOW_10,2026-05-05 00:31:30.471465+05:30
7244,J1_KOLLUPITIYA,2026-05-05 00:31:26.373378+05:30,111,8.07,SPEED_BELOW_10,2026-05-05 00:31:30.464613+05:30
7241,J2_BAMBALAPITIYA,2026-05-05 00:31:25.884303+05:30,147,2.17,SPEED_BELOW_10,2026-05-05 00:31:30.464442+05:30
7243,J4_BORELLA,2026-05-05 00:31:23.875037+05:30,93,5.31,SPEED_BELOW_10,2026-05-05 00:31:30.464613+05:30
7238,J2_BAMBALAPITIYA,2026-05-05 00:31:22.917997+05:30,100,2.57,SPEED_BELOW_10,2026-05-05 00:31:30.464442+05:30
7240,J4_BORELLA,2026-05-05 00:31:22.868917+05:30,126,7.74,SPEED_BELOW_10,2026-05-05 00:31:30.464613+05:30
7239,J1_KOLLUPITIYA,2026-05-05 00:31:21.910100+05:30,102,6.20,SPEED_BELOW_10,2026-05-05 00:31:30.464613+05:30
7237,J1_KOLLUPITIYA,2026-05-05 00:31:21.859549+05:30,138,6.53,SPEED_BELOW_10,2026-05-05 00:31:30.464613+05:30
7236,J3_TOWN_HALL,2026-05-05 00:31:18.892886+05:30,138,2.53,SPEED_BELOW_10,2026-05-05 00:31:20.363182+05:30
7231,J2_BAMBALAPITIYA,2026-05-05 00:31:18.841504+05:30,145,3.42,SPEED_BELOW_10,2026-05-05 00:31:20.319118+05:30
7234,J1_KOLLUPITIYA,2026-05-05 00:31:18.292677+05:30,149,7.68,SPEED_BELOW_10,2026-05-05 00:31:20.358199+05:30
7230,J2_BAMBALAPITIYA,2026-05-05 00:31:15.879093+05:30,99,4.66,SPEED_BELOW_10,2026-05-05 00:31:20.319118+05:30
7233,J4_BORELLA,2026-05-05 00:31:13.267427+05:30,96,5.29,SPEED_BELOW_10,2026-05-05 00:31:20.358199+05:30
7232,J1_KOLLUPITIYA,2026-05-05 00:31:11.253527+05:30,127,7.93,SPEED_BELOW_10,2026-05-05 00:31:20.358199+05:30
7235,J3_TOWN_HALL,2026-05-05 00:31:10.788530+05:30,95,6.01,SPEED_BELOW_10,2026-05-05 00:31:20.363182+05:30
7229,J2_BAMBALAPITIYA,2026-05-05 00:31:10.247005+05:30,143,2.61,SPEED_BELOW_10,2026-05-05 00:31:20.319118+05:30
7228,J1_KOLLUPITIYA,2026-05-05 00:31:09.846989+05:30,125,9.53,SPEED_BELOW_10,2026-05-05 00:31:10.304910+05:30
7227,J1_KOLLUPITIYA,2026-05-05 00:31:09.207586+05:30,103,8.29,SPEED_BELOW_10,2026-05-05 00:31:10.304910+05:30
7226,J4_BORELLA,2026-05-05 00:31:07.773460+05:30,135,9.34,SPEED_BELOW_10,2026-05-05 00:31:10.304910+05:30
7225,J2_BAMBALAPITIYA,2026-05-05 00:31:06.766376+05:30,137,2.46,SPEED_BELOW_10,2026-05-05 00:31:10.304391+05:30
7224,J2_BAMBALAPITIYA,2026-05-05 00:31:04.820911+05:30,98,8.81,SPEED_BELOW_10,2026-05-05 00:31:10.304391+05:30
7222,J2_BAMBALAPITIYA,2026-05-05 00:31:01.802851+05:30,118,2.37,SPEED_BELOW_10,2026-05-05 00:31:10.304391+05:30
7223,J4_BORELLA,2026-05-05 00:31:00.150374+05:30,101,6.23,SPEED_BELOW_10,2026-05-05 00:31:10.304910+05:30
7221,J2_BAMBALAPITIYA,2026-05-05 00:30:59.724033+05:30,121,3.67,SPEED_BELOW_10,2026-05-05 00:31:00.695296+05:30
7217,J4_BORELLA,2026-05-05 00:30:58.717948+05:30,129,8.87,SPEED_BELOW_10,2026-05-05 00:31:00.205575+05:30
7220,J2_BAMBALAPITIYA,2026-05-05 00:30:58.713511+05:30,117,2.42,SPEED_BELOW_10,2026-05-05 00:31:00.695296+05:30
7216,J1_KOLLUPITIYA,2026-05-05 00:30:57.770677+05:30,113,2.96,SPEED_BELOW_10,2026-05-05 00:31:00.205575+05:30
7219,J2_BAMBALAPITIYA,2026-05-05 00:30:57.125001+05:30,120,8.27,SPEED_BELOW_10,2026-05-05 00:31:00.695296+05:30
7215,J4_BORELLA,2026-05-05 00:30:55.697386+05:30,147,9.81,SPEED_BELOW_10,2026-05-05 00:31:00.205575+05:30
7214,J1_KOLLUPITIYA,2026-05-05 00:30:52.673892+05:30,149,5.23,SPEED_BELOW_10,2026-05-05 00:31:00.205575+05:30
7213,J3_TOWN_HALL,2026-05-05 00:30:52.099183+05:30,125,8.74,SPEED_BELOW_10,2026-05-05 00:31:00.205393+05:30
7218,J2_BAMBALAPITIYA,2026-05-05 00:30:50.079545+05:30,124,9.51,SPEED_BELOW_10,2026-05-05 00:31:00.695296+05:30
7212,J1_KOLLUPITIYA,2026-05-05 00:30:49.728051+05:30,105,4.95,SPEED_BELOW_10,2026-05-05 00:30:50.710838+05:30
7208,J2_BAMBALAPITIYA,2026-05-05 00:30:48.723224+05:30,127,6.62,SPEED_BELOW_10,2026-05-05 00:30:50.710067+05:30
7211,J4_BORELLA,2026-05-05 00:30:47.717514+05:30,94,8.79,SPEED_BELOW_10,2026-05-05 00:30:50.710838+05:30
7209,J1_KOLLUPITIYA,2026-05-05 00:30:46.709179+05:30,112,9.38,SPEED_BELOW_10,2026-05-05 00:30:50.710838+05:30
7207,J2_BAMBALAPITIYA,2026-05-05 00:30:46.630446+05:30,94,4.23,SPEED_BELOW_10,2026-05-05 00:30:50.710067+05:30
7210,J3_TOWN_HALL,2026-05-05 00:30:44.029466+05:30,144,4.02,SPEED_BELOW_10,2026-05-05 00:30:50.710920+05:30
7206,J4_BORELLA,2026-05-05 00:30:38.590496+05:30,107,3.19,SPEED_BELOW_10,2026-05-05 00:30:40.641206+05:30
7205,J1_KOLLUPITIYA,2026-05-05 00:30:35.559262+05:30,108,9.01,SPEED_BELOW_10,2026-05-05 00:30:40.641206+05:30
7204,J4_BORELLA,2026-05-05 00:30:33.964982+05:30,103,3.74,SPEED_BELOW_10,2026-05-05 00:30:40.641206+05:30
7202,J3_TOWN_HALL,2026-05-05 00:30:33.962370+05:30,127,7.26,SPEED_BELOW_10,2026-05-05 00:30:40.641278+05:30
7203,J4_BORELLA,2026-05-05 00:30:33.616131+05:30,98,3.71,SPEED_BELOW_10,2026-05-05 00:30:40.641206+05:30
7199,J1_KOLLUPITIYA,2026-05-05 00:30:28.575728+05:30,141,7.04,SPEED_BELOW_10,2026-05-05 00:30:30.580411+05:30
7201,J2_BAMBALAPITIYA,2026-05-05 00:30:26.905317+05:30,114,5.32,SPEED_BELOW_10,2026-05-05 00:30:30.585849+05:30
7200,J3_TOWN_HALL,2026-05-05 00:30:26.547568+05:30,111,3.47,SPEED_BELOW_10,2026-05-05 00:30:30.580969+05:30
7198,J1_KOLLUPITIYA,2026-05-05 00:30:23.885334+05:30,138,2.84,SPEED_BELOW_10,2026-05-05 00:30:30.580411+05:30
7196,J4_BORELLA,2026-05-05 00:30:23.531756+05:30,144,7.07,SPEED_BELOW_10,2026-05-05 00:30:30.580411+05:30
7197,J3_TOWN_HALL,2026-05-05 00:30:22.523980+05:30,149,9.76,SPEED_BELOW_10,2026-05-05 00:30:30.580969+05:30
7195,J1_KOLLUPITIYA,2026-05-05 00:30:18.849724+05:30,102,8.22,SPEED_BELOW_10,2026-05-05 00:30:20.532677+05:30
7194,J3_TOWN_HALL,2026-05-05 00:30:18.412898+05:30,127,4.34,SPEED_BELOW_10,2026-05-05 00:30:20.533327+05:30
7191,J3_TOWN_HALL,2026-05-05 00:30:16.840565+05:30,102,8.17,SPEED_BELOW_10,2026-05-05 00:30:20.533327+05:30
7193,J1_KOLLUPITIYA,2026-05-05 00:30:16.837820+05:30,146,9.55,SPEED_BELOW_10,2026-05-05 00:30:20.532677+05:30
7189,J2_BAMBALAPITIYA,2026-05-05 00:30:14.828759+05:30,104,2.49,SPEED_BELOW_10,2026-05-05 00:30:20.529682+05:30
7192,J4_BORELLA,2026-05-05 00:30:14.484048+05:30,93,5.67,SPEED_BELOW_10,2026-05-05 00:30:20.532677+05:30
7190,J4_BORELLA,2026-05-05 00:30:14.388940+05:30,93,9.50,SPEED_BELOW_10,2026-05-05 00:30:20.532677+05:30
7188,J2_BAMBALAPITIYA,2026-05-05 00:30:13.473930+05:30,128,3.04,SPEED_BELOW_10,2026-05-05 00:30:20.529682+05:30
7187,J2_BAMBALAPITIYA,2026-05-05 00:30:13.380413+05:30,127,4.23,SPEED_BELOW_10,2026-05-05 00:30:20.529682+05:30
7186,J2_BAMBALAPITIYA,2026-05-05 00:30:08.362800+05:30,133,5.25,SPEED_BELOW_10,2026-05-05 00:30:10.423233+05:30
7181,J1_KOLLUPITIYA,2026-05-05 00:30:08.357625+05:30,126,3.21,SPEED_BELOW_10,2026-05-05 00:30:10.421093+05:30
7180,J1_KOLLUPITIYA,2026-05-05 00:30:07.778258+05:30,95,5.47,SPEED_BELOW_10,2026-05-05 00:30:10.421093+05:30
7179,J1_KOLLUPITIYA,2026-05-05 00:30:07.309904+05:30,96,9.00,SPEED_BELOW_10,2026-05-05 00:30:10.421093+05:30
7185,J2_BAMBALAPITIYA,2026-05-05 00:30:06.302088+05:30,113,4.38,SPEED_BELOW_10,2026-05-05 00:30:10.423233+05:30
7184,J2_BAMBALAPITIYA,2026-05-05 00:30:04.327959+05:30,124,5.86,SPEED_BELOW_10,2026-05-05 00:30:10.423233+05:30
7178,J1_KOLLUPITIYA,2026-05-05 00:30:04.326264+05:30,130,9.46,SPEED_BELOW_10,2026-05-05 00:30:10.421093+05:30
7183,J2_BAMBALAPITIYA,2026-05-05 00:30:02.750014+05:30,129,4.35,SPEED_BELOW_10,2026-05-05 00:30:10.423233+05:30
7182,J3_TOWN_HALL,2026-05-05 00:30:01.744533+05:30,112,3.09,SPEED_BELOW_10,2026-05-05 00:30:10.422741+05:30
7177,J4_BORELLA,2026-05-05 00:30:00.304851+05:30,131,7.55,SPEED_BELOW_10,2026-05-05 00:30:10.421093+05:30
7176,J4_BORELLA,2026-05-05 00:29:56.108836+05:30,122,5.51,SPEED_BELOW_10,2026-05-05 00:30:00.318318+05:30
7172,J2_BAMBALAPITIYA,2026-05-05 00:29:54.216863+05:30,92,7.40,SPEED_BELOW_10,2026-05-05 00:30:00.306595+05:30
7174,J3_TOWN_HALL,2026-05-05 00:29:54.096451+05:30,135,8.41,SPEED_BELOW_10,2026-05-05 00:30:00.308845+05:30
7175,J1_KOLLUPITIYA,2026-05-05 00:29:52.670801+05:30,103,8.52,SPEED_BELOW_10,2026-05-05 00:30:00.318318+05:30
7173,J3_TOWN_HALL,2026-05-05 00:29:50.662062+05:30,134,2.60,SPEED_BELOW_10,2026-05-05 00:30:00.308845+05:30
7168,J2_BAMBALAPITIYA,2026-05-05 00:29:49.657133+05:30,144,2.91,SPEED_BELOW_10,2026-05-05 00:29:50.203717+05:30
7171,J1_KOLLUPITIYA,2026-05-05 00:29:47.054490+05:30,128,4.36,SPEED_BELOW_10,2026-05-05 00:29:50.206242+05:30
7170,J1_KOLLUPITIYA,2026-05-05 00:29:46.640384+05:30,133,3.01,SPEED_BELOW_10,2026-05-05 00:29:50.206242+05:30
7169,J1_KOLLUPITIYA,2026-05-05 00:29:44.624311+05:30,104,4.76,SPEED_BELOW_10,2026-05-05 00:29:50.206242+05:30
7167,J3_TOWN_HALL,2026-05-05 00:29:42.096566+05:30,116,2.38,SPEED_BELOW_10,2026-05-05 00:29:50.203665+05:30
7164,J4_BORELLA,2026-05-05 00:29:34.982942+05:30,97,5.46,SPEED_BELOW_10,2026-05-05 00:29:40.655637+05:30
7162,J2_BAMBALAPITIYA,2026-05-05 00:29:33.555385+05:30,141,9.23,SPEED_BELOW_10,2026-05-05 00:29:40.655324+05:30
7166,J3_TOWN_HALL,2026-05-05 00:29:32.968857+05:30,125,3.88,SPEED_BELOW_10,2026-05-05 00:29:40.657649+05:30
7165,J3_TOWN_HALL,2026-05-05 00:29:32.012643+05:30,144,5.09,SPEED_BELOW_10,2026-05-05 00:29:40.657649+05:30
7163,J4_BORELLA,2026-05-05 00:29:30.959884+05:30,124,2.20,SPEED_BELOW_10,2026-05-05 00:29:40.655637+05:30
7157,J4_BORELLA,2026-05-05 00:29:29.952258+05:30,144,6.27,SPEED_BELOW_10,2026-05-05 00:29:30.594517+05:30
7156,J1_KOLLUPITIYA,2026-05-05 00:29:29.944982+05:30,145,8.06,SPEED_BELOW_10,2026-05-05 00:29:30.594517+05:30
7155,J4_BORELLA,2026-05-05 00:29:29.529062+05:30,146,5.98,SPEED_BELOW_10,2026-05-05 00:29:30.594517+05:30
7161,J3_TOWN_HALL,2026-05-05 00:29:28.507637+05:30,132,4.06,SPEED_BELOW_10,2026-05-05 00:29:30.594563+05:30
7154,J1_KOLLUPITIYA,2026-05-05 00:29:26.975901+05:30,102,7.19,SPEED_BELOW_10,2026-05-05 00:29:30.594517+05:30
7153,J2_BAMBALAPITIYA,2026-05-05 00:29:26.490968+05:30,126,3.97,SPEED_BELOW_10,2026-05-05 00:29:30.594555+05:30
7160,J3_TOWN_HALL,2026-05-05 00:29:24.905328+05:30,145,3.74,SPEED_BELOW_10,2026-05-05 00:29:30.594563+05:30
7159,J3_TOWN_HALL,2026-05-05 00:29:24.463269+05:30,99,7.10,SPEED_BELOW_10,2026-05-05 00:29:30.594563+05:30
7158,J3_TOWN_HALL,2026-05-05 00:29:22.451323+05:30,128,7.89,SPEED_BELOW_10,2026-05-05 00:29:30.594563+05:30
7149,J1_KOLLUPITIYA,2026-05-05 00:29:18.927591+05:30,92,7.95,SPEED_BELOW_10,2026-05-05 00:29:20.474915+05:30
7148,J1_KOLLUPITIYA,2026-05-05 00:29:17.922243+05:30,142,3.69,SPEED_BELOW_10,2026-05-05 00:29:20.474915+05:30
7152,J3_TOWN_HALL,2026-05-05 00:29:15.406529+05:30,131,9.65,SPEED_BELOW_10,2026-05-05 00:29:20.482618+05:30
7147,J1_KOLLUPITIYA,2026-05-05 00:29:14.847766+05:30,105,2.09,SPEED_BELOW_10,2026-05-05 00:29:20.474915+05:30
7151,J3_TOWN_HALL,2026-05-05 00:29:11.892071+05:30,109,2.64,SPEED_BELOW_10,2026-05-05 00:29:20.482618+05:30
7150,J3_TOWN_HALL,2026-05-05 00:29:11.382478+05:30,91,5.64,SPEED_BELOW_10,2026-05-05 00:29:20.482618+05:30
7146,J4_BORELLA,2026-05-05 00:29:10.821638+05:30,136,5.01,SPEED_BELOW_10,2026-05-05 00:29:20.474915+05:30
7145,J2_BAMBALAPITIYA,2026-05-05 00:29:10.371960+05:30,126,7.83,SPEED_BELOW_10,2026-05-05 00:29:20.443328+05:30
7144,J4_BORELLA,2026-05-05 00:29:03.773190+05:30,101,3.24,SPEED_BELOW_10,2026-05-05 00:29:10.421990+05:30
7143,J1_KOLLUPITIYA,2026-05-05 00:29:00.756253+05:30,146,6.37,SPEED_BELOW_10,2026-05-05 00:29:10.421990+05:30
7141,J3_TOWN_HALL,2026-05-05 00:28:51.772204+05:30,103,2.73,SPEED_BELOW_10,2026-05-05 00:29:00.366582+05:30
7142,J1_KOLLUPITIYA,2026-05-05 00:28:51.767943+05:30,104,4.95,SPEED_BELOW_10,2026-05-05 00:29:00.368280+05:30
7140,J3_TOWN_HALL,2026-05-05 00:28:50.762929+05:30,93,6.98,SPEED_BELOW_10,2026-05-05 00:29:00.366582+05:30
7139,J1_KOLLUPITIYA,2026-05-05 00:28:49.692275+05:30,143,9.19,SPEED_BELOW_10,2026-05-05 00:28:50.303821+05:30
7138,J1_KOLLUPITIYA,2026-05-05 00:28:48.683533+05:30,94,3.82,SPEED_BELOW_10,2026-05-05 00:28:50.303821+05:30
7137,J3_TOWN_HALL,2026-05-05 00:28:40.703634+05:30,134,8.45,SPEED_BELOW_10,2026-05-05 00:28:50.303539+05:30
7136,J2_BAMBALAPITIYA,2026-05-05 00:28:40.644017+05:30,94,4.01,SPEED_BELOW_10,2026-05-05 00:28:50.260708+05:30
7135,J2_BAMBALAPITIYA,2026-05-05 00:28:40.190885+05:30,107,7.41,SPEED_BELOW_10,2026-05-05 00:28:50.260708+05:30
7134,J2_BAMBALAPITIYA,2026-05-05 00:28:37.623507+05:30,105,5.72,SPEED_BELOW_10,2026-05-05 00:28:40.241880+05:30
7130,J3_TOWN_HALL,2026-05-05 00:28:34.660116+05:30,122,3.54,SPEED_BELOW_10,2026-05-05 00:28:40.236826+05:30
7133,J2_BAMBALAPITIYA,2026-05-05 00:28:34.657543+05:30,92,4.45,SPEED_BELOW_10,2026-05-05 00:28:40.241880+05:30
7132,J2_BAMBALAPITIYA,2026-05-05 00:28:32.646022+05:30,120,5.01,SPEED_BELOW_10,2026-05-05 00:28:40.241880+05:30
7131,J1_KOLLUPITIYA,2026-05-05 00:28:32.130573+05:30,105,3.70,SPEED_BELOW_10,2026-05-05 00:28:40.237483+05:30
7126,J4_BORELLA,2026-05-05 00:28:29.571302+05:30,133,9.04,SPEED_BELOW_10,2026-05-05 00:28:30.626965+05:30
7129,J2_BAMBALAPITIYA,2026-05-05 00:28:29.112219+05:30,140,6.08,SPEED_BELOW_10,2026-05-05 00:28:30.627627+05:30
7128,J2_BAMBALAPITIYA,2026-05-05 00:28:27.101418+05:30,106,8.69,SPEED_BELOW_10,2026-05-05 00:28:30.627627+05:30
7125,J1_KOLLUPITIYA,2026-05-05 00:28:24.533762+05:30,95,5.85,SPEED_BELOW_10,2026-05-05 00:28:30.626965+05:30
7127,J2_BAMBALAPITIYA,2026-05-05 00:28:23.525516+05:30,136,3.50,SPEED_BELOW_10,2026-05-05 00:28:30.627627+05:30
7124,J4_BORELLA,2026-05-05 00:28:22.064674+05:30,128,7.32,SPEED_BELOW_10,2026-05-05 00:28:30.626965+05:30
7123,J1_KOLLUPITIYA,2026-05-05 00:28:20.554861+05:30,108,4.67,SPEED_BELOW_10,2026-05-05 00:28:30.626965+05:30
7122,J3_TOWN_HALL,2026-05-05 00:28:19.047228+05:30,96,5.86,SPEED_BELOW_10,2026-05-05 00:28:20.527930+05:30
7119,J4_BORELLA,2026-05-05 00:28:16.035135+05:30,123,2.34,SPEED_BELOW_10,2026-05-05 00:28:20.521047+05:30
7121,J3_TOWN_HALL,2026-05-05 00:28:13.019799+05:30,94,9.50,SPEED_BELOW_10,2026-05-05 00:28:20.527930+05:30
7118,J1_KOLLUPITIYA,2026-05-05 00:28:11.506806+05:30,121,6.42,SPEED_BELOW_10,2026-05-05 00:28:20.521047+05:30
7120,J2_BAMBALAPITIYA,2026-05-05 00:28:11.007400+05:30,131,5.44,SPEED_BELOW_10,2026-05-05 00:28:20.525602+05:30
7116,J4_BORELLA,2026-05-05 00:28:08.489543+05:30,126,4.81,SPEED_BELOW_10,2026-05-05 00:28:10.472099+05:30
7117,J2_BAMBALAPITIYA,2026-05-05 00:28:01.452294+05:30,121,9.03,SPEED_BELOW_10,2026-05-05 00:28:10.480265+05:30
7115,J1_KOLLUPITIYA,2026-05-05 00:28:00.896072+05:30,106,7.15,SPEED_BELOW_10,2026-05-05 00:28:10.472099+05:30
7114,J4_BORELLA,2026-05-05 00:27:59.359433+05:30,92,9.20,SPEED_BELOW_10,2026-05-05 00:28:00.404696+05:30
7113,J1_KOLLUPITIYA,2026-05-05 00:27:55.416266+05:30,114,8.39,SPEED_BELOW_10,2026-05-05 00:28:00.404696+05:30
7112,J1_KOLLUPITIYA,2026-05-05 00:27:53.406494+05:30,148,5.94,SPEED_BELOW_10,2026-05-05 00:28:00.404696+05:30
7111,J1_KOLLUPITIYA,2026-05-05 00:27:40.329354+05:30,104,3.49,SPEED_BELOW_10,2026-05-05 00:27:50.350398+05:30
7110,J3_TOWN_HALL,2026-05-05 00:27:40.155804+05:30,130,3.20,SPEED_BELOW_10,2026-05-05 00:27:50.314577+05:30
7103,J4_BORELLA,2026-05-05 00:27:39.324844+05:30,145,2.49,SPEED_BELOW_10,2026-05-05 00:27:40.249278+05:30
7109,J3_TOWN_HALL,2026-05-05 00:27:39.149665+05:30,140,6.63,SPEED_BELOW_10,2026-05-05 00:27:40.279789+05:30
7102,J4_BORELLA,2026-05-05 00:27:38.315478+05:30,106,3.82,SPEED_BELOW_10,2026-05-05 00:27:40.249278+05:30
7101,J1_KOLLUPITIYA,2026-05-05 00:27:38.309803+05:30,115,2.05,SPEED_BELOW_10,2026-05-05 00:27:40.249278+05:30
7100,J4_BORELLA,2026-05-05 00:27:37.756091+05:30,90,2.29,SPEED_BELOW_10,2026-05-05 00:27:40.249278+05:30
7108,J3_TOWN_HALL,2026-05-05 00:27:37.754073+05:30,138,4.56,SPEED_BELOW_10,2026-05-05 00:27:40.279789+05:30
7106,J2_BAMBALAPITIYA,2026-05-05 00:27:35.291201+05:30,116,8.08,SPEED_BELOW_10,2026-05-05 00:27:40.270844+05:30
7099,J1_KOLLUPITIYA,2026-05-05 00:27:34.283550+05:30,142,5.13,SPEED_BELOW_10,2026-05-05 00:27:40.249278+05:30
7107,J3_TOWN_HALL,2026-05-05 00:27:34.119735+05:30,108,3.00,SPEED_BELOW_10,2026-05-05 00:27:40.279789+05:30
7105,J2_BAMBALAPITIYA,2026-05-05 00:27:33.734322+05:30,128,7.08,SPEED_BELOW_10,2026-05-05 00:27:40.270844+05:30
7098,J4_BORELLA,2026-05-05 00:27:32.274099+05:30,140,2.14,SPEED_BELOW_10,2026-05-05 00:27:40.249278+05:30
7104,J2_BAMBALAPITIYA,2026-05-05 00:27:32.270669+05:30,122,3.59,SPEED_BELOW_10,2026-05-05 00:27:40.270844+05:30
7097,J4_BORELLA,2026-05-05 00:27:32.109548+05:30,118,9.18,SPEED_BELOW_10,2026-05-05 00:27:40.249278+05:30
7096,J2_BAMBALAPITIYA,2026-05-05 00:27:29.245335+05:30,101,4.96,SPEED_BELOW_10,2026-05-05 00:27:30.298574+05:30
7095,J1_KOLLUPITIYA,2026-05-05 00:27:27.229502+05:30,102,6.82,SPEED_BELOW_10,2026-05-05 00:27:30.296710+05:30
7094,J4_BORELLA,2026-05-05 00:27:27.077337+05:30,119,9.34,SPEED_BELOW_10,2026-05-05 00:27:30.296710+05:30
7093,J1_KOLLUPITIYA,2026-05-05 00:27:25.218431+05:30,111,8.48,SPEED_BELOW_10,2026-05-05 00:27:30.296710+05:30
7092,J4_BORELLA,2026-05-05 00:27:17.631570+05:30,127,6.97,SPEED_BELOW_10,2026-05-05 00:27:20.247061+05:30
7084,J2_BAMBALAPITIYA,2026-05-05 00:27:17.170119+05:30,139,4.88,SPEED_BELOW_10,2026-05-05 00:27:20.244308+05:30
7091,J4_BORELLA,2026-05-05 00:27:16.624847+05:30,146,6.61,SPEED_BELOW_10,2026-05-05 00:27:20.247061+05:30
7087,J3_TOWN_HALL,2026-05-05 00:27:15.159126+05:30,140,8.73,SPEED_BELOW_10,2026-05-05 00:27:20.244985+05:30
7083,J2_BAMBALAPITIYA,2026-05-05 00:27:14.609225+05:30,97,3.17,SPEED_BELOW_10,2026-05-05 00:27:20.244308+05:30
7090,J1_KOLLUPITIYA,2026-05-05 00:27:14.152150+05:30,141,5.08,SPEED_BELOW_10,2026-05-05 00:27:20.247061+05:30
7086,J3_TOWN_HALL,2026-05-05 00:27:13.605312+05:30,138,9.78,SPEED_BELOW_10,2026-05-05 00:27:20.244985+05:30
7089,J1_KOLLUPITIYA,2026-05-05 00:27:12.978485+05:30,108,7.11,SPEED_BELOW_10,2026-05-05 00:27:20.247061+05:30
7088,J1_KOLLUPITIYA,2026-05-05 00:27:12.596884+05:30,129,7.88,SPEED_BELOW_10,2026-05-05 00:27:20.247061+05:30
7085,J3_TOWN_HALL,2026-05-05 00:27:11.137347+05:30,148,4.86,SPEED_BELOW_10,2026-05-05 00:27:20.244985+05:30
7079,J3_TOWN_HALL,2026-05-05 00:27:08.569066+05:30,135,6.19,SPEED_BELOW_10,2026-05-05 00:27:10.597522+05:30
7080,J2_BAMBALAPITIYA,2026-05-05 00:27:05.104504+05:30,128,5.28,SPEED_BELOW_10,2026-05-05 00:27:10.641103+05:30
7082,J1_KOLLUPITIYA,2026-05-05 00:27:04.931761+05:30,123,5.50,SPEED_BELOW_10,2026-05-05 00:27:10.642160+05:30
7081,J1_KOLLUPITIYA,2026-05-05 00:27:03.925281+05:30,102,2.50,SPEED_BELOW_10,2026-05-05 00:27:10.642160+05:30
7078,J3_TOWN_HALL,2026-05-05 00:27:00.069429+05:30,145,6.35,SPEED_BELOW_10,2026-05-05 00:27:10.597522+05:30
7073,J2_BAMBALAPITIYA,2026-05-05 00:26:57.963392+05:30,137,5.39,SPEED_BELOW_10,2026-05-05 00:27:00.569472+05:30
7077,J4_BORELLA,2026-05-05 00:26:57.878016+05:30,114,4.20,SPEED_BELOW_10,2026-05-05 00:27:00.569613+05:30
7076,J1_KOLLUPITIYA,2026-05-05 00:26:56.489559+05:30,137,9.78,SPEED_BELOW_10,2026-05-05 00:27:00.569613+05:30
7075,J1_KOLLUPITIYA,2026-05-05 00:26:54.859484+05:30,105,3.61,SPEED_BELOW_10,2026-05-05 00:27:00.569613+05:30
7072,J2_BAMBALAPITIYA,2026-05-05 00:26:53.853377+05:30,132,9.30,SPEED_BELOW_10,2026-05-05 00:27:00.569472+05:30
7074,J1_KOLLUPITIYA,2026-05-05 00:26:53.471264+05:30,115,7.83,SPEED_BELOW_10,2026-05-05 00:27:00.569613+05:30
7071,J2_BAMBALAPITIYA,2026-05-05 00:26:51.840484+05:30,92,6.09,SPEED_BELOW_10,2026-05-05 00:27:00.569472+05:30
7069,J2_BAMBALAPITIYA,2026-05-05 00:26:49.827850+05:30,116,8.55,SPEED_BELOW_10,2026-05-05 00:26:50.507051+05:30
7066,J4_BORELLA,2026-05-05 00:26:48.916289+05:30,130,3.73,SPEED_BELOW_10,2026-05-05 00:26:50.504631+05:30
7070,J3_TOWN_HALL,2026-05-05 00:26:48.913175+05:30,100,2.56,SPEED_BELOW_10,2026-05-05 00:26:50.509739+05:30
7068,J2_BAMBALAPITIYA,2026-05-05 00:26:48.909931+05:30,147,8.19,SPEED_BELOW_10,2026-05-05 00:26:50.507051+05:30
7065,J1_KOLLUPITIYA,2026-05-05 00:26:44.418864+05:30,93,2.08,SPEED_BELOW_10,2026-05-05 00:26:50.504631+05:30
7067,J2_BAMBALAPITIYA,2026-05-05 00:26:43.413720+05:30,106,7.48,SPEED_BELOW_10,2026-05-05 00:26:50.507051+05:30
7064,J1_KOLLUPITIYA,2026-05-05 00:26:43.411579+05:30,108,6.25,SPEED_BELOW_10,2026-05-05 00:26:50.504631+05:30
7063,J4_BORELLA,2026-05-05 00:26:40.393395+05:30,106,6.74,SPEED_BELOW_10,2026-05-05 00:26:50.504631+05:30
7062,J1_KOLLUPITIYA,2026-05-05 00:26:39.855244+05:30,130,8.88,SPEED_BELOW_10,2026-05-05 00:26:40.446739+05:30
7061,J1_KOLLUPITIYA,2026-05-05 00:26:39.769794+05:30,103,4.50,SPEED_BELOW_10,2026-05-05 00:26:40.446739+05:30
7060,J1_KOLLUPITIYA,2026-05-05 00:26:38.755980+05:30,127,5.95,SPEED_BELOW_10,2026-05-05 00:26:40.446739+05:30
7056,J3_TOWN_HALL,2026-05-05 00:26:37.367210+05:30,138,5.25,SPEED_BELOW_10,2026-05-05 00:26:40.446153+05:30
7059,J4_BORELLA,2026-05-05 00:26:35.357595+05:30,141,4.40,SPEED_BELOW_10,2026-05-05 00:26:40.446739+05:30
7058,J4_BORELLA,2026-05-05 00:26:31.720624+05:30,116,2.60,SPEED_BELOW_10,2026-05-05 00:26:40.446739+05:30
7057,J1_KOLLUPITIYA,2026-05-05 00:26:30.805980+05:30,146,4.28,SPEED_BELOW_10,2026-05-05 00:26:40.446739+05:30
7054,J4_BORELLA,2026-05-05 00:26:29.704649+05:30,148,6.66,SPEED_BELOW_10,2026-05-05 00:26:30.391770+05:30
7053,J4_BORELLA,2026-05-05 00:26:29.329883+05:30,150,5.38,SPEED_BELOW_10,2026-05-05 00:26:30.391770+05:30
7047,J2_BAMBALAPITIYA,2026-05-05 00:26:29.326159+05:30,141,3.91,SPEED_BELOW_10,2026-05-05 00:26:30.391416+05:30
7046,J2_BAMBALAPITIYA,2026-05-05 00:26:28.317464+05:30,137,7.50,SPEED_BELOW_10,2026-05-05 00:26:30.391416+05:30
7045,J2_BAMBALAPITIYA,2026-05-05 00:26:27.780358+05:30,115,7.58,SPEED_BELOW_10,2026-05-05 00:26:30.391416+05:30
7055,J3_TOWN_HALL,2026-05-05 00:26:25.772131+05:30,113,4.58,SPEED_BELOW_10,2026-05-05 00:26:30.394104+05:30
7052,J1_KOLLUPITIYA,2026-05-05 00:26:25.769930+05:30,127,8.77,SPEED_BELOW_10,2026-05-05 00:26:30.391770+05:30
7044,J2_BAMBALAPITIYA,2026-05-05 00:26:25.676451+05:30,149,4.23,SPEED_BELOW_10,2026-05-05 00:26:30.391416+05:30
7042,J2_BAMBALAPITIYA,2026-05-05 00:26:25.302535+05:30,134,6.04,SPEED_BELOW_10,2026-05-05 00:26:30.391416+05:30
7051,J1_KOLLUPITIYA,2026-05-05 00:26:24.762710+05:30,99,9.57,SPEED_BELOW_10,2026-05-05 00:26:30.391770+05:30
7050,J1_KOLLUPITIYA,2026-05-05 00:26:21.745670+05:30,135,2.12,SPEED_BELOW_10,2026-05-05 00:26:30.391770+05:30
7049,J1_KOLLUPITIYA,2026-05-05 00:26:21.653915+05:30,99,5.57,SPEED_BELOW_10,2026-05-05 00:26:30.391770+05:30
7048,J1_KOLLUPITIYA,2026-05-05 00:26:20.738670+05:30,95,3.85,SPEED_BELOW_10,2026-05-05 00:26:30.391770+05:30
7043,J1_KOLLUPITIYA,2026-05-05 00:26:20.646672+05:30,142,8.65,SPEED_BELOW_10,2026-05-05 00:26:30.391770+05:30
7040,J1_KOLLUPITIYA,2026-05-05 00:26:18.626088+05:30,119,9.76,SPEED_BELOW_10,2026-05-05 00:26:20.338238+05:30
7041,J2_BAMBALAPITIYA,2026-05-05 00:26:15.240745+05:30,128,7.37,SPEED_BELOW_10,2026-05-05 00:26:20.343977+05:30
7034,J4_BORELLA,2026-05-05 00:26:09.206667+05:30,92,5.86,SPEED_BELOW_10,2026-05-05 00:26:10.260892+05:30
7033,J1_KOLLUPITIYA,2026-05-05 00:26:07.607106+05:30,97,6.97,SPEED_BELOW_10,2026-05-05 00:26:10.260892+05:30
7036,J3_TOWN_HALL,2026-05-05 00:26:06.556484+05:30,90,2.39,SPEED_BELOW_10,2026-05-05 00:26:10.267914+05:30
7032,J1_KOLLUPITIYA,2026-05-05 00:26:05.595223+05:30,139,9.30,SPEED_BELOW_10,2026-05-05 00:26:10.260892+05:30
7035,J3_TOWN_HALL,2026-05-05 00:26:04.547962+05:30,136,4.49,SPEED_BELOW_10,2026-05-05 00:26:10.267914+05:30
7039,J2_BAMBALAPITIYA,2026-05-05 00:26:04.175013+05:30,112,9.54,SPEED_BELOW_10,2026-05-05 00:26:10.269004+05:30
7038,J2_BAMBALAPITIYA,2026-05-05 00:26:01.529971+05:30,139,4.12,SPEED_BELOW_10,2026-05-05 00:26:10.269004+05:30
7037,J2_BAMBALAPITIYA,2026-05-05 00:26:01.160869+05:30,107,3.25,SPEED_BELOW_10,2026-05-05 00:26:10.269004+05:30
7031,J3_TOWN_HALL,2026-05-05 00:25:53.524052+05:30,126,6.50,SPEED_BELOW_10,2026-05-05 00:26:00.586875+05:30
7025,J2_BAMBALAPITIYA,2026-05-05 00:25:49.435172+05:30,95,4.30,SPEED_BELOW_10,2026-05-05 00:25:50.568534+05:30
7030,J3_TOWN_HALL,2026-05-05 00:25:47.389633+05:30,112,8.12,SPEED_BELOW_10,2026-05-05 00:25:50.617954+05:30
7029,J3_TOWN_HALL,2026-05-05 00:25:46.405966+05:30,118,4.26,SPEED_BELOW_10,2026-05-05 00:25:50.617954+05:30
7028,J3_TOWN_HALL,2026-05-05 00:25:43.366287+05:30,148,5.08,SPEED_BELOW_10,2026-05-05 00:25:50.617954+05:30
7027,J4_BORELLA,2026-05-05 00:25:42.362550+05:30,101,5.62,SPEED_BELOW_10,2026-05-05 00:25:50.583195+05:30
7024,J2_BAMBALAPITIYA,2026-05-05 00:25:41.970322+05:30,114,9.76,SPEED_BELOW_10,2026-05-05 00:25:50.568534+05:30
7026,J4_BORELLA,2026-05-05 00:25:40.344935+05:30,142,2.29,SPEED_BELOW_10,2026-05-05 00:25:50.583195+05:30
7019,J2_BAMBALAPITIYA,2026-05-05 00:25:39.337252+05:30,122,6.58,SPEED_BELOW_10,2026-05-05 00:25:40.388272+05:30
7023,J1_KOLLUPITIYA,2026-05-05 00:25:36.941828+05:30,120,7.19,SPEED_BELOW_10,2026-05-05 00:25:40.387886+05:30
7022,J4_BORELLA,2026-05-05 00:25:36.354298+05:30,132,8.40,SPEED_BELOW_10,2026-05-05 00:25:40.387886+05:30
7021,J4_BORELLA,2026-05-05 00:25:35.347461+05:30,112,2.81,SPEED_BELOW_10,2026-05-05 00:25:40.387886+05:30
7020,J4_BORELLA,2026-05-05 00:25:34.312117+05:30,117,5.40,SPEED_BELOW_10,2026-05-05 00:25:40.387886+05:30
7018,J3_TOWN_HALL,2026-05-05 00:25:30.283660+05:30,119,8.10,SPEED_BELOW_10,2026-05-05 00:25:40.348064+05:30
7017,J4_BORELLA,2026-05-05 00:25:28.270797+05:30,117,9.26,SPEED_BELOW_10,2026-05-05 00:25:30.327758+05:30
7016,J4_BORELLA,2026-05-05 00:25:23.276958+05:30,119,3.15,SPEED_BELOW_10,2026-05-05 00:25:30.327758+05:30
7012,J2_BAMBALAPITIYA,2026-05-05 00:25:23.273585+05:30,130,9.45,SPEED_BELOW_10,2026-05-05 00:25:30.323608+05:30
7011,J3_TOWN_HALL,2026-05-05 00:25:23.237998+05:30,92,7.64,SPEED_BELOW_10,2026-05-05 00:25:30.289427+05:30
7015,J1_KOLLUPITIYA,2026-05-05 00:25:21.261001+05:30,146,2.18,SPEED_BELOW_10,2026-05-05 00:25:30.327758+05:30
7010,J3_TOWN_HALL,2026-05-05 00:25:21.228791+05:30,108,4.36,SPEED_BELOW_10,2026-05-05 00:25:30.289427+05:30
7014,J1_KOLLUPITIYA,2026-05-05 00:25:21.226456+05:30,123,4.36,SPEED_BELOW_10,2026-05-05 00:25:30.327758+05:30
7013,J4_BORELLA,2026-05-05 00:25:20.257253+05:30,112,4.21,SPEED_BELOW_10,2026-05-05 00:25:30.327758+05:30
7009,J3_TOWN_HALL,2026-05-05 00:25:20.219882+05:30,105,8.33,SPEED_BELOW_10,2026-05-05 00:25:30.289427+05:30
7005,J1_KOLLUPITIYA,2026-05-05 00:25:18.239409+05:30,130,9.32,SPEED_BELOW_10,2026-05-05 00:25:20.267261+05:30
7004,J4_BORELLA,2026-05-05 00:25:16.228961+05:30,111,4.08,SPEED_BELOW_10,2026-05-05 00:25:20.267261+05:30
7008,J3_TOWN_HALL,2026-05-05 00:25:16.227597+05:30,98,7.85,SPEED_BELOW_10,2026-05-05 00:25:20.270309+05:30
7003,J2_BAMBALAPITIYA,2026-05-05 00:25:16.225651+05:30,131,2.15,SPEED_BELOW_10,2026-05-05 00:25:20.264797+05:30
7007,J3_TOWN_HALL,2026-05-05 00:25:14.184251+05:30,100,3.34,SPEED_BELOW_10,2026-05-05 00:25:20.270309+05:30
7006,J3_TOWN_HALL,2026-05-05 00:25:12.817375+05:30,122,3.74,SPEED_BELOW_10,2026-05-05 00:25:20.270309+05:30
7002,J3_TOWN_HALL,2026-05-05 00:25:07.781941+05:30,92,4.75,SPEED_BELOW_10,2026-05-05 00:25:10.231639+05:30
7000,J1_KOLLUPITIYA,2026-05-05 00:25:07.139500+05:30,124,2.77,SPEED_BELOW_10,2026-05-05 00:25:10.223525+05:30
6999,J1_KOLLUPITIYA,2026-05-05 00:25:06.132657+05:30,143,6.40,SPEED_BELOW_10,2026-05-05 00:25:10.223525+05:30
7001,J2_BAMBALAPITIYA,2026-05-05 00:25:01.714717+05:30,138,7.34,SPEED_BELOW_10,2026-05-05 00:25:10.230405+05:30
6998,J3_TOWN_HALL,2026-05-05 00:24:58.088947+05:30,128,2.01,SPEED_BELOW_10,2026-05-05 00:25:00.714699+05:30
6996,J4_BORELLA,2026-05-05 00:24:55.661458+05:30,112,2.34,SPEED_BELOW_10,2026-05-05 00:25:00.705123+05:30
6993,J2_BAMBALAPITIYA,2026-05-05 00:24:54.106811+05:30,135,6.38,SPEED_BELOW_10,2026-05-05 00:25:00.705112+05:30
6995,J1_KOLLUPITIYA,2026-05-05 00:24:54.064394+05:30,102,3.46,SPEED_BELOW_10,2026-05-05 00:25:00.705123+05:30
6992,J2_BAMBALAPITIYA,2026-05-05 00:24:53.099040+05:30,97,7.30,SPEED_BELOW_10,2026-05-05 00:25:00.705112+05:30
6991,J2_BAMBALAPITIYA,2026-05-05 00:24:51.089801+05:30,114,9.79,SPEED_BELOW_10,2026-05-05 00:25:00.705112+05:30
6997,J3_TOWN_HALL,2026-05-05 00:24:50.625710+05:30,91,6.00,SPEED_BELOW_10,2026-05-05 00:25:00.714699+05:30
6990,J2_BAMBALAPITIYA,2026-05-05 00:24:50.040097+05:30,96,8.99,SPEED_BELOW_10,2026-05-05 00:25:00.705112+05:30
6994,J1_KOLLUPITIYA,2026-05-05 00:24:50.037680+05:30,132,9.82,SPEED_BELOW_10,2026-05-05 00:25:00.705123+05:30
6986,J3_TOWN_HALL,2026-05-05 00:24:49.070628+05:30,95,5.48,SPEED_BELOW_10,2026-05-05 00:24:50.668526+05:30
6984,J3_TOWN_HALL,2026-05-05 00:24:46.959899+05:30,137,3.89,SPEED_BELOW_10,2026-05-05 00:24:50.668526+05:30
6989,J1_KOLLUPITIYA,2026-05-05 00:24:46.884723+05:30,92,4.93,SPEED_BELOW_10,2026-05-05 00:24:50.669047+05:30
6983,J2_BAMBALAPITIYA,2026-05-05 00:24:44.551977+05:30,110,3.87,SPEED_BELOW_10,2026-05-05 00:24:50.668555+05:30
6988,J4_BORELLA,2026-05-05 00:24:43.870646+05:30,146,8.56,SPEED_BELOW_10,2026-05-05 00:24:50.669047+05:30
6987,J4_BORELLA,2026-05-05 00:24:42.873378+05:30,119,5.99,SPEED_BELOW_10,2026-05-05 00:24:50.669047+05:30
6985,J1_KOLLUPITIYA,2026-05-05 00:24:41.530974+05:30,147,7.45,SPEED_BELOW_10,2026-05-05 00:24:50.669047+05:30
6975,J3_TOWN_HALL,2026-05-05 00:24:39.836251+05:30,125,8.49,SPEED_BELOW_10,2026-05-05 00:24:40.573468+05:30
6982,J2_BAMBALAPITIYA,2026-05-05 00:24:38.505360+05:30,128,9.06,SPEED_BELOW_10,2026-05-05 00:24:40.589504+05:30
6981,J2_BAMBALAPITIYA,2026-05-05 00:24:36.813615+05:30,121,3.19,SPEED_BELOW_10,2026-05-05 00:24:40.589504+05:30
6979,J1_KOLLUPITIYA,2026-05-05 00:24:36.488318+05:30,137,5.76,SPEED_BELOW_10,2026-05-05 00:24:40.586170+05:30
6978,J1_KOLLUPITIYA,2026-05-05 00:24:35.482259+05:30,141,3.99,SPEED_BELOW_10,2026-05-05 00:24:40.586170+05:30
6977,J1_KOLLUPITIYA,2026-05-05 00:24:33.814180+05:30,108,4.57,SPEED_BELOW_10,2026-05-05 00:24:40.586170+05:30
6980,J2_BAMBALAPITIYA,2026-05-05 00:24:32.465524+05:30,115,4.82,SPEED_BELOW_10,2026-05-05 00:24:40.589504+05:30
6976,J1_KOLLUPITIYA,2026-05-05 00:24:30.790705+05:30,98,7.68,SPEED_BELOW_10,2026-05-05 00:24:40.586170+05:30
6974,J3_TOWN_HALL,2026-05-05 00:24:25.758369+05:30,95,8.89,SPEED_BELOW_10,2026-05-05 00:24:30.512032+05:30
6973,J1_KOLLUPITIYA,2026-05-05 00:24:24.749635+05:30,149,8.21,SPEED_BELOW_10,2026-05-05 00:24:30.499165+05:30
6971,J2_BAMBALAPITIYA,2026-05-05 00:24:23.723531+05:30,134,6.27,SPEED_BELOW_10,2026-05-05 00:24:30.491461+05:30
6972,J4_BORELLA,2026-05-05 00:24:20.701004+05:30,139,3.05,SPEED_BELOW_10,2026-05-05 00:24:30.499165+05:30
6970,J4_BORELLA,2026-05-05 00:24:15.673764+05:30,141,2.82,SPEED_BELOW_10,2026-05-05 00:24:20.447560+05:30
6969,J4_BORELLA,2026-05-05 00:24:14.695308+05:30,131,2.11,SPEED_BELOW_10,2026-05-05 00:24:20.447560+05:30
6968,J1_KOLLUPITIYA,2026-05-05 00:24:12.360749+05:30,123,2.78,SPEED_BELOW_10,2026-05-05 00:24:20.447560+05:30
6967,J1_KOLLUPITIYA,2026-05-05 00:24:08.336861+05:30,125,6.81,SPEED_BELOW_10,2026-05-05 00:24:10.388961+05:30
6965,J2_BAMBALAPITIYA,2026-05-05 00:23:59.279831+05:30,103,6.89,SPEED_BELOW_10,2026-05-05 00:24:00.347993+05:30
6964,J2_BAMBALAPITIYA,2026-05-05 00:23:58.270132+05:30,110,6.53,SPEED_BELOW_10,2026-05-05 00:24:00.347993+05:30
6963,J1_KOLLUPITIYA,2026-05-05 00:23:55.248617+05:30,121,9.32,SPEED_BELOW_10,2026-05-05 00:24:00.347965+05:30
6966,J3_TOWN_HALL,2026-05-05 00:23:53.508478+05:30,131,6.73,SPEED_BELOW_10,2026-05-05 00:24:00.350667+05:30
6961,J4_BORELLA,2026-05-05 00:23:48.470537+05:30,96,6.78,SPEED_BELOW_10,2026-05-05 00:23:50.255890+05:30
6962,J2_BAMBALAPITIYA,2026-05-05 00:23:47.452942+05:30,121,6.51,SPEED_BELOW_10,2026-05-05 00:23:50.261904+05:30
6960,J4_BORELLA,2026-05-05 00:23:45.180384+05:30,96,8.89,SPEED_BELOW_10,2026-05-05 00:23:50.255890+05:30
6959,J4_BORELLA,2026-05-05 00:23:38.137428+05:30,144,5.57,SPEED_BELOW_10,2026-05-05 00:23:40.207293+05:30
6957,J2_BAMBALAPITIYA,2026-05-05 00:23:36.382421+05:30,114,3.31,SPEED_BELOW_10,2026-05-05 00:23:40.200116+05:30
6958,J3_TOWN_HALL,2026-05-05 00:23:35.371123+05:30,102,4.30,SPEED_BELOW_10,2026-05-05 00:23:40.204919+05:30
6956,J2_BAMBALAPITIYA,2026-05-05 00:23:35.369853+05:30,99,9.19,SPEED_BELOW_10,2026-05-05 00:23:40.200116+05:30
6955,J2_BAMBALAPITIYA,2026-05-05 00:23:32.350593+05:30,92,3.02,SPEED_BELOW_10,2026-05-05 00:23:40.200116+05:30
6953,J4_BORELLA,2026-05-05 00:23:25.299059+05:30,121,8.25,SPEED_BELOW_10,2026-05-05 00:23:30.382049+05:30
6952,J1_KOLLUPITIYA,2026-05-05 00:23:24.292831+05:30,103,3.94,SPEED_BELOW_10,2026-05-05 00:23:30.382049+05:30
6954,J3_TOWN_HALL,2026-05-05 00:23:23.287890+05:30,93,8.88,SPEED_BELOW_10,2026-05-05 00:23:30.384500+05:30
6947,J2_BAMBALAPITIYA,2026-05-05 00:23:22.281335+05:30,92,2.61,SPEED_BELOW_10,2026-05-05 00:23:30.377649+05:30
6951,J4_BORELLA,2026-05-05 00:23:22.276399+05:30,143,5.22,SPEED_BELOW_10,2026-05-05 00:23:30.382049+05:30
6950,J4_BORELLA,2026-05-05 00:23:21.276092+05:30,104,4.11,SPEED_BELOW_10,2026-05-05 00:23:30.382049+05:30
6949,J1_KOLLUPITIYA,2026-05-05 00:23:21.272600+05:30,148,8.51,SPEED_BELOW_10,2026-05-05 00:23:30.382049+05:30
6948,J4_BORELLA,2026-05-05 00:23:21.271966+05:30,145,5.25,SPEED_BELOW_10,2026-05-05 00:23:30.382049+05:30
6946,J3_TOWN_HALL,2026-05-05 00:23:19.252321+05:30,96,4.38,SPEED_BELOW_10,2026-05-05 00:23:20.314297+05:30
6939,J2_BAMBALAPITIYA,2026-05-05 00:23:19.250256+05:30,123,4.82,SPEED_BELOW_10,2026-05-05 00:23:20.304428+05:30
6943,J4_BORELLA,2026-05-05 00:23:19.248855+05:30,120,2.43,SPEED_BELOW_10,2026-05-05 00:23:20.313550+05:30
6942,J4_BORELLA,2026-05-05 00:23:18.235778+05:30,130,7.24,SPEED_BELOW_10,2026-05-05 00:23:20.313550+05:30
6945,J3_TOWN_HALL,2026-05-05 00:23:18.020483+05:30,113,4.09,SPEED_BELOW_10,2026-05-05 00:23:20.314297+05:30
6944,J3_TOWN_HALL,2026-05-05 00:23:15.207126+05:30,137,8.32,SPEED_BELOW_10,2026-05-05 00:23:20.314297+05:30
6941,J4_BORELLA,2026-05-05 00:23:14.198454+05:30,108,5.54,SPEED_BELOW_10,2026-05-05 00:23:20.313550+05:30
6940,J1_KOLLUPITIYA,2026-05-05 00:23:14.178000+05:30,124,7.59,SPEED_BELOW_10,2026-05-05 00:23:20.313550+05:30
6938,J2_BAMBALAPITIYA,2026-05-05 00:23:12.978878+05:30,125,3.93,SPEED_BELOW_10,2026-05-05 00:23:20.304428+05:30
6937,J2_BAMBALAPITIYA,2026-05-05 00:23:10.965537+05:30,147,6.39,SPEED_BELOW_10,2026-05-05 00:23:20.304428+05:30
6936,J2_BAMBALAPITIYA,2026-05-05 00:23:09.045380+05:30,125,7.57,SPEED_BELOW_10,2026-05-05 00:23:10.759913+05:30
6935,J2_BAMBALAPITIYA,2026-05-05 00:23:08.037276+05:30,90,3.65,SPEED_BELOW_10,2026-05-05 00:23:10.759913+05:30
6932,J3_TOWN_HALL,2026-05-05 00:23:06.943895+05:30,96,3.52,SPEED_BELOW_10,2026-05-05 00:23:10.757371+05:30
6934,J2_BAMBALAPITIYA,2026-05-05 00:23:01.897510+05:30,103,9.12,SPEED_BELOW_10,2026-05-05 00:23:10.759913+05:30
6931,J1_KOLLUPITIYA,2026-05-05 00:23:00.993788+05:30,142,4.02,SPEED_BELOW_10,2026-05-05 00:23:10.753497+05:30
6933,J2_BAMBALAPITIYA,2026-05-05 00:23:00.874575+05:30,116,8.73,SPEED_BELOW_10,2026-05-05 00:23:10.759913+05:30
6926,J4_BORELLA,2026-05-05 00:22:58.989741+05:30,98,9.45,SPEED_BELOW_10,2026-05-05 00:23:00.761604+05:30
6929,J2_BAMBALAPITIYA,2026-05-05 00:22:56.975651+05:30,132,5.00,SPEED_BELOW_10,2026-05-05 00:23:00.762408+05:30
6925,J1_KOLLUPITIYA,2026-05-05 00:22:56.973840+05:30,119,3.50,SPEED_BELOW_10,2026-05-05 00:23:00.761604+05:30
6924,J4_BORELLA,2026-05-05 00:22:56.970693+05:30,126,8.31,SPEED_BELOW_10,2026-05-05 00:23:00.761604+05:30
6930,J3_TOWN_HALL,2026-05-05 00:22:55.968912+05:30,90,8.10,SPEED_BELOW_10,2026-05-05 00:23:00.763692+05:30
6927,J2_BAMBALAPITIYA,2026-05-05 00:22:52.943971+05:30,150,8.50,SPEED_BELOW_10,2026-05-05 00:23:00.762408+05:30
6928,J3_TOWN_HALL,2026-05-05 00:22:52.940675+05:30,143,7.06,SPEED_BELOW_10,2026-05-05 00:23:00.763692+05:30
6923,J1_KOLLUPITIYA,2026-05-05 00:22:50.922527+05:30,105,8.90,SPEED_BELOW_10,2026-05-05 00:23:00.761604+05:30
6922,J4_BORELLA,2026-05-05 00:22:47.906493+05:30,150,3.32,SPEED_BELOW_10,2026-05-05 00:22:50.695143+05:30
6921,J1_KOLLUPITIYA,2026-05-05 00:22:45.764848+05:30,103,3.55,SPEED_BELOW_10,2026-05-05 00:22:50.695143+05:30
6920,J1_KOLLUPITIYA,2026-05-05 00:22:40.875296+05:30,147,9.75,SPEED_BELOW_10,2026-05-05 00:22:50.695143+05:30
6917,J2_BAMBALAPITIYA,2026-05-05 00:22:39.728683+05:30,144,9.75,SPEED_BELOW_10,2026-05-05 00:22:40.690710+05:30
6919,J4_BORELLA,2026-05-05 00:22:36.712843+05:30,136,6.58,SPEED_BELOW_10,2026-05-05 00:22:40.690630+05:30
6918,J1_KOLLUPITIYA,2026-05-05 00:22:35.837301+05:30,142,9.61,SPEED_BELOW_10,2026-05-05 00:22:40.690630+05:30
6915,J4_BORELLA,2026-05-05 00:22:32.686930+05:30,99,8.53,SPEED_BELOW_10,2026-05-05 00:22:40.690630+05:30
6916,J2_BAMBALAPITIYA,2026-05-05 00:22:30.818370+05:30,125,6.20,SPEED_BELOW_10,2026-05-05 00:22:40.690710+05:30
6914,J2_BAMBALAPITIYA,2026-05-05 00:22:30.806372+05:30,136,5.33,SPEED_BELOW_10,2026-05-05 00:22:40.690710+05:30
6913,J1_KOLLUPITIYA,2026-05-05 00:22:30.804668+05:30,100,8.85,SPEED_BELOW_10,2026-05-05 00:22:40.690630+05:30
6910,J1_KOLLUPITIYA,2026-05-05 00:22:29.798413+05:30,105,6.83,SPEED_BELOW_10,2026-05-05 00:22:30.699899+05:30
6912,J2_BAMBALAPITIYA,2026-05-05 00:22:27.799351+05:30,132,2.92,SPEED_BELOW_10,2026-05-05 00:22:30.701682+05:30
6909,J4_BORELLA,2026-05-05 00:22:27.639783+05:30,144,3.87,SPEED_BELOW_10,2026-05-05 00:22:30.699899+05:30
6911,J3_TOWN_HALL,2026-05-05 00:22:25.771965+05:30,107,5.44,SPEED_BELOW_10,2026-05-05 00:22:30.701823+05:30
6908,J1_KOLLUPITIYA,2026-05-05 00:22:25.768062+05:30,134,5.56,SPEED_BELOW_10,2026-05-05 00:22:30.699899+05:30
6907,J1_KOLLUPITIYA,2026-05-05 00:22:24.780206+05:30,116,3.47,SPEED_BELOW_10,2026-05-05 00:22:30.699899+05:30
6906,J4_BORELLA,2026-05-05 00:22:24.621917+05:30,109,2.73,SPEED_BELOW_10,2026-05-05 00:22:30.699899+05:30
6905,J1_KOLLUPITIYA,2026-05-05 00:22:22.750662+05:30,106,2.77,SPEED_BELOW_10,2026-05-05 00:22:30.699899+05:30
6904,J4_BORELLA,2026-05-05 00:22:20.748699+05:30,96,6.10,SPEED_BELOW_10,2026-05-05 00:22:30.699899+05:30
6903,J3_TOWN_HALL,2026-05-05 00:22:18.720200+05:30,99,2.01,SPEED_BELOW_10,2026-05-05 00:22:20.705600+05:30
6900,J2_BAMBALAPITIYA,2026-05-05 00:22:18.709595+05:30,137,2.89,SPEED_BELOW_10,2026-05-05 00:22:20.702130+05:30
6902,J3_TOWN_HALL,2026-05-05 00:22:16.525418+05:30,115,5.74,SPEED_BELOW_10,2026-05-05 00:22:20.705600+05:30
6899,J1_KOLLUPITIYA,2026-05-05 00:22:15.519694+05:30,139,7.03,SPEED_BELOW_10,2026-05-05 00:22:20.621132+05:30
6901,J3_TOWN_HALL,2026-05-05 00:22:12.652401+05:30,133,7.46,SPEED_BELOW_10,2026-05-05 00:22:20.705600+05:30
6898,J1_KOLLUPITIYA,2026-05-05 00:22:11.495206+05:30,104,2.46,SPEED_BELOW_10,2026-05-05 00:22:20.621132+05:30
6897,J4_BORELLA,2026-05-05 00:22:10.482512+05:30,129,8.97,SPEED_BELOW_10,2026-05-05 00:22:20.621132+05:30
6894,J2_BAMBALAPITIYA,2026-05-05 00:22:07.615401+05:30,109,8.29,SPEED_BELOW_10,2026-05-05 00:22:10.579569+05:30
6893,J2_BAMBALAPITIYA,2026-05-05 00:22:06.609296+05:30,113,6.56,SPEED_BELOW_10,2026-05-05 00:22:10.579569+05:30
6896,J1_KOLLUPITIYA,2026-05-05 00:22:02.576144+05:30,139,7.18,SPEED_BELOW_10,2026-05-05 00:22:10.581752+05:30
6892,J2_BAMBALAPITIYA,2026-05-05 00:22:00.557151+05:30,144,8.72,SPEED_BELOW_10,2026-05-05 00:22:10.579569+05:30
6895,J4_BORELLA,2026-05-05 00:22:00.394514+05:30,144,6.51,SPEED_BELOW_10,2026-05-05 00:22:10.581752+05:30
6891,J1_KOLLUPITIYA,2026-05-05 00:21:59.384207+05:30,148,6.55,SPEED_BELOW_10,2026-05-05 00:22:00.446710+05:30
6890,J1_KOLLUPITIYA,2026-05-05 00:21:55.363648+05:30,101,2.75,SPEED_BELOW_10,2026-05-05 00:22:00.446710+05:30
6889,J4_BORELLA,2026-05-05 00:21:54.512511+05:30,131,9.58,SPEED_BELOW_10,2026-05-05 00:22:00.446710+05:30
6888,J1_KOLLUPITIYA,2026-05-05 00:21:52.345264+05:30,142,9.67,SPEED_BELOW_10,2026-05-05 00:22:00.446710+05:30
6886,J2_BAMBALAPITIYA,2026-05-05 00:21:51.494108+05:30,136,3.89,SPEED_BELOW_10,2026-05-05 00:22:00.439421+05:30
6885,J2_BAMBALAPITIYA,2026-05-05 00:21:51.490329+05:30,127,5.62,SPEED_BELOW_10,2026-05-05 00:22:00.439421+05:30
6887,J1_KOLLUPITIYA,2026-05-05 00:21:51.487494+05:30,122,6.28,SPEED_BELOW_10,2026-05-05 00:22:00.446710+05:30
6884,J3_TOWN_HALL,2026-05-05 00:21:44.448445+05:30,129,3.91,SPEED_BELOW_10,2026-05-05 00:21:50.384974+05:30
6883,J1_KOLLUPITIYA,2026-05-05 00:21:44.448135+05:30,93,9.04,SPEED_BELOW_10,2026-05-05 00:21:50.380793+05:30
6882,J1_KOLLUPITIYA,2026-05-05 00:21:40.420917+05:30,95,7.13,SPEED_BELOW_10,2026-05-05 00:21:50.380793+05:30
6881,J3_TOWN_HALL,2026-05-05 00:21:39.415852+05:30,109,4.96,SPEED_BELOW_10,2026-05-05 00:21:40.330663+05:30
6879,J4_BORELLA,2026-05-05 00:21:35.394700+05:30,105,3.37,SPEED_BELOW_10,2026-05-05 00:21:40.325557+05:30
6880,J2_BAMBALAPITIYA,2026-05-05 00:21:34.384375+05:30,102,3.19,SPEED_BELOW_10,2026-05-05 00:21:40.329971+05:30
6878,J4_BORELLA,2026-05-05 00:21:34.384168+05:30,114,7.45,SPEED_BELOW_10,2026-05-05 00:21:40.325557+05:30
6877,J1_KOLLUPITIYA,2026-05-05 00:21:32.237412+05:30,95,7.86,SPEED_BELOW_10,2026-05-05 00:21:40.325557+05:30
6876,J1_KOLLUPITIYA,2026-05-05 00:21:30.362204+05:30,109,5.10,SPEED_BELOW_10,2026-05-05 00:21:40.325557+05:30
6875,J3_TOWN_HALL,2026-05-05 00:21:29.354957+05:30,109,2.35,SPEED_BELOW_10,2026-05-05 00:21:30.265558+05:30
6874,J1_KOLLUPITIYA,2026-05-05 00:21:29.350602+05:30,150,4.06,SPEED_BELOW_10,2026-05-05 00:21:30.230645+05:30
6873,J1_KOLLUPITIYA,2026-05-05 00:21:23.278152+05:30,108,3.10,SPEED_BELOW_10,2026-05-05 00:21:30.230645+05:30
6872,J4_BORELLA,2026-05-05 00:21:20.145509+05:30,138,5.73,SPEED_BELOW_10,2026-05-05 00:21:30.230645+05:30
6868,J4_BORELLA,2026-05-05 00:21:18.904539+05:30,124,9.84,SPEED_BELOW_10,2026-05-05 00:21:21.218778+05:30
6871,J3_TOWN_HALL,2026-05-05 00:21:18.695810+05:30,110,4.26,SPEED_BELOW_10,2026-05-05 00:21:21.242793+05:30
6867,J1_KOLLUPITIYA,2026-05-05 00:21:17.702698+05:30,140,7.83,SPEED_BELOW_10,2026-05-05 00:21:21.218778+05:30
6866,J1_KOLLUPITIYA,2026-05-05 00:21:13.580607+05:30,112,2.39,SPEED_BELOW_10,2026-05-05 00:21:21.218778+05:30
6870,J2_BAMBALAPITIYA,2026-05-05 00:21:13.272610+05:30,104,9.82,SPEED_BELOW_10,2026-05-05 00:21:21.224383+05:30
6869,J2_BAMBALAPITIYA,2026-05-05 00:21:12.071792+05:30,140,5.49,SPEED_BELOW_10,2026-05-05 00:21:21.224383+05:30
6865,J2_BAMBALAPITIYA,2026-05-05 00:21:08.459740+05:30,118,3.87,SPEED_BELOW_10,2026-05-05 00:21:10.324300+05:30
6864,J1_KOLLUPITIYA,2026-05-05 00:21:08.241846+05:30,149,5.92,SPEED_BELOW_10,2026-05-05 00:21:10.316582+05:30
6863,J1_KOLLUPITIYA,2026-05-05 00:21:08.038709+05:30,142,8.31,SPEED_BELOW_10,2026-05-05 00:21:10.316582+05:30
6862,J1_KOLLUPITIYA,2026-05-05 00:21:07.235933+05:30,137,4.06,SPEED_BELOW_10,2026-05-05 00:21:10.316582+05:30
6861,J3_TOWN_HALL,2026-05-05 00:21:03.430682+05:30,150,3.62,SPEED_BELOW_10,2026-05-05 00:21:10.307525+05:30
6859,J3_TOWN_HALL,2026-05-05 00:20:57.389040+05:30,106,5.66,SPEED_BELOW_10,2026-05-05 00:21:00.479321+05:30
6858,J3_TOWN_HALL,2026-05-05 00:20:54.931212+05:30,112,8.80,SPEED_BELOW_10,2026-05-05 00:21:00.479321+05:30
6860,J2_BAMBALAPITIYA,2026-05-05 00:20:54.929625+05:30,126,6.52,SPEED_BELOW_10,2026-05-05 00:21:00.491479+05:30
6857,J1_KOLLUPITIYA,2026-05-05 00:20:54.152621+05:30,125,2.51,SPEED_BELOW_10,2026-05-05 00:21:00.476306+05:30
6854,J2_BAMBALAPITIYA,2026-05-05 00:20:49.340848+05:30,113,3.76,SPEED_BELOW_10,2026-05-05 00:20:50.176028+05:30
6853,J2_BAMBALAPITIYA,2026-05-05 00:20:48.893036+05:30,99,8.32,SPEED_BELOW_10,2026-05-05 00:20:50.176028+05:30
6856,J4_BORELLA,2026-05-05 00:20:45.220382+05:30,144,8.10,SPEED_BELOW_10,2026-05-05 00:20:50.179885+05:30
6852,J2_BAMBALAPITIYA,2026-05-05 00:20:42.860725+05:30,121,2.30,SPEED_BELOW_10,2026-05-05 00:20:50.176028+05:30
6855,J1_KOLLUPITIYA,2026-05-05 00:20:40.847591+05:30,99,2.58,SPEED_BELOW_10,2026-05-05 00:20:50.179885+05:30
6848,J1_KOLLUPITIYA,2026-05-05 00:20:36.821678+05:30,135,5.57,SPEED_BELOW_10,2026-05-05 00:20:40.228283+05:30
6847,J4_BORELLA,2026-05-05 00:20:34.811144+05:30,97,7.58,SPEED_BELOW_10,2026-05-05 00:20:40.228283+05:30
6850,J3_TOWN_HALL,2026-05-05 00:20:33.804154+05:30,146,3.29,SPEED_BELOW_10,2026-05-05 00:20:40.233649+05:30
6849,J3_TOWN_HALL,2026-05-05 00:20:33.139357+05:30,108,9.89,SPEED_BELOW_10,2026-05-05 00:20:40.233649+05:30
6851,J2_BAMBALAPITIYA,2026-05-05 00:20:30.001376+05:30,92,5.04,SPEED_BELOW_10,2026-05-05 00:20:40.692672+05:30
6842,J1_KOLLUPITIYA,2026-05-05 00:20:28.748448+05:30,126,8.64,SPEED_BELOW_10,2026-05-05 00:20:30.687665+05:30
6846,J3_TOWN_HALL,2026-05-05 00:20:27.742939+05:30,138,7.62,SPEED_BELOW_10,2026-05-05 00:20:30.689840+05:30
6841,J1_KOLLUPITIYA,2026-05-05 00:20:26.982333+05:30,93,9.36,SPEED_BELOW_10,2026-05-05 00:20:30.687665+05:30
6845,J3_TOWN_HALL,2026-05-05 00:20:23.720384+05:30,99,9.57,SPEED_BELOW_10,2026-05-05 00:20:30.689840+05:30
6844,J3_TOWN_HALL,2026-05-05 00:20:22.075836+05:30,145,3.05,SPEED_BELOW_10,2026-05-05 00:20:30.689840+05:30
6843,J3_TOWN_HALL,2026-05-05 00:20:21.956183+05:30,136,7.70,SPEED_BELOW_10,2026-05-05 00:20:30.689840+05:30
6840,J2_BAMBALAPITIYA,2026-05-05 00:20:21.953789+05:30,103,4.02,SPEED_BELOW_10,2026-05-05 00:20:30.685640+05:30
6839,J2_BAMBALAPITIYA,2026-05-05 00:20:20.695736+05:30,116,2.52,SPEED_BELOW_10,2026-05-05 00:20:30.685640+05:30
6838,J3_TOWN_HALL,2026-05-05 00:20:18.052692+05:30,99,8.04,SPEED_BELOW_10,2026-05-05 00:20:20.696838+05:30
6834,J4_BORELLA,2026-05-05 00:20:16.044027+05:30,107,5.34,SPEED_BELOW_10,2026-05-05 00:20:20.689204+05:30
6837,J3_TOWN_HALL,2026-05-05 00:20:13.895496+05:30,120,5.53,SPEED_BELOW_10,2026-05-05 00:20:20.696838+05:30
6836,J3_TOWN_HALL,2026-05-05 00:20:13.025077+05:30,122,8.06,SPEED_BELOW_10,2026-05-05 00:20:20.696838+05:30
6835,J3_TOWN_HALL,2026-05-05 00:20:10.633044+05:30,105,3.92,SPEED_BELOW_10,2026-05-05 00:20:20.696838+05:30
6833,J4_BORELLA,2026-05-05 00:20:10.011578+05:30,135,9.87,SPEED_BELOW_10,2026-05-05 00:20:20.689204+05:30
6832,J1_KOLLUPITIYA,2026-05-05 00:20:09.871658+05:30,109,9.14,SPEED_BELOW_10,2026-05-05 00:20:10.675676+05:30
6829,J3_TOWN_HALL,2026-05-05 00:20:07.996015+05:30,118,8.63,SPEED_BELOW_10,2026-05-05 00:20:10.675787+05:30
6831,J4_BORELLA,2026-05-05 00:20:07.863107+05:30,129,6.79,SPEED_BELOW_10,2026-05-05 00:20:10.675676+05:30
6830,J1_KOLLUPITIYA,2026-05-05 00:20:00.953212+05:30,127,5.65,SPEED_BELOW_10,2026-05-05 00:20:10.675676+05:30
6828,J1_KOLLUPITIYA,2026-05-05 00:19:58.740704+05:30,149,4.18,SPEED_BELOW_10,2026-05-05 00:20:00.607210+05:30
6823,J3_TOWN_HALL,2026-05-05 00:19:55.836877+05:30,90,7.69,SPEED_BELOW_10,2026-05-05 00:20:00.602594+05:30
6827,J1_KOLLUPITIYA,2026-05-05 00:19:55.428866+05:30,119,8.99,SPEED_BELOW_10,2026-05-05 00:20:00.607210+05:30
6826,J4_BORELLA,2026-05-05 00:19:54.831919+05:30,102,6.93,SPEED_BELOW_10,2026-05-05 00:20:00.607210+05:30
6822,J3_TOWN_HALL,2026-05-05 00:19:54.714397+05:30,115,6.46,SPEED_BELOW_10,2026-05-05 00:20:00.602594+05:30
6825,J2_BAMBALAPITIYA,2026-05-05 00:19:54.423058+05:30,144,8.50,SPEED_BELOW_10,2026-05-05 00:20:00.604688+05:30
6821,J3_TOWN_HALL,2026-05-05 00:19:53.708905+05:30,115,6.34,SPEED_BELOW_10,2026-05-05 00:20:00.602594+05:30
6824,J2_BAMBALAPITIYA,2026-05-05 00:19:52.409334+05:30,132,6.59,SPEED_BELOW_10,2026-05-05 00:20:00.604688+05:30
6820,J3_TOWN_HALL,2026-05-05 00:19:50.813643+05:30,136,4.32,SPEED_BELOW_10,2026-05-05 00:20:00.602594+05:30
6817,J3_TOWN_HALL,2026-05-05 00:19:48.382879+05:30,96,4.68,SPEED_BELOW_10,2026-05-05 00:19:50.445919+05:30
6816,J3_TOWN_HALL,2026-05-05 00:19:43.756244+05:30,148,6.86,SPEED_BELOW_10,2026-05-05 00:19:50.445919+05:30
6819,J2_BAMBALAPITIYA,2026-05-05 00:19:41.335165+05:30,126,2.97,SPEED_BELOW_10,2026-05-05 00:19:50.445760+05:30
6818,J2_BAMBALAPITIYA,2026-05-05 00:19:40.632832+05:30,97,8.12,SPEED_BELOW_10,2026-05-05 00:19:50.445760+05:30
6815,J1_KOLLUPITIYA,2026-05-05 00:19:36.697379+05:30,109,8.59,SPEED_BELOW_10,2026-05-05 00:19:40.381708+05:30
6811,J2_BAMBALAPITIYA,2026-05-05 00:19:36.602212+05:30,142,8.41,SPEED_BELOW_10,2026-05-05 00:19:40.377218+05:30
6814,J4_BORELLA,2026-05-05 00:19:35.692400+05:30,96,9.40,SPEED_BELOW_10,2026-05-05 00:19:40.381708+05:30
6813,J1_KOLLUPITIYA,2026-05-05 00:19:35.688309+05:30,104,8.35,SPEED_BELOW_10,2026-05-05 00:19:40.381708+05:30
6812,J1_KOLLUPITIYA,2026-05-05 00:19:35.590631+05:30,103,3.22,SPEED_BELOW_10,2026-05-05 00:19:40.381708+05:30
6810,J3_TOWN_HALL,2026-05-05 00:19:30.134804+05:30,100,7.24,SPEED_BELOW_10,2026-05-05 00:19:40.336608+05:30
6807,J4_BORELLA,2026-05-05 00:19:24.530723+05:30,123,7.41,SPEED_BELOW_10,2026-05-05 00:19:30.181601+05:30
6808,J2_BAMBALAPITIYA,2026-05-05 00:19:23.518764+05:30,147,5.51,SPEED_BELOW_10,2026-05-05 00:19:30.186666+05:30
6809,J3_TOWN_HALL,2026-05-05 00:19:22.587012+05:30,105,4.97,SPEED_BELOW_10,2026-05-05 00:19:30.206619+05:30
6806,J4_BORELLA,2026-05-05 00:19:22.096024+05:30,129,2.91,SPEED_BELOW_10,2026-05-05 00:19:30.181601+05:30
6805,J4_BORELLA,2026-05-05 00:19:21.580915+05:30,110,8.04,SPEED_BELOW_10,2026-05-05 00:19:30.181601+05:30
6803,J4_BORELLA,2026-05-05 00:19:19.567344+05:30,91,4.46,SPEED_BELOW_10,2026-05-05 00:19:20.504219+05:30
6802,J1_KOLLUPITIYA,2026-05-05 00:19:17.544732+05:30,109,4.95,SPEED_BELOW_10,2026-05-05 00:19:20.504219+05:30
6804,J2_BAMBALAPITIYA,2026-05-05 00:19:17.061428+05:30,148,9.90,SPEED_BELOW_10,2026-05-05 00:19:20.552834+05:30
6801,J1_KOLLUPITIYA,2026-05-05 00:19:15.046477+05:30,144,8.25,SPEED_BELOW_10,2026-05-05 00:19:20.504219+05:30
6800,J1_KOLLUPITIYA,2026-05-05 00:19:14.529309+05:30,116,8.58,SPEED_BELOW_10,2026-05-05 00:19:20.504219+05:30
6799,J1_KOLLUPITIYA,2026-05-05 00:19:10.426822+05:30,114,8.12,SPEED_BELOW_10,2026-05-05 00:19:20.504219+05:30
6798,J1_KOLLUPITIYA,2026-05-05 00:19:08.957255+05:30,91,2.46,SPEED_BELOW_10,2026-05-05 00:19:10.494903+05:30
6797,J4_BORELLA,2026-05-05 00:19:02.378447+05:30,138,3.54,SPEED_BELOW_10,2026-05-05 00:19:10.494903+05:30
6796,J1_KOLLUPITIYA,2026-05-05 00:19:01.365741+05:30,93,6.95,SPEED_BELOW_10,2026-05-05 00:19:10.494903+05:30
6791,J3_TOWN_HALL,2026-05-05 00:18:59.316885+05:30,120,7.51,SPEED_BELOW_10,2026-05-05 00:19:00.476546+05:30
6790,J3_TOWN_HALL,2026-05-05 00:18:55.746233+05:30,132,7.17,SPEED_BELOW_10,2026-05-05 00:19:00.476546+05:30
6795,J4_BORELLA,2026-05-05 00:18:55.357160+05:30,109,3.00,SPEED_BELOW_10,2026-05-05 00:19:00.497337+05:30
6794,J4_BORELLA,2026-05-05 00:18:55.267257+05:30,115,7.06,SPEED_BELOW_10,2026-05-05 00:19:00.497337+05:30
6789,J3_TOWN_HALL,2026-05-05 00:18:54.738142+05:30,130,9.68,SPEED_BELOW_10,2026-05-05 00:19:00.476546+05:30
6792,J2_BAMBALAPITIYA,2026-05-05 00:18:53.254710+05:30,91,6.34,SPEED_BELOW_10,2026-05-05 00:19:00.482580+05:30
6788,J3_TOWN_HALL,2026-05-05 00:18:52.339229+05:30,130,5.96,SPEED_BELOW_10,2026-05-05 00:19:00.476546+05:30
6793,J1_KOLLUPITIYA,2026-05-05 00:18:52.335092+05:30,133,9.74,SPEED_BELOW_10,2026-05-05 00:19:00.497337+05:30
6786,J4_BORELLA,2026-05-05 00:18:48.700019+05:30,122,6.37,SPEED_BELOW_10,2026-05-05 00:18:50.285690+05:30
6787,J3_TOWN_HALL,2026-05-05 00:18:48.222922+05:30,93,6.08,SPEED_BELOW_10,2026-05-05 00:18:50.286231+05:30
6785,J1_KOLLUPITIYA,2026-05-05 00:18:47.685649+05:30,113,2.39,SPEED_BELOW_10,2026-05-05 00:18:50.285690+05:30
6783,J3_TOWN_HALL,2026-05-05 00:18:47.217654+05:30,116,5.95,SPEED_BELOW_10,2026-05-05 00:18:50.286231+05:30
6784,J1_KOLLUPITIYA,2026-05-05 00:18:46.210933+05:30,109,6.07,SPEED_BELOW_10,2026-05-05 00:18:50.285690+05:30
6782,J1_KOLLUPITIYA,2026-05-05 00:18:44.284194+05:30,121,3.83,SPEED_BELOW_10,2026-05-05 00:18:50.285690+05:30
6780,J2_BAMBALAPITIYA,2026-05-05 00:18:42.275438+05:30,136,3.43,SPEED_BELOW_10,2026-05-05 00:18:50.285511+05:30
6781,J4_BORELLA,2026-05-05 00:18:41.656154+05:30,147,5.44,SPEED_BELOW_10,2026-05-05 00:18:50.285690+05:30
6779,J2_BAMBALAPITIYA,2026-05-05 00:18:39.257703+05:30,128,3.61,SPEED_BELOW_10,2026-05-05 00:18:40.269114+05:30
6772,J1_KOLLUPITIYA,2026-05-05 00:18:36.151702+05:30,106,7.24,SPEED_BELOW_10,2026-05-05 00:18:40.219776+05:30
6778,J2_BAMBALAPITIYA,2026-05-05 00:18:34.217284+05:30,96,8.30,SPEED_BELOW_10,2026-05-05 00:18:40.269114+05:30
6774,J3_TOWN_HALL,2026-05-05 00:18:33.604044+05:30,138,3.96,SPEED_BELOW_10,2026-05-05 00:18:40.219593+05:30
6777,J2_BAMBALAPITIYA,2026-05-05 00:18:33.600144+05:30,93,2.56,SPEED_BELOW_10,2026-05-05 00:18:40.269114+05:30
6773,J3_TOWN_HALL,2026-05-05 00:18:32.205370+05:30,102,2.78,SPEED_BELOW_10,2026-05-05 00:18:40.219593+05:30
6776,J2_BAMBALAPITIYA,2026-05-05 00:18:32.130444+05:30,98,2.87,SPEED_BELOW_10,2026-05-05 00:18:40.269114+05:30
6775,J2_BAMBALAPITIYA,2026-05-05 00:18:30.180400+05:30,121,3.41,SPEED_BELOW_10,2026-05-05 00:18:40.269114+05:30
6768,J3_TOWN_HALL,2026-05-05 00:18:28.529029+05:30,120,9.27,SPEED_BELOW_10,2026-05-05 00:18:30.660694+05:30
6765,J2_BAMBALAPITIYA,2026-05-05 00:18:27.520772+05:30,122,8.80,SPEED_BELOW_10,2026-05-05 00:18:30.597203+05:30
6771,J4_BORELLA,2026-05-05 00:18:25.916880+05:30,123,7.14,SPEED_BELOW_10,2026-05-05 00:18:30.663576+05:30
6770,J4_BORELLA,2026-05-05 00:18:23.903374+05:30,101,2.08,SPEED_BELOW_10,2026-05-05 00:18:30.663576+05:30
6767,J3_TOWN_HALL,2026-05-05 00:18:23.502552+05:30,116,4.24,SPEED_BELOW_10,2026-05-05 00:18:30.660694+05:30
6766,J3_TOWN_HALL,2026-05-05 00:18:21.492686+05:30,111,7.77,SPEED_BELOW_10,2026-05-05 00:18:30.660694+05:30
6769,J4_BORELLA,2026-05-05 00:18:20.884563+05:30,123,6.45,SPEED_BELOW_10,2026-05-05 00:18:30.663576+05:30
6764,J2_BAMBALAPITIYA,2026-05-05 00:18:20.084961+05:30,110,9.71,SPEED_BELOW_10,2026-05-05 00:18:30.597203+05:30
6763,J2_BAMBALAPITIYA,2026-05-05 00:18:18.472968+05:30,105,6.92,SPEED_BELOW_10,2026-05-05 00:18:20.533427+05:30
6761,J4_BORELLA,2026-05-05 00:18:17.865780+05:30,114,7.75,SPEED_BELOW_10,2026-05-05 00:18:20.490504+05:30
6762,J3_TOWN_HALL,2026-05-05 00:18:15.852643+05:30,99,7.84,SPEED_BELOW_10,2026-05-05 00:18:20.532628+05:30
6760,J1_KOLLUPITIYA,2026-05-05 00:18:12.038727+05:30,137,8.88,SPEED_BELOW_10,2026-05-05 00:18:20.490504+05:30
6759,J4_BORELLA,2026-05-05 00:18:10.823705+05:30,125,9.63,SPEED_BELOW_10,2026-05-05 00:18:20.490504+05:30
6758,J1_KOLLUPITIYA,2026-05-05 00:18:10.422464+05:30,135,3.16,SPEED_BELOW_10,2026-05-05 00:18:20.490504+05:30
6750,J2_BAMBALAPITIYA,2026-05-05 00:18:09.419411+05:30,95,3.63,SPEED_BELOW_10,2026-05-05 00:18:10.440725+05:30
6757,J4_BORELLA,2026-05-05 00:18:09.024412+05:30,97,4.07,SPEED_BELOW_10,2026-05-05 00:18:10.497236+05:30
6749,J2_BAMBALAPITIYA,2026-05-05 00:18:08.808216+05:30,93,5.34,SPEED_BELOW_10,2026-05-05 00:18:10.440725+05:30
6756,J1_KOLLUPITIYA,2026-05-05 00:18:06.793332+05:30,114,7.98,SPEED_BELOW_10,2026-05-05 00:18:10.497236+05:30
6755,J1_KOLLUPITIYA,2026-05-05 00:18:06.007000+05:30,149,4.55,SPEED_BELOW_10,2026-05-05 00:18:10.497236+05:30
6754,J4_BORELLA,2026-05-05 00:18:04.749500+05:30,144,2.33,SPEED_BELOW_10,2026-05-05 00:18:10.497236+05:30
6753,J1_KOLLUPITIYA,2026-05-05 00:18:03.218738+05:30,126,8.08,SPEED_BELOW_10,2026-05-05 00:18:10.497236+05:30
6751,J3_TOWN_HALL,2026-05-05 00:18:02.732382+05:30,146,4.66,SPEED_BELOW_10,2026-05-05 00:18:10.496936+05:30
6752,J1_KOLLUPITIYA,2026-05-05 00:18:02.730039+05:30,102,9.39,SPEED_BELOW_10,2026-05-05 00:18:10.497236+05:30
6748,J2_BAMBALAPITIYA,2026-05-05 00:18:02.213765+05:30,94,3.77,SPEED_BELOW_10,2026-05-05 00:18:10.440725+05:30
6747,J2_BAMBALAPITIYA,2026-05-05 00:18:00.706798+05:30,122,8.70,SPEED_BELOW_10,2026-05-05 00:18:10.440725+05:30
6746,J3_TOWN_HALL,2026-05-05 00:17:59.701759+05:30,133,2.23,SPEED_BELOW_10,2026-05-05 00:18:00.729682+05:30
6745,J3_TOWN_HALL,2026-05-05 00:17:57.653902+05:30,120,3.93,SPEED_BELOW_10,2026-05-05 00:18:00.729682+05:30
6744,J3_TOWN_HALL,2026-05-05 00:17:50.136951+05:30,101,4.02,SPEED_BELOW_10,2026-05-05 00:18:00.729682+05:30
6743,J1_KOLLUPITIYA,2026-05-05 00:17:48.913660+05:30,97,8.68,SPEED_BELOW_10,2026-05-05 00:17:50.660720+05:30
6742,J4_BORELLA,2026-05-05 00:17:46.522200+05:30,120,5.07,SPEED_BELOW_10,2026-05-05 00:17:50.660720+05:30
6739,J3_TOWN_HALL,2026-05-05 00:17:43.497171+05:30,133,8.26,SPEED_BELOW_10,2026-05-05 00:17:50.609224+05:30
6741,J4_BORELLA,2026-05-05 00:17:42.489695+05:30,126,6.23,SPEED_BELOW_10,2026-05-05 00:17:50.660720+05:30
6740,J1_KOLLUPITIYA,2026-05-05 00:17:42.483426+05:30,133,3.73,SPEED_BELOW_10,2026-05-05 00:17:50.660720+05:30
6738,J3_TOWN_HALL,2026-05-05 00:17:40.061834+05:30,104,6.13,SPEED_BELOW_10,2026-05-05 00:17:50.609224+05:30
6735,J1_KOLLUPITIYA,2026-05-05 00:17:37.439557+05:30,122,3.54,SPEED_BELOW_10,2026-05-05 00:17:40.510907+05:30
6737,J3_TOWN_HALL,2026-05-05 00:17:33.010864+05:30,134,8.79,SPEED_BELOW_10,2026-05-05 00:17:40.512546+05:30
6736,J3_TOWN_HALL,2026-05-05 00:17:32.002560+05:30,95,6.10,SPEED_BELOW_10,2026-05-05 00:17:40.512546+05:30
6734,J1_KOLLUPITIYA,2026-05-05 00:17:28.983559+05:30,105,7.40,SPEED_BELOW_10,2026-05-05 00:17:30.434435+05:30
6733,J4_BORELLA,2026-05-05 00:17:27.777859+05:30,90,3.93,SPEED_BELOW_10,2026-05-05 00:17:30.434435+05:30
6728,J2_BAMBALAPITIYA,2026-05-05 00:17:26.971237+05:30,102,4.73,SPEED_BELOW_10,2026-05-05 00:17:30.397931+05:30
6732,J1_KOLLUPITIYA,2026-05-05 00:17:25.962775+05:30,98,6.33,SPEED_BELOW_10,2026-05-05 00:17:30.434435+05:30
6731,J4_BORELLA,2026-05-05 00:17:25.355856+05:30,99,4.50,SPEED_BELOW_10,2026-05-05 00:17:30.434435+05:30
6729,J3_TOWN_HALL,2026-05-05 00:17:21.733537+05:30,124,5.62,SPEED_BELOW_10,2026-05-05 00:17:30.433458+05:30
6730,J1_KOLLUPITIYA,2026-05-05 00:17:20.935006+05:30,144,2.81,SPEED_BELOW_10,2026-05-05 00:17:30.434435+05:30
6727,J2_BAMBALAPITIYA,2026-05-05 00:17:20.317277+05:30,129,2.35,SPEED_BELOW_10,2026-05-05 00:17:30.397931+05:30
6726,J2_BAMBALAPITIYA,2026-05-05 00:17:19.310607+05:30,134,6.29,SPEED_BELOW_10,2026-05-05 00:17:20.396173+05:30
6722,J1_KOLLUPITIYA,2026-05-05 00:17:19.309586+05:30,139,4.20,SPEED_BELOW_10,2026-05-05 00:17:20.389184+05:30
6721,J4_BORELLA,2026-05-05 00:17:17.705608+05:30,135,7.69,SPEED_BELOW_10,2026-05-05 00:17:20.389184+05:30
6720,J4_BORELLA,2026-05-05 00:17:16.289976+05:30,127,9.46,SPEED_BELOW_10,2026-05-05 00:17:20.389184+05:30
6725,J2_BAMBALAPITIYA,2026-05-05 00:17:15.685997+05:30,106,5.37,SPEED_BELOW_10,2026-05-05 00:17:20.396173+05:30
6719,J4_BORELLA,2026-05-05 00:17:13.270448+05:30,117,5.08,SPEED_BELOW_10,2026-05-05 00:17:20.389184+05:30
6724,J2_BAMBALAPITIYA,2026-05-05 00:17:12.658209+05:30,130,3.77,SPEED_BELOW_10,2026-05-05 00:17:20.396173+05:30
6723,J2_BAMBALAPITIYA,2026-05-05 00:17:10.644938+05:30,131,8.99,SPEED_BELOW_10,2026-05-05 00:17:20.396173+05:30
6718,J4_BORELLA,2026-05-05 00:17:09.240486+05:30,104,4.12,SPEED_BELOW_10,2026-05-05 00:17:10.306934+05:30
6717,J1_KOLLUPITIYA,2026-05-05 00:17:09.235107+05:30,149,2.20,SPEED_BELOW_10,2026-05-05 00:17:10.306934+05:30
6716,J3_TOWN_HALL,2026-05-05 00:17:07.844593+05:30,138,9.71,SPEED_BELOW_10,2026-05-05 00:17:10.309159+05:30
6715,J3_TOWN_HALL,2026-05-05 00:17:06.616429+05:30,131,5.46,SPEED_BELOW_10,2026-05-05 00:17:10.309159+05:30
6714,J1_KOLLUPITIYA,2026-05-05 00:17:06.612421+05:30,107,4.20,SPEED_BELOW_10,2026-05-05 00:17:10.306934+05:30
6712,J4_BORELLA,2026-05-05 00:17:05.207161+05:30,133,5.04,SPEED_BELOW_10,2026-05-05 00:17:10.306934+05:30
6713,J3_TOWN_HALL,2026-05-05 00:17:04.822524+05:30,134,3.19,SPEED_BELOW_10,2026-05-05 00:17:10.309159+05:30
6711,J3_TOWN_HALL,2026-05-05 00:17:03.192537+05:30,99,5.16,SPEED_BELOW_10,2026-05-05 00:17:10.309159+05:30
6710,J4_BORELLA,2026-05-05 00:17:02.810468+05:30,131,6.40,SPEED_BELOW_10,2026-05-05 00:17:10.306934+05:30
6706,J3_TOWN_HALL,2026-05-05 00:16:59.792380+05:30,98,2.89,SPEED_BELOW_10,2026-05-05 00:17:00.223990+05:30
6704,J4_BORELLA,2026-05-05 00:16:58.561829+05:30,125,3.59,SPEED_BELOW_10,2026-05-05 00:17:00.223320+05:30
6709,J2_BAMBALAPITIYA,2026-05-05 00:16:55.762543+05:30,132,2.55,SPEED_BELOW_10,2026-05-05 00:17:00.229470+05:30
6705,J3_TOWN_HALL,2026-05-05 00:16:54.527526+05:30,128,6.40,SPEED_BELOW_10,2026-05-05 00:17:00.223990+05:30
6703,J1_KOLLUPITIYA,2026-05-05 00:16:53.513213+05:30,110,2.11,SPEED_BELOW_10,2026-05-05 00:17:00.223320+05:30
6708,J2_BAMBALAPITIYA,2026-05-05 00:16:51.499817+05:30,117,6.54,SPEED_BELOW_10,2026-05-05 00:17:00.229470+05:30
6707,J2_BAMBALAPITIYA,2026-05-05 00:16:51.110739+05:30,92,4.82,SPEED_BELOW_10,2026-05-05 00:17:00.229470+05:30
6702,J3_TOWN_HALL,2026-05-05 00:16:47.475750+05:30,116,6.57,SPEED_BELOW_10,2026-05-05 00:16:50.538301+05:30
6699,J1_KOLLUPITIYA,2026-05-05 00:16:46.701379+05:30,101,6.84,SPEED_BELOW_10,2026-05-05 00:16:50.536716+05:30
6701,J3_TOWN_HALL,2026-05-05 00:16:44.689907+05:30,132,2.46,SPEED_BELOW_10,2026-05-05 00:16:50.538301+05:30
6700,J3_TOWN_HALL,2026-05-05 00:16:42.674293+05:30,141,5.80,SPEED_BELOW_10,2026-05-05 00:16:50.538301+05:30
6697,J1_KOLLUPITIYA,2026-05-05 00:16:37.403903+05:30,123,8.05,SPEED_BELOW_10,2026-05-05 00:16:40.466580+05:30
6698,J3_TOWN_HALL,2026-05-05 00:16:34.628275+05:30,96,7.94,SPEED_BELOW_10,2026-05-05 00:16:40.468265+05:30
6696,J1_KOLLUPITIYA,2026-05-05 00:16:33.002226+05:30,128,4.18,SPEED_BELOW_10,2026-05-05 00:16:40.466580+05:30
6691,J3_TOWN_HALL,2026-05-05 00:16:27.963089+05:30,113,3.63,SPEED_BELOW_10,2026-05-05 00:16:30.401590+05:30
6695,J1_KOLLUPITIYA,2026-05-05 00:16:27.572875+05:30,93,6.74,SPEED_BELOW_10,2026-05-05 00:16:30.405161+05:30
6690,J3_TOWN_HALL,2026-05-05 00:16:26.566318+05:30,118,8.07,SPEED_BELOW_10,2026-05-05 00:16:30.401590+05:30
6693,J2_BAMBALAPITIYA,2026-05-05 00:16:26.326099+05:30,119,5.15,SPEED_BELOW_10,2026-05-05 00:16:30.404267+05:30
6694,J1_KOLLUPITIYA,2026-05-05 00:16:25.943571+05:30,110,4.67,SPEED_BELOW_10,2026-05-05 00:16:30.405161+05:30
6689,J3_TOWN_HALL,2026-05-05 00:16:23.308908+05:30,133,8.36,SPEED_BELOW_10,2026-05-05 00:16:30.401590+05:30
6688,J3_TOWN_HALL,2026-05-05 00:16:22.538355+05:30,102,7.58,SPEED_BELOW_10,2026-05-05 00:16:30.401590+05:30
6692,J2_BAMBALAPITIYA,2026-05-05 00:16:21.281983+05:30,100,5.45,SPEED_BELOW_10,2026-05-05 00:16:30.404267+05:30
6686,J2_BAMBALAPITIYA,2026-05-05 00:16:18.507855+05:30,128,7.63,SPEED_BELOW_10,2026-05-05 00:16:20.324469+05:30
6683,J2_BAMBALAPITIYA,2026-05-05 00:16:16.865582+05:30,102,5.19,SPEED_BELOW_10,2026-05-05 00:16:20.324469+05:30
6687,J1_KOLLUPITIYA,2026-05-05 00:16:14.478476+05:30,97,7.34,SPEED_BELOW_10,2026-05-05 00:16:20.324887+05:30
6685,J1_KOLLUPITIYA,2026-05-05 00:16:13.471091+05:30,133,9.14,SPEED_BELOW_10,2026-05-05 00:16:20.324887+05:30
6684,J1_KOLLUPITIYA,2026-05-05 00:16:11.218212+05:30,134,4.16,SPEED_BELOW_10,2026-05-05 00:16:20.324887+05:30
6682,J2_BAMBALAPITIYA,2026-05-05 00:16:04.175055+05:30,108,4.58,SPEED_BELOW_10,2026-05-05 00:16:10.276708+05:30
6681,J4_BORELLA,2026-05-05 00:16:03.167025+05:30,142,8.02,SPEED_BELOW_10,2026-05-05 00:16:10.273633+05:30
6676,J1_KOLLUPITIYA,2026-05-05 00:15:58.755836+05:30,98,4.88,SPEED_BELOW_10,2026-05-05 00:16:00.185004+05:30
6680,J3_TOWN_HALL,2026-05-05 00:15:55.737773+05:30,126,8.69,SPEED_BELOW_10,2026-05-05 00:16:00.189065+05:30
6678,J2_BAMBALAPITIYA,2026-05-05 00:15:55.112082+05:30,132,7.98,SPEED_BELOW_10,2026-05-05 00:16:00.186515+05:30
6679,J3_TOWN_HALL,2026-05-05 00:15:52.713800+05:30,117,5.50,SPEED_BELOW_10,2026-05-05 00:16:00.189065+05:30
6675,J1_KOLLUPITIYA,2026-05-05 00:15:51.702835+05:30,120,7.73,SPEED_BELOW_10,2026-05-05 00:16:00.185004+05:30
6677,J2_BAMBALAPITIYA,2026-05-05 00:15:51.329326+05:30,112,8.22,SPEED_BELOW_10,2026-05-05 00:16:00.186515+05:30
6674,J4_BORELLA,2026-05-05 00:15:51.092685+05:30,133,4.11,SPEED_BELOW_10,2026-05-05 00:16:00.185004+05:30
6673,J4_BORELLA,2026-05-05 00:15:48.685236+05:30,110,7.89,SPEED_BELOW_10,2026-05-05 00:15:50.379737+05:30
6669,J3_TOWN_HALL,2026-05-05 00:15:47.674444+05:30,146,7.97,SPEED_BELOW_10,2026-05-05 00:15:50.373581+05:30
6672,J1_KOLLUPITIYA,2026-05-05 00:15:45.055822+05:30,112,6.17,SPEED_BELOW_10,2026-05-05 00:15:50.379737+05:30
6671,J1_KOLLUPITIYA,2026-05-05 00:15:43.646319+05:30,118,6.79,SPEED_BELOW_10,2026-05-05 00:15:50.379737+05:30
6668,J3_TOWN_HALL,2026-05-05 00:15:42.638650+05:30,107,5.20,SPEED_BELOW_10,2026-05-05 00:15:50.373581+05:30
6670,J1_KOLLUPITIYA,2026-05-05 00:15:42.035937+05:30,127,3.17,SPEED_BELOW_10,2026-05-05 00:15:50.379737+05:30
6665,J2_BAMBALAPITIYA,2026-05-05 00:15:38.240499+05:30,121,8.19,SPEED_BELOW_10,2026-05-05 00:15:40.298945+05:30
6664,J2_BAMBALAPITIYA,2026-05-05 00:15:36.584201+05:30,102,6.93,SPEED_BELOW_10,2026-05-05 00:15:40.298945+05:30
6667,J1_KOLLUPITIYA,2026-05-05 00:15:36.581610+05:30,104,5.02,SPEED_BELOW_10,2026-05-05 00:15:40.301471+05:30
6663,J2_BAMBALAPITIYA,2026-05-05 00:15:34.566879+05:30,129,6.83,SPEED_BELOW_10,2026-05-05 00:15:40.298945+05:30
6662,J2_BAMBALAPITIYA,2026-05-05 00:15:33.992479+05:30,134,8.26,SPEED_BELOW_10,2026-05-05 00:15:40.298945+05:30
6666,J4_BORELLA,2026-05-05 00:15:30.969456+05:30,139,3.01,SPEED_BELOW_10,2026-05-05 00:15:40.301471+05:30
6661,J3_TOWN_HALL,2026-05-05 00:15:30.191762+05:30,141,7.43,SPEED_BELOW_10,2026-05-05 00:15:40.261029+05:30
6660,J4_BORELLA,2026-05-05 00:15:27.173908+05:30,101,4.81,SPEED_BELOW_10,2026-05-05 00:15:30.244057+05:30
6657,J3_TOWN_HALL,2026-05-05 00:15:19.899690+05:30,114,8.41,SPEED_BELOW_10,2026-05-05 00:15:20.522208+05:30
6655,J1_KOLLUPITIYA,2026-05-05 00:15:19.474339+05:30,129,9.06,SPEED_BELOW_10,2026-05-05 00:15:20.486545+05:30
6654,J1_KOLLUPITIYA,2026-05-05 00:15:18.105784+05:30,131,3.31,SPEED_BELOW_10,2026-05-05 00:15:20.486545+05:30
6659,J2_BAMBALAPITIYA,2026-05-05 00:15:16.453701+05:30,123,9.84,SPEED_BELOW_10,2026-05-05 00:15:20.522643+05:30
6658,J2_BAMBALAPITIYA,2026-05-05 00:15:14.859530+05:30,102,6.68,SPEED_BELOW_10,2026-05-05 00:15:20.522643+05:30
6656,J3_TOWN_HALL,2026-05-05 00:15:10.837065+05:30,133,6.85,SPEED_BELOW_10,2026-05-05 00:15:20.522208+05:30
6653,J4_BORELLA,2026-05-05 00:15:10.415372+05:30,114,8.87,SPEED_BELOW_10,2026-05-05 00:15:20.486545+05:30
6652,J1_KOLLUPITIYA,2026-05-05 00:15:10.067041+05:30,115,2.10,SPEED_BELOW_10,2026-05-05 00:15:20.486545+05:30
6651,J3_TOWN_HALL,2026-05-05 00:15:09.406943+05:30,101,7.67,SPEED_BELOW_10,2026-05-05 00:15:10.462915+05:30
6648,J4_BORELLA,2026-05-05 00:15:07.304746+05:30,143,8.97,SPEED_BELOW_10,2026-05-05 00:15:10.461411+05:30
6647,J4_BORELLA,2026-05-05 00:15:07.052172+05:30,100,3.85,SPEED_BELOW_10,2026-05-05 00:15:10.461411+05:30
6650,J3_TOWN_HALL,2026-05-05 00:15:05.289417+05:30,105,4.67,SPEED_BELOW_10,2026-05-05 00:15:10.462915+05:30
6649,J3_TOWN_HALL,2026-05-05 00:15:04.802119+05:30,146,2.34,SPEED_BELOW_10,2026-05-05 00:15:10.462915+05:30
6645,J2_BAMBALAPITIYA,2026-05-05 00:15:02.271454+05:30,95,4.41,SPEED_BELOW_10,2026-05-05 00:15:10.457544+05:30
6646,J4_BORELLA,2026-05-05 00:15:01.009954+05:30,104,6.37,SPEED_BELOW_10,2026-05-05 00:15:10.461411+05:30
6644,J3_TOWN_HALL,2026-05-05 00:14:57.990833+05:30,113,8.42,SPEED_BELOW_10,2026-05-05 00:15:00.311692+05:30
6643,J3_TOWN_HALL,2026-05-05 00:14:56.742471+05:30,125,4.42,SPEED_BELOW_10,2026-05-05 00:15:00.311692+05:30
6641,J4_BORELLA,2026-05-05 00:14:55.979054+05:30,90,9.10,SPEED_BELOW_10,2026-05-05 00:15:00.311458+05:30
6640,J4_BORELLA,2026-05-05 00:14:53.723421+05:30,141,5.53,SPEED_BELOW_10,2026-05-05 00:15:00.311458+05:30
6639,J1_KOLLUPITIYA,2026-05-05 00:14:52.194675+05:30,92,9.68,SPEED_BELOW_10,2026-05-05 00:15:00.311458+05:30
6638,J1_KOLLUPITIYA,2026-05-05 00:14:51.952612+05:30,93,8.61,SPEED_BELOW_10,2026-05-05 00:15:00.311458+05:30
6642,J3_TOWN_HALL,2026-05-05 00:14:51.188986+05:30,125,4.79,SPEED_BELOW_10,2026-05-05 00:15:00.311692+05:30
6637,J3_TOWN_HALL,2026-05-05 00:14:48.688466+05:30,146,9.24,SPEED_BELOW_10,2026-05-05 00:14:50.258211+05:30
6636,J3_TOWN_HALL,2026-05-05 00:14:46.920857+05:30,121,4.70,SPEED_BELOW_10,2026-05-05 00:14:50.258211+05:30
6635,J3_TOWN_HALL,2026-05-05 00:14:42.899609+05:30,114,3.62,SPEED_BELOW_10,2026-05-05 00:14:50.258211+05:30
6634,J3_TOWN_HALL,2026-05-05 00:14:41.642070+05:30,146,4.78,SPEED_BELOW_10,2026-05-05 00:14:50.258211+05:30
6633,J3_TOWN_HALL,2026-05-05 00:14:41.120842+05:30,103,3.86,SPEED_BELOW_10,2026-05-05 00:14:50.258211+05:30
6632,J1_KOLLUPITIYA,2026-05-05 00:14:41.114554+05:30,135,2.89,SPEED_BELOW_10,2026-05-05 00:14:50.254638+05:30
6629,J3_TOWN_HALL,2026-05-05 00:14:39.620851+05:30,144,5.68,SPEED_BELOW_10,2026-05-05 00:14:40.709161+05:30
6631,J2_BAMBALAPITIYA,2026-05-05 00:14:38.867327+05:30,93,3.64,SPEED_BELOW_10,2026-05-05 00:14:40.708415+05:30
6628,J3_TOWN_HALL,2026-05-05 00:14:35.575168+05:30,146,4.37,SPEED_BELOW_10,2026-05-05 00:14:40.709161+05:30
6630,J2_BAMBALAPITIYA,2026-05-05 00:14:33.564712+05:30,109,9.80,SPEED_BELOW_10,2026-05-05 00:14:40.708415+05:30
6627,J4_BORELLA,2026-05-05 00:14:31.043336+05:30,148,9.85,SPEED_BELOW_10,2026-05-05 00:14:40.693447+05:30
6626,J4_BORELLA,2026-05-05 00:14:29.030208+05:30,141,9.58,SPEED_BELOW_10,2026-05-05 00:14:30.600700+05:30
6625,J4_BORELLA,2026-05-05 00:14:28.533875+05:30,92,6.89,SPEED_BELOW_10,2026-05-05 00:14:30.600700+05:30
6622,J3_TOWN_HALL,2026-05-05 00:14:26.518832+05:30,123,4.67,SPEED_BELOW_10,2026-05-05 00:14:30.599214+05:30
6624,J2_BAMBALAPITIYA,2026-05-05 00:14:25.732780+05:30,114,6.56,SPEED_BELOW_10,2026-05-05 00:14:30.599430+05:30
6623,J2_BAMBALAPITIYA,2026-05-05 00:14:21.984164+05:30,131,9.37,SPEED_BELOW_10,2026-05-05 00:14:30.599430+05:30
6620,J1_KOLLUPITIYA,2026-05-05 00:14:19.701121+05:30,150,3.67,SPEED_BELOW_10,2026-05-05 00:14:20.536397+05:30
6619,J4_BORELLA,2026-05-05 00:14:19.479459+05:30,119,7.04,SPEED_BELOW_10,2026-05-05 00:14:20.536397+05:30
6621,J3_TOWN_HALL,2026-05-05 00:14:18.966154+05:30,90,5.51,SPEED_BELOW_10,2026-05-05 00:14:20.542894+05:30
6618,J4_BORELLA,2026-05-05 00:14:18.469630+05:30,131,6.74,SPEED_BELOW_10,2026-05-05 00:14:20.536397+05:30
6614,J2_BAMBALAPITIYA,2026-05-05 00:14:17.959519+05:30,128,4.38,SPEED_BELOW_10,2026-05-05 00:14:20.534874+05:30
6617,J1_KOLLUPITIYA,2026-05-05 00:14:16.683525+05:30,108,8.78,SPEED_BELOW_10,2026-05-05 00:14:20.536397+05:30
6616,J3_TOWN_HALL,2026-05-05 00:14:14.429299+05:30,128,6.34,SPEED_BELOW_10,2026-05-05 00:14:20.542894+05:30
6615,J1_KOLLUPITIYA,2026-05-05 00:14:13.423383+05:30,144,5.09,SPEED_BELOW_10,2026-05-05 00:14:20.536397+05:30
6613,J2_BAMBALAPITIYA,2026-05-05 00:14:06.371859+05:30,115,6.48,SPEED_BELOW_10,2026-05-05 00:14:10.454189+05:30
6611,J4_BORELLA,2026-05-05 00:14:05.628385+05:30,97,5.51,SPEED_BELOW_10,2026-05-05 00:14:10.448639+05:30
6612,J2_BAMBALAPITIYA,2026-05-05 00:14:05.364625+05:30,118,6.21,SPEED_BELOW_10,2026-05-05 00:14:10.454189+05:30
6610,J1_KOLLUPITIYA,2026-05-05 00:14:05.362188+05:30,137,4.80,SPEED_BELOW_10,2026-05-05 00:14:10.448639+05:30
6609,J1_KOLLUPITIYA,2026-05-05 00:14:02.346137+05:30,130,2.23,SPEED_BELOW_10,2026-05-05 00:14:10.448639+05:30
6608,J1_KOLLUPITIYA,2026-05-05 00:14:00.849974+05:30,127,4.92,SPEED_BELOW_10,2026-05-05 00:14:10.448639+05:30
6601,J3_TOWN_HALL,2026-05-05 00:13:59.601991+05:30,139,3.09,SPEED_BELOW_10,2026-05-05 00:14:00.376530+05:30
6603,J2_BAMBALAPITIYA,2026-05-05 00:13:59.323914+05:30,102,6.38,SPEED_BELOW_10,2026-05-05 00:14:00.384138+05:30
6607,J1_KOLLUPITIYA,2026-05-05 00:13:57.471660+05:30,109,3.25,SPEED_BELOW_10,2026-05-05 00:14:00.385320+05:30
6606,J1_KOLLUPITIYA,2026-05-05 00:13:56.301142+05:30,100,5.18,SPEED_BELOW_10,2026-05-05 00:14:00.385320+05:30
6605,J1_KOLLUPITIYA,2026-05-05 00:13:55.823742+05:30,115,8.77,SPEED_BELOW_10,2026-05-05 00:14:00.385320+05:30
6602,J2_BAMBALAPITIYA,2026-05-05 00:13:52.436015+05:30,148,8.31,SPEED_BELOW_10,2026-05-05 00:14:00.384138+05:30
6600,J3_TOWN_HALL,2026-05-05 00:13:51.805283+05:30,113,6.74,SPEED_BELOW_10,2026-05-05 00:14:00.376530+05:30
6604,J4_BORELLA,2026-05-05 00:13:50.799929+05:30,130,5.37,SPEED_BELOW_10,2026-05-05 00:14:00.385320+05:30
6599,J2_BAMBALAPITIYA,2026-05-05 00:13:46.390646+05:30,99,5.98,SPEED_BELOW_10,2026-05-05 00:13:50.309985+05:30
6598,J1_KOLLUPITIYA,2026-05-05 00:13:40.349209+05:30,124,3.34,SPEED_BELOW_10,2026-05-05 00:13:50.308143+05:30
6595,J2_BAMBALAPITIYA,2026-05-05 00:13:39.168651+05:30,117,6.30,SPEED_BELOW_10,2026-05-05 00:13:40.299902+05:30
6590,J1_KOLLUPITIYA,2026-05-05 00:13:39.165691+05:30,119,5.42,SPEED_BELOW_10,2026-05-05 00:13:40.289091+05:30
6597,J3_TOWN_HALL,2026-05-05 00:13:38.718885+05:30,102,5.90,SPEED_BELOW_10,2026-05-05 00:13:40.303059+05:30
6596,J3_TOWN_HALL,2026-05-05 00:13:37.150702+05:30,116,8.15,SPEED_BELOW_10,2026-05-05 00:13:40.303059+05:30
6594,J2_BAMBALAPITIYA,2026-05-05 00:13:36.320888+05:30,110,3.79,SPEED_BELOW_10,2026-05-05 00:13:40.299902+05:30
6593,J2_BAMBALAPITIYA,2026-05-05 00:13:33.678905+05:30,100,5.65,SPEED_BELOW_10,2026-05-05 00:13:40.299902+05:30
6592,J2_BAMBALAPITIYA,2026-05-05 00:13:32.110275+05:30,97,9.69,SPEED_BELOW_10,2026-05-05 00:13:40.299902+05:30
6589,J4_BORELLA,2026-05-05 00:13:31.667933+05:30,110,7.57,SPEED_BELOW_10,2026-05-05 00:13:40.289091+05:30
6591,J2_BAMBALAPITIYA,2026-05-05 00:13:31.282224+05:30,134,9.40,SPEED_BELOW_10,2026-05-05 00:13:40.299902+05:30
6586,J3_TOWN_HALL,2026-05-05 00:13:24.625892+05:30,109,2.99,SPEED_BELOW_10,2026-05-05 00:13:30.278905+05:30
6585,J3_TOWN_HALL,2026-05-05 00:13:23.224885+05:30,142,2.84,SPEED_BELOW_10,2026-05-05 00:13:30.278905+05:30
6587,J2_BAMBALAPITIYA,2026-05-05 00:13:23.222423+05:30,126,3.24,SPEED_BELOW_10,2026-05-05 00:13:30.315450+05:30
6588,J1_KOLLUPITIYA,2026-05-05 00:13:22.027773+05:30,130,9.50,SPEED_BELOW_10,2026-05-05 00:13:30.318073+05:30
6584,J3_TOWN_HALL,2026-05-05 00:13:21.207397+05:30,100,2.51,SPEED_BELOW_10,2026-05-05 00:13:30.278905+05:30
6583,J3_TOWN_HALL,2026-05-05 00:13:20.199552+05:30,102,6.93,SPEED_BELOW_10,2026-05-05 00:13:30.278905+05:30
6582,J2_BAMBALAPITIYA,2026-05-05 00:13:19.009548+05:30,101,7.14,SPEED_BELOW_10,2026-05-05 00:13:20.257305+05:30
6581,J1_KOLLUPITIYA,2026-05-05 00:13:14.141954+05:30,134,8.42,SPEED_BELOW_10,2026-05-05 00:13:20.255937+05:30
6580,J1_KOLLUPITIYA,2026-05-05 00:13:13.558539+05:30,90,6.66,SPEED_BELOW_10,2026-05-05 00:13:20.255937+05:30
6579,J1_KOLLUPITIYA,2026-05-05 00:13:11.963489+05:30,101,6.12,SPEED_BELOW_10,2026-05-05 00:13:20.255937+05:30
6574,J1_KOLLUPITIYA,2026-05-05 00:13:09.941055+05:30,114,8.75,SPEED_BELOW_10,2026-05-05 00:13:10.550028+05:30
6578,J2_BAMBALAPITIYA,2026-05-05 00:13:09.117045+05:30,141,6.22,SPEED_BELOW_10,2026-05-05 00:13:10.593715+05:30
6577,J2_BAMBALAPITIYA,2026-05-05 00:13:08.533351+05:30,117,7.31,SPEED_BELOW_10,2026-05-05 00:13:10.593715+05:30
6573,J4_BORELLA,2026-05-05 00:13:07.527365+05:30,132,5.84,SPEED_BELOW_10,2026-05-05 00:13:10.550028+05:30
6576,J2_BAMBALAPITIYA,2026-05-05 00:13:05.511883+05:30,112,9.15,SPEED_BELOW_10,2026-05-05 00:13:10.593715+05:30
6572,J4_BORELLA,2026-05-05 00:13:02.902607+05:30,122,5.10,SPEED_BELOW_10,2026-05-05 00:13:10.550028+05:30
6571,J1_KOLLUPITIYA,2026-05-05 00:13:01.480931+05:30,145,5.76,SPEED_BELOW_10,2026-05-05 00:13:10.550028+05:30
6575,J3_TOWN_HALL,2026-05-05 00:13:00.890932+05:30,93,7.38,SPEED_BELOW_10,2026-05-05 00:13:10.593637+05:30
6570,J4_BORELLA,2026-05-05 00:13:00.020252+05:30,123,4.73,SPEED_BELOW_10,2026-05-05 00:13:10.550028+05:30
6569,J4_BORELLA,2026-05-05 00:12:57.460507+05:30,146,8.67,SPEED_BELOW_10,2026-05-05 00:13:00.525298+05:30
6568,J1_KOLLUPITIYA,2026-05-05 00:12:57.456648+05:30,92,9.29,SPEED_BELOW_10,2026-05-05 00:13:00.525298+05:30
6567,J4_BORELLA,2026-05-05 00:12:56.868729+05:30,109,3.52,SPEED_BELOW_10,2026-05-05 00:13:00.525298+05:30
6566,J4_BORELLA,2026-05-05 00:12:54.991863+05:30,95,3.44,SPEED_BELOW_10,2026-05-05 00:13:00.525298+05:30
6562,J2_BAMBALAPITIYA,2026-05-05 00:12:54.988752+05:30,122,8.16,SPEED_BELOW_10,2026-05-05 00:13:00.522798+05:30
6565,J1_KOLLUPITIYA,2026-05-05 00:12:53.845804+05:30,129,3.09,SPEED_BELOW_10,2026-05-05 00:13:00.525298+05:30
6564,J1_KOLLUPITIYA,2026-05-05 00:12:52.419833+05:30,134,7.14,SPEED_BELOW_10,2026-05-05 00:13:00.525298+05:30
6561,J2_BAMBALAPITIYA,2026-05-05 00:12:51.962001+05:30,133,9.18,SPEED_BELOW_10,2026-05-05 00:13:00.522798+05:30
6563,J4_BORELLA,2026-05-05 00:12:51.808895+05:30,99,9.13,SPEED_BELOW_10,2026-05-05 00:13:00.525298+05:30
6560,J3_TOWN_HALL,2026-05-05 00:12:50.956263+05:30,105,5.38,SPEED_BELOW_10,2026-05-05 00:13:00.520758+05:30
6559,J4_BORELLA,2026-05-05 00:12:48.388185+05:30,147,9.28,SPEED_BELOW_10,2026-05-05 00:12:50.522419+05:30
6556,J2_BAMBALAPITIYA,2026-05-05 00:12:47.937933+05:30,93,5.61,SPEED_BELOW_10,2026-05-05 00:12:50.516240+05:30
6554,J3_TOWN_HALL,2026-05-05 00:12:45.742922+05:30,110,9.06,SPEED_BELOW_10,2026-05-05 00:12:50.508584+05:30
6558,J4_BORELLA,2026-05-05 00:12:45.365123+05:30,118,9.24,SPEED_BELOW_10,2026-05-05 00:12:50.522419+05:30
6553,J3_TOWN_HALL,2026-05-05 00:12:44.354238+05:30,108,7.22,SPEED_BELOW_10,2026-05-05 00:12:50.508584+05:30
6552,J3_TOWN_HALL,2026-05-05 00:12:43.727186+05:30,93,3.59,SPEED_BELOW_10,2026-05-05 00:12:50.508584+05:30
6555,J2_BAMBALAPITIYA,2026-05-05 00:12:42.718455+05:30,134,8.51,SPEED_BELOW_10,2026-05-05 00:12:50.516240+05:30
6557,J1_KOLLUPITIYA,2026-05-05 00:12:40.888828+05:30,97,4.31,SPEED_BELOW_10,2026-05-05 00:12:50.522419+05:30
6551,J3_TOWN_HALL,2026-05-05 00:12:30.478948+05:30,128,7.46,SPEED_BELOW_10,2026-05-05 00:12:40.386244+05:30
6549,J1_KOLLUPITIYA,2026-05-05 00:12:29.822480+05:30,114,6.33,SPEED_BELOW_10,2026-05-05 00:12:30.289533+05:30
6548,J4_BORELLA,2026-05-05 00:12:27.207460+05:30,99,4.28,SPEED_BELOW_10,2026-05-05 00:12:30.289533+05:30
6547,J4_BORELLA,2026-05-05 00:12:25.082515+05:30,127,5.57,SPEED_BELOW_10,2026-05-05 00:12:30.289533+05:30
6546,J4_BORELLA,2026-05-05 00:12:24.384941+05:30,111,3.41,SPEED_BELOW_10,2026-05-05 00:12:30.289533+05:30
6545,J1_KOLLUPITIYA,2026-05-05 00:12:22.366654+05:30,102,3.92,SPEED_BELOW_10,2026-05-05 00:12:30.289533+05:30
6550,J3_TOWN_HALL,2026-05-05 00:12:20.723236+05:30,99,3.15,SPEED_BELOW_10,2026-05-05 00:12:30.293084+05:30
6541,J2_BAMBALAPITIYA,2026-05-05 00:12:19.345355+05:30,131,2.43,SPEED_BELOW_10,2026-05-05 00:12:20.410302+05:30
6540,J2_BAMBALAPITIYA,2026-05-05 00:12:17.019094+05:30,149,9.33,SPEED_BELOW_10,2026-05-05 00:12:20.410302+05:30
6544,J4_BORELLA,2026-05-05 00:12:16.290359+05:30,138,4.17,SPEED_BELOW_10,2026-05-05 00:12:20.424351+05:30
6539,J2_BAMBALAPITIYA,2026-05-05 00:12:15.283172+05:30,137,8.93,SPEED_BELOW_10,2026-05-05 00:12:20.410302+05:30
6543,J1_KOLLUPITIYA,2026-05-05 00:12:13.269895+05:30,91,8.51,SPEED_BELOW_10,2026-05-05 00:12:20.424351+05:30
6542,J3_TOWN_HALL,2026-05-05 00:12:11.994132+05:30,97,7.89,SPEED_BELOW_10,2026-05-05 00:12:20.412148+05:30
6538,J1_KOLLUPITIYA,2026-05-05 00:12:07.471635+05:30,111,3.38,SPEED_BELOW_10,2026-05-05 00:12:10.750516+05:30
6537,J4_BORELLA,2026-05-05 00:12:06.466753+05:30,117,9.77,SPEED_BELOW_10,2026-05-05 00:12:10.750516+05:30
6536,J4_BORELLA,2026-05-05 00:12:03.156618+05:30,124,9.04,SPEED_BELOW_10,2026-05-05 00:12:10.750516+05:30
6535,J1_KOLLUPITIYA,2026-05-05 00:12:02.835972+05:30,94,3.08,SPEED_BELOW_10,2026-05-05 00:12:10.750516+05:30
6534,J4_BORELLA,2026-05-05 00:12:02.147740+05:30,141,4.12,SPEED_BELOW_10,2026-05-05 00:12:10.750516+05:30
6533,J2_BAMBALAPITIYA,2026-05-05 00:12:02.145215+05:30,140,3.81,SPEED_BELOW_10,2026-05-05 00:12:10.736179+05:30
6532,J1_KOLLUPITIYA,2026-05-05 00:11:57.804123+05:30,132,8.23,SPEED_BELOW_10,2026-05-05 00:12:00.520222+05:30
6531,J4_BORELLA,2026-05-05 00:11:51.759525+05:30,144,8.00,SPEED_BELOW_10,2026-05-05 00:12:00.520222+05:30
6530,J3_TOWN_HALL,2026-05-05 00:11:50.345828+05:30,141,7.51,SPEED_BELOW_10,2026-05-05 00:12:00.422359+05:30
6529,J3_TOWN_HALL,2026-05-05 00:11:49.724977+05:30,142,8.43,SPEED_BELOW_10,2026-05-05 00:11:50.404570+05:30
6527,J2_BAMBALAPITIYA,2026-05-05 00:11:49.335164+05:30,98,6.49,SPEED_BELOW_10,2026-05-05 00:11:50.401595+05:30
6523,J4_BORELLA,2026-05-05 00:11:48.044088+05:30,126,6.82,SPEED_BELOW_10,2026-05-05 00:11:50.396758+05:30
6526,J2_BAMBALAPITIYA,2026-05-05 00:11:46.702334+05:30,120,8.07,SPEED_BELOW_10,2026-05-05 00:11:50.401595+05:30
6528,J3_TOWN_HALL,2026-05-05 00:11:45.693729+05:30,139,2.87,SPEED_BELOW_10,2026-05-05 00:11:50.404570+05:30
6522,J4_BORELLA,2026-05-05 00:11:44.299768+05:30,117,5.00,SPEED_BELOW_10,2026-05-05 00:11:50.396758+05:30
6521,J4_BORELLA,2026-05-05 00:11:44.019616+05:30,128,9.71,SPEED_BELOW_10,2026-05-05 00:11:50.396758+05:30
6520,J4_BORELLA,2026-05-05 00:11:42.287003+05:30,139,9.63,SPEED_BELOW_10,2026-05-05 00:11:50.396758+05:30
6525,J2_BAMBALAPITIYA,2026-05-05 00:11:42.004796+05:30,130,3.56,SPEED_BELOW_10,2026-05-05 00:11:50.401595+05:30
6524,J2_BAMBALAPITIYA,2026-05-05 00:11:41.273450+05:30,90,7.30,SPEED_BELOW_10,2026-05-05 00:11:50.401595+05:30
6517,J2_BAMBALAPITIYA,2026-05-05 00:11:39.991941+05:30,125,3.27,SPEED_BELOW_10,2026-05-05 00:11:40.348151+05:30
6512,J4_BORELLA,2026-05-05 00:11:39.262685+05:30,107,4.76,SPEED_BELOW_10,2026-05-05 00:11:40.342520+05:30
6519,J3_TOWN_HALL,2026-05-05 00:11:37.981175+05:30,113,5.09,SPEED_BELOW_10,2026-05-05 00:11:40.358547+05:30
6516,J2_BAMBALAPITIYA,2026-05-05 00:11:37.635444+05:30,120,7.75,SPEED_BELOW_10,2026-05-05 00:11:40.348151+05:30
6515,J2_BAMBALAPITIYA,2026-05-05 00:11:35.621696+05:30,119,8.94,SPEED_BELOW_10,2026-05-05 00:11:40.348151+05:30
6518,J3_TOWN_HALL,2026-05-05 00:11:35.228655+05:30,148,8.54,SPEED_BELOW_10,2026-05-05 00:11:40.358547+05:30
6514,J2_BAMBALAPITIYA,2026-05-05 00:11:33.604900+05:30,111,6.04,SPEED_BELOW_10,2026-05-05 00:11:40.348151+05:30
6513,J2_BAMBALAPITIYA,2026-05-05 00:11:30.579011+05:30,113,3.55,SPEED_BELOW_10,2026-05-05 00:11:40.348151+05:30
6511,J2_BAMBALAPITIYA,2026-05-05 00:11:29.570094+05:30,98,8.64,SPEED_BELOW_10,2026-05-05 00:11:30.241313+05:30
6509,J1_KOLLUPITIYA,2026-05-05 00:11:29.567495+05:30,116,8.21,SPEED_BELOW_10,2026-05-05 00:11:30.236959+05:30
6508,J1_KOLLUPITIYA,2026-05-05 00:11:24.142660+05:30,90,4.50,SPEED_BELOW_10,2026-05-05 00:11:30.236959+05:30
6507,J4_BORELLA,2026-05-05 00:11:23.881192+05:30,131,5.16,SPEED_BELOW_10,2026-05-05 00:11:30.236959+05:30
6506,J1_KOLLUPITIYA,2026-05-05 00:11:23.533621+05:30,93,3.37,SPEED_BELOW_10,2026-05-05 00:11:30.236959+05:30
6510,J2_BAMBALAPITIYA,2026-05-05 00:11:22.524937+05:30,98,7.54,SPEED_BELOW_10,2026-05-05 00:11:30.241313+05:30
6503,J1_KOLLUPITIYA,2026-05-05 00:11:16.816011+05:30,122,7.67,SPEED_BELOW_10,2026-05-05 00:11:20.518025+05:30
6504,J2_BAMBALAPITIYA,2026-05-05 00:11:16.482598+05:30,97,4.24,SPEED_BELOW_10,2026-05-05 00:11:20.553986+05:30
6502,J4_BORELLA,2026-05-05 00:11:13.463671+05:30,121,5.88,SPEED_BELOW_10,2026-05-05 00:11:20.518025+05:30
6505,J3_TOWN_HALL,2026-05-05 00:11:12.453760+05:30,141,9.40,SPEED_BELOW_10,2026-05-05 00:11:20.554310+05:30
6501,J4_BORELLA,2026-05-05 00:11:10.064937+05:30,112,7.42,SPEED_BELOW_10,2026-05-05 00:11:20.518025+05:30
6499,J3_TOWN_HALL,2026-05-05 00:11:08.760722+05:30,116,6.24,SPEED_BELOW_10,2026-05-05 00:11:10.515938+05:30
6497,J4_BORELLA,2026-05-05 00:11:08.050487+05:30,109,5.73,SPEED_BELOW_10,2026-05-05 00:11:10.508023+05:30
6500,J2_BAMBALAPITIYA,2026-05-05 00:11:06.743633+05:30,129,2.34,SPEED_BELOW_10,2026-05-05 00:11:10.522907+05:30
6496,J1_KOLLUPITIYA,2026-05-05 00:11:06.741572+05:30,135,9.75,SPEED_BELOW_10,2026-05-05 00:11:10.508023+05:30
6495,J4_BORELLA,2026-05-05 00:11:06.412079+05:30,94,9.24,SPEED_BELOW_10,2026-05-05 00:11:10.508023+05:30
6494,J1_KOLLUPITIYA,2026-05-05 00:11:06.406325+05:30,145,5.55,SPEED_BELOW_10,2026-05-05 00:11:10.508023+05:30
6493,J1_KOLLUPITIYA,2026-05-05 00:11:05.398349+05:30,92,4.67,SPEED_BELOW_10,2026-05-05 00:11:10.508023+05:30
6498,J3_TOWN_HALL,2026-05-05 00:11:03.719605+05:30,119,5.21,SPEED_BELOW_10,2026-05-05 00:11:10.515938+05:30
6492,J4_BORELLA,2026-05-05 00:11:02.381813+05:30,109,6.26,SPEED_BELOW_10,2026-05-05 00:11:10.508023+05:30
6488,J1_KOLLUPITIYA,2026-05-05 00:10:59.998206+05:30,124,6.65,SPEED_BELOW_10,2026-05-05 00:11:00.425587+05:30
6484,J3_TOWN_HALL,2026-05-05 00:10:58.992401+05:30,105,2.42,SPEED_BELOW_10,2026-05-05 00:11:00.373206+05:30
6491,J2_BAMBALAPITIYA,2026-05-05 00:10:58.353519+05:30,135,5.96,SPEED_BELOW_10,2026-05-05 00:11:00.434419+05:30
6490,J2_BAMBALAPITIYA,2026-05-05 00:10:57.980272+05:30,114,9.06,SPEED_BELOW_10,2026-05-05 00:11:00.434419+05:30
6487,J1_KOLLUPITIYA,2026-05-05 00:10:57.677543+05:30,108,5.59,SPEED_BELOW_10,2026-05-05 00:11:00.425587+05:30
6486,J1_KOLLUPITIYA,2026-05-05 00:10:56.667826+05:30,119,4.27,SPEED_BELOW_10,2026-05-05 00:11:00.425587+05:30
6489,J2_BAMBALAPITIYA,2026-05-05 00:10:55.335426+05:30,129,8.84,SPEED_BELOW_10,2026-05-05 00:11:00.434419+05:30
6485,J4_BORELLA,2026-05-05 00:10:51.943677+05:30,114,8.14,SPEED_BELOW_10,2026-05-05 00:11:00.425587+05:30
6483,J3_TOWN_HALL,2026-05-05 00:10:50.307399+05:30,148,4.28,SPEED_BELOW_10,2026-05-05 00:11:00.373206+05:30
6482,J3_TOWN_HALL,2026-05-05 00:10:48.922793+05:30,120,6.67,SPEED_BELOW_10,2026-05-05 00:10:50.364995+05:30
6479,J1_KOLLUPITIYA,2026-05-05 00:10:47.285324+05:30,118,4.83,SPEED_BELOW_10,2026-05-05 00:10:50.361074+05:30
6478,J4_BORELLA,2026-05-05 00:10:46.594712+05:30,114,8.01,SPEED_BELOW_10,2026-05-05 00:10:50.361074+05:30
6481,J2_BAMBALAPITIYA,2026-05-05 00:10:45.581875+05:30,128,2.70,SPEED_BELOW_10,2026-05-05 00:10:50.361225+05:30
6476,J1_KOLLUPITIYA,2026-05-05 00:10:44.574592+05:30,131,4.89,SPEED_BELOW_10,2026-05-05 00:10:50.361074+05:30
6480,J2_BAMBALAPITIYA,2026-05-05 00:10:43.887400+05:30,120,6.31,SPEED_BELOW_10,2026-05-05 00:10:50.361225+05:30
6477,J2_BAMBALAPITIYA,2026-05-05 00:10:43.251094+05:30,107,4.28,SPEED_BELOW_10,2026-05-05 00:10:50.361225+05:30
6475,J1_KOLLUPITIYA,2026-05-05 00:10:41.554257+05:30,139,9.07,SPEED_BELOW_10,2026-05-05 00:10:50.361074+05:30
6474,J1_KOLLUPITIYA,2026-05-05 00:10:39.526214+05:30,139,6.53,SPEED_BELOW_10,2026-05-05 00:10:40.539073+05:30
6471,J3_TOWN_HALL,2026-05-05 00:10:35.183827+05:30,134,7.05,SPEED_BELOW_10,2026-05-05 00:10:40.294379+05:30
6473,J4_BORELLA,2026-05-05 00:10:34.832639+05:30,121,5.42,SPEED_BELOW_10,2026-05-05 00:10:40.539073+05:30
6470,J3_TOWN_HALL,2026-05-05 00:10:32.484362+05:30,130,4.91,SPEED_BELOW_10,2026-05-05 00:10:40.294379+05:30
6472,J1_KOLLUPITIYA,2026-05-05 00:10:30.142903+05:30,149,5.89,SPEED_BELOW_10,2026-05-05 00:10:40.539073+05:30
6467,J3_TOWN_HALL,2026-05-05 00:10:29.466564+05:30,129,2.32,SPEED_BELOW_10,2026-05-05 00:10:30.522119+05:30
6466,J3_TOWN_HALL,2026-05-05 00:10:27.776891+05:30,108,6.36,SPEED_BELOW_10,2026-05-05 00:10:30.522119+05:30
6464,J2_BAMBALAPITIYA,2026-05-05 00:10:26.434377+05:30,129,2.04,SPEED_BELOW_10,2026-05-05 00:10:30.518301+05:30
6469,J4_BORELLA,2026-05-05 00:10:24.426881+05:30,149,8.20,SPEED_BELOW_10,2026-05-05 00:10:30.522717+05:30
6465,J3_TOWN_HALL,2026-05-05 00:10:23.749362+05:30,138,3.04,SPEED_BELOW_10,2026-05-05 00:10:30.522119+05:30
6468,J1_KOLLUPITIYA,2026-05-05 00:10:22.735599+05:30,118,4.44,SPEED_BELOW_10,2026-05-05 00:10:30.522717+05:30
6463,J2_BAMBALAPITIYA,2026-05-05 00:10:17.059314+05:30,143,7.10,SPEED_BELOW_10,2026-05-05 00:10:20.432090+05:30
6462,J4_BORELLA,2026-05-05 00:10:12.350342+05:30,102,8.46,SPEED_BELOW_10,2026-05-05 00:10:20.400747+05:30
6461,J1_KOLLUPITIYA,2026-05-05 00:10:12.345357+05:30,131,9.34,SPEED_BELOW_10,2026-05-05 00:10:20.400747+05:30
6460,J1_KOLLUPITIYA,2026-05-05 00:10:10.330623+05:30,96,9.41,SPEED_BELOW_10,2026-05-05 00:10:20.400747+05:30
6459,J4_BORELLA,2026-05-05 00:10:05.989321+05:30,147,3.56,SPEED_BELOW_10,2026-05-05 00:10:10.369834+05:30
6458,J3_TOWN_HALL,2026-05-05 00:09:59.948941+05:30,114,7.19,SPEED_BELOW_10,2026-05-05 00:10:00.314453+05:30
6457,J3_TOWN_HALL,2026-05-05 00:09:58.255852+05:30,120,6.64,SPEED_BELOW_10,2026-05-05 00:10:00.314453+05:30
6456,J2_BAMBALAPITIYA,2026-05-05 00:09:58.253296+05:30,134,6.40,SPEED_BELOW_10,2026-05-05 00:10:00.314147+05:30
6455,J2_BAMBALAPITIYA,2026-05-05 00:09:56.547966+05:30,124,8.51,SPEED_BELOW_10,2026-05-05 00:10:00.314147+05:30
6454,J2_BAMBALAPITIYA,2026-05-05 00:09:56.235546+05:30,109,2.97,SPEED_BELOW_10,2026-05-05 00:10:00.314147+05:30
6451,J1_KOLLUPITIYA,2026-05-05 00:09:53.913153+05:30,128,2.57,SPEED_BELOW_10,2026-05-05 00:10:00.312920+05:30
6452,J2_BAMBALAPITIYA,2026-05-05 00:09:52.907904+05:30,109,6.44,SPEED_BELOW_10,2026-05-05 00:10:00.314147+05:30
6450,J1_KOLLUPITIYA,2026-05-05 00:09:51.902024+05:30,108,3.31,SPEED_BELOW_10,2026-05-05 00:10:00.312920+05:30
6453,J3_TOWN_HALL,2026-05-05 00:09:51.512869+05:30,111,6.20,SPEED_BELOW_10,2026-05-05 00:10:00.314453+05:30
6449,J4_BORELLA,2026-05-05 00:09:48.885182+05:30,125,5.96,SPEED_BELOW_10,2026-05-05 00:09:50.240164+05:30
6448,J1_KOLLUPITIYA,2026-05-05 00:09:46.862230+05:30,142,4.30,SPEED_BELOW_10,2026-05-05 00:09:50.240164+05:30
6447,J1_KOLLUPITIYA,2026-05-05 00:09:44.453761+05:30,109,6.48,SPEED_BELOW_10,2026-05-05 00:09:50.240164+05:30
6446,J1_KOLLUPITIYA,2026-05-05 00:09:43.848808+05:30,107,8.85,SPEED_BELOW_10,2026-05-05 00:09:50.240164+05:30
6445,J1_KOLLUPITIYA,2026-05-05 00:09:41.134257+05:30,118,6.10,SPEED_BELOW_10,2026-05-05 00:09:50.240164+05:30
6444,J3_TOWN_HALL,2026-05-05 00:09:37.408776+05:30,131,9.57,SPEED_BELOW_10,2026-05-05 00:09:40.486747+05:30
6443,J3_TOWN_HALL,2026-05-05 00:09:36.401005+05:30,123,2.44,SPEED_BELOW_10,2026-05-05 00:09:40.486747+05:30
6442,J1_KOLLUPITIYA,2026-05-05 00:09:36.396513+05:30,141,3.63,SPEED_BELOW_10,2026-05-05 00:09:40.486058+05:30
6441,J2_BAMBALAPITIYA,2026-05-05 00:09:34.069489+05:30,131,6.58,SPEED_BELOW_10,2026-05-05 00:09:40.433026+05:30
6440,J2_BAMBALAPITIYA,2026-05-05 00:09:30.354646+05:30,129,7.91,SPEED_BELOW_10,2026-05-05 00:09:40.433026+05:30
6437,J1_KOLLUPITIYA,2026-05-05 00:09:29.037097+05:30,130,6.47,SPEED_BELOW_10,2026-05-05 00:09:30.399276+05:30
6439,J3_TOWN_HALL,2026-05-05 00:09:28.749484+05:30,106,5.67,SPEED_BELOW_10,2026-05-05 00:09:30.401591+05:30
6438,J3_TOWN_HALL,2026-05-05 00:09:26.330026+05:30,108,9.89,SPEED_BELOW_10,2026-05-05 00:09:30.401591+05:30
6436,J1_KOLLUPITIYA,2026-05-05 00:09:25.728729+05:30,126,7.88,SPEED_BELOW_10,2026-05-05 00:09:30.399276+05:30
6435,J1_KOLLUPITIYA,2026-05-05 00:09:23.714113+05:30,149,6.11,SPEED_BELOW_10,2026-05-05 00:09:30.399276+05:30
6434,J4_BORELLA,2026-05-05 00:09:19.978090+05:30,130,6.75,SPEED_BELOW_10,2026-05-05 00:09:20.334168+05:30
6433,J1_KOLLUPITIYA,2026-05-05 00:09:15.664322+05:30,123,4.23,SPEED_BELOW_10,2026-05-05 00:09:20.334168+05:30
6432,J1_KOLLUPITIYA,2026-05-05 00:09:11.922766+05:30,130,7.99,SPEED_BELOW_10,2026-05-05 00:09:20.334168+05:30
6431,J4_BORELLA,2026-05-05 00:09:11.642126+05:30,109,5.99,SPEED_BELOW_10,2026-05-05 00:09:20.334168+05:30
6428,J3_TOWN_HALL,2026-05-05 00:09:07.885578+05:30,134,8.98,SPEED_BELOW_10,2026-05-05 00:09:10.238288+05:30
6427,J3_TOWN_HALL,2026-05-05 00:09:07.607409+05:30,102,9.79,SPEED_BELOW_10,2026-05-05 00:09:10.238288+05:30
6430,J1_KOLLUPITIYA,2026-05-05 00:09:03.578587+05:30,126,2.04,SPEED_BELOW_10,2026-05-05 00:09:10.241243+05:30
6425,J2_BAMBALAPITIYA,2026-05-05 00:09:02.858187+05:30,95,3.21,SPEED_BELOW_10,2026-05-05 00:09:10.236796+05:30
6426,J3_TOWN_HALL,2026-05-05 00:09:01.138885+05:30,114,5.84,SPEED_BELOW_10,2026-05-05 00:09:10.238288+05:30
6429,J4_BORELLA,2026-05-05 00:09:00.845991+05:30,112,5.69,SPEED_BELOW_10,2026-05-05 00:09:10.241243+05:30
6424,J4_BORELLA,2026-05-05 00:08:57.110555+05:30,141,9.02,SPEED_BELOW_10,2026-05-05 00:09:00.598234+05:30
6421,J2_BAMBALAPITIYA,2026-05-05 00:08:55.524910+05:30,122,4.71,SPEED_BELOW_10,2026-05-05 00:09:00.567495+05:30
6423,J1_KOLLUPITIYA,2026-05-05 00:08:51.500912+05:30,105,4.47,SPEED_BELOW_10,2026-05-05 00:09:00.598234+05:30
6420,J2_BAMBALAPITIYA,2026-05-05 00:08:51.075143+05:30,135,5.20,SPEED_BELOW_10,2026-05-05 00:09:00.567495+05:30
6422,J4_BORELLA,2026-05-05 00:08:50.498926+05:30,122,2.43,SPEED_BELOW_10,2026-05-05 00:09:00.598234+05:30
6419,J2_BAMBALAPITIYA,2026-05-05 00:08:50.069176+05:30,133,2.17,SPEED_BELOW_10,2026-05-05 00:09:00.567495+05:30
6418,J4_BORELLA,2026-05-05 00:08:46.467903+05:30,108,6.28,SPEED_BELOW_10,2026-05-05 00:08:50.561394+05:30
6417,J4_BORELLA,2026-05-05 00:08:42.731101+05:30,129,7.69,SPEED_BELOW_10,2026-05-05 00:08:50.561394+05:30
6416,J4_BORELLA,2026-05-05 00:08:41.725970+05:30,134,6.40,SPEED_BELOW_10,2026-05-05 00:08:50.561394+05:30
6415,J3_TOWN_HALL,2026-05-05 00:08:41.723498+05:30,127,8.69,SPEED_BELOW_10,2026-05-05 00:08:50.561807+05:30
6411,J1_KOLLUPITIYA,2026-05-05 00:08:39.416481+05:30,126,9.12,SPEED_BELOW_10,2026-05-05 00:08:40.469323+05:30
6410,J4_BORELLA,2026-05-05 00:08:35.684740+05:30,125,8.17,SPEED_BELOW_10,2026-05-05 00:08:40.469323+05:30
6414,J3_TOWN_HALL,2026-05-05 00:08:35.682409+05:30,102,8.94,SPEED_BELOW_10,2026-05-05 00:08:40.475537+05:30
6409,J4_BORELLA,2026-05-05 00:08:35.389059+05:30,109,4.05,SPEED_BELOW_10,2026-05-05 00:08:40.469323+05:30
6412,J2_BAMBALAPITIYA,2026-05-05 00:08:31.941748+05:30,106,5.32,SPEED_BELOW_10,2026-05-05 00:08:40.475147+05:30
6413,J3_TOWN_HALL,2026-05-05 00:08:30.651121+05:30,113,9.05,SPEED_BELOW_10,2026-05-05 00:08:40.475537+05:30
6408,J4_BORELLA,2026-05-05 00:08:30.354567+05:30,126,6.27,SPEED_BELOW_10,2026-05-05 00:08:40.469323+05:30
6407,J4_BORELLA,2026-05-05 00:08:29.647068+05:30,122,8.08,SPEED_BELOW_10,2026-05-05 00:08:30.411601+05:30
6406,J1_KOLLUPITIYA,2026-05-05 00:08:27.914865+05:30,113,5.75,SPEED_BELOW_10,2026-05-05 00:08:30.411601+05:30
6405,J4_BORELLA,2026-05-05 00:08:25.318348+05:30,137,7.23,SPEED_BELOW_10,2026-05-05 00:08:30.411601+05:30
6404,J2_BAMBALAPITIYA,2026-05-05 00:08:21.282204+05:30,114,5.62,SPEED_BELOW_10,2026-05-05 00:08:30.410012+05:30
6400,J2_BAMBALAPITIYA,2026-05-05 00:08:19.267814+05:30,108,4.93,SPEED_BELOW_10,2026-05-05 00:08:20.324289+05:30
6403,J1_KOLLUPITIYA,2026-05-05 00:08:18.856884+05:30,106,6.66,SPEED_BELOW_10,2026-05-05 00:08:20.324467+05:30
6402,J1_KOLLUPITIYA,2026-05-05 00:08:17.848311+05:30,127,9.72,SPEED_BELOW_10,2026-05-05 00:08:20.324467+05:30
6401,J1_KOLLUPITIYA,2026-05-05 00:08:16.234688+05:30,111,7.64,SPEED_BELOW_10,2026-05-05 00:08:20.324467+05:30
6399,J1_KOLLUPITIYA,2026-05-05 00:08:05.766168+05:30,128,2.74,SPEED_BELOW_10,2026-05-05 00:08:10.239992+05:30
6398,J4_BORELLA,2026-05-05 00:08:04.164444+05:30,90,6.31,SPEED_BELOW_10,2026-05-05 00:08:10.239992+05:30
6397,J4_BORELLA,2026-05-05 00:08:02.460823+05:30,103,9.32,SPEED_BELOW_10,2026-05-05 00:08:10.239992+05:30
6396,J1_KOLLUPITIYA,2026-05-05 00:08:02.455136+05:30,149,4.65,SPEED_BELOW_10,2026-05-05 00:08:10.239992+05:30
6394,J3_TOWN_HALL,2026-05-05 00:08:00.736464+05:30,128,4.65,SPEED_BELOW_10,2026-05-05 00:08:10.203433+05:30
6395,J4_BORELLA,2026-05-05 00:08:00.440962+05:30,100,5.24,SPEED_BELOW_10,2026-05-05 00:08:10.239992+05:30
6393,J3_TOWN_HALL,2026-05-05 00:08:00.437775+05:30,120,5.58,SPEED_BELOW_10,2026-05-05 00:08:10.203433+05:30
6390,J1_KOLLUPITIYA,2026-05-05 00:07:59.129655+05:30,138,6.40,SPEED_BELOW_10,2026-05-05 00:08:00.186340+05:30
6391,J3_TOWN_HALL,2026-05-05 00:07:56.699270+05:30,136,2.21,SPEED_BELOW_10,2026-05-05 00:08:00.477879+05:30
6392,J2_BAMBALAPITIYA,2026-05-05 00:07:51.665851+05:30,113,6.44,SPEED_BELOW_10,2026-05-05 00:08:00.479197+05:30
6388,J4_BORELLA,2026-05-05 00:07:49.060821+05:30,123,4.03,SPEED_BELOW_10,2026-05-05 00:07:50.417479+05:30
6387,J1_KOLLUPITIYA,2026-05-05 00:07:47.633611+05:30,101,5.46,SPEED_BELOW_10,2026-05-05 00:07:50.417479+05:30
6382,J2_BAMBALAPITIYA,2026-05-05 00:07:46.338925+05:30,126,2.59,SPEED_BELOW_10,2026-05-05 00:07:50.416218+05:30
6386,J1_KOLLUPITIYA,2026-05-05 00:07:46.038903+05:30,128,8.93,SPEED_BELOW_10,2026-05-05 00:07:50.417479+05:30
6385,J1_KOLLUPITIYA,2026-05-05 00:07:45.615706+05:30,110,4.52,SPEED_BELOW_10,2026-05-05 00:07:50.417479+05:30
6384,J4_BORELLA,2026-05-05 00:07:45.035588+05:30,103,7.97,SPEED_BELOW_10,2026-05-05 00:07:50.417479+05:30
6383,J4_BORELLA,2026-05-05 00:07:44.326045+05:30,126,3.04,SPEED_BELOW_10,2026-05-05 00:07:50.417479+05:30
6381,J2_BAMBALAPITIYA,2026-05-05 00:07:43.603076+05:30,122,5.18,SPEED_BELOW_10,2026-05-05 00:07:50.416218+05:30
6389,J3_TOWN_HALL,2026-05-05 00:07:43.317042+05:30,91,3.58,SPEED_BELOW_10,2026-05-05 00:07:50.418708+05:30
6380,J2_BAMBALAPITIYA,2026-05-05 00:07:41.304986+05:30,123,7.85,SPEED_BELOW_10,2026-05-05 00:07:50.416218+05:30
6379,J1_KOLLUPITIYA,2026-05-05 00:07:38.279806+05:30,94,9.20,SPEED_BELOW_10,2026-05-05 00:07:40.387869+05:30
6378,J4_BORELLA,2026-05-05 00:07:35.261241+05:30,120,6.49,SPEED_BELOW_10,2026-05-05 00:07:40.387869+05:30
6377,J3_TOWN_HALL,2026-05-05 00:07:34.553135+05:30,129,9.76,SPEED_BELOW_10,2026-05-05 00:07:40.387889+05:30
6374,J2_BAMBALAPITIYA,2026-05-05 00:07:34.251767+05:30,132,8.75,SPEED_BELOW_10,2026-05-05 00:07:40.379948+05:30
6376,J4_BORELLA,2026-05-05 00:07:33.246716+05:30,105,7.58,SPEED_BELOW_10,2026-05-05 00:07:40.387869+05:30
6375,J3_TOWN_HALL,2026-05-05 00:07:33.244271+05:30,109,7.64,SPEED_BELOW_10,2026-05-05 00:07:40.387889+05:30
6369,J3_TOWN_HALL,2026-05-05 00:07:29.520200+05:30,111,2.43,SPEED_BELOW_10,2026-05-05 00:07:30.274280+05:30
6368,J3_TOWN_HALL,2026-05-05 00:07:28.934744+05:30,145,6.19,SPEED_BELOW_10,2026-05-05 00:07:30.274280+05:30
6373,J4_BORELLA,2026-05-05 00:07:25.913717+05:30,106,9.68,SPEED_BELOW_10,2026-05-05 00:07:30.281079+05:30
6372,J4_BORELLA,2026-05-05 00:07:25.199187+05:30,141,2.91,SPEED_BELOW_10,2026-05-05 00:07:30.281079+05:30
6371,J1_KOLLUPITIYA,2026-05-05 00:07:24.899182+05:30,142,7.78,SPEED_BELOW_10,2026-05-05 00:07:30.281079+05:30
6370,J4_BORELLA,2026-05-05 00:07:23.178900+05:30,104,2.29,SPEED_BELOW_10,2026-05-05 00:07:30.281079+05:30
6362,J4_BORELLA,2026-05-05 00:07:18.146973+05:30,118,5.56,SPEED_BELOW_10,2026-05-05 00:07:20.528025+05:30
6367,J3_TOWN_HALL,2026-05-05 00:07:15.393267+05:30,101,2.23,SPEED_BELOW_10,2026-05-05 00:07:20.533024+05:30
6364,J2_BAMBALAPITIYA,2026-05-05 00:07:15.124225+05:30,101,4.60,SPEED_BELOW_10,2026-05-05 00:07:20.531633+05:30
6366,J3_TOWN_HALL,2026-05-05 00:07:14.839279+05:30,103,2.42,SPEED_BELOW_10,2026-05-05 00:07:20.533024+05:30
6365,J3_TOWN_HALL,2026-05-05 00:07:14.120388+05:30,122,3.87,SPEED_BELOW_10,2026-05-05 00:07:20.533024+05:30
6363,J2_BAMBALAPITIYA,2026-05-05 00:07:14.119121+05:30,122,3.54,SPEED_BELOW_10,2026-05-05 00:07:20.531633+05:30
6361,J1_KOLLUPITIYA,2026-05-05 00:07:14.117816+05:30,140,3.26,SPEED_BELOW_10,2026-05-05 00:07:20.528025+05:30
6360,J1_KOLLUPITIYA,2026-05-05 00:07:13.380456+05:30,144,8.51,SPEED_BELOW_10,2026-05-05 00:07:20.528025+05:30
6359,J1_KOLLUPITIYA,2026-05-05 00:07:11.366764+05:30,90,7.14,SPEED_BELOW_10,2026-05-05 00:07:20.528025+05:30
6358,J1_KOLLUPITIYA,2026-05-05 00:07:10.812603+05:30,117,9.43,SPEED_BELOW_10,2026-05-05 00:07:20.528025+05:30
6357,J1_KOLLUPITIYA,2026-05-05 00:07:08.782694+05:30,120,9.31,SPEED_BELOW_10,2026-05-05 00:07:10.480137+05:30
6355,J3_TOWN_HALL,2026-05-05 00:07:03.271089+05:30,104,7.62,SPEED_BELOW_10,2026-05-05 00:07:10.480960+05:30
6356,J1_KOLLUPITIYA,2026-05-05 00:07:02.038083+05:30,97,2.56,SPEED_BELOW_10,2026-05-05 00:07:10.480137+05:30
6354,J4_BORELLA,2026-05-05 00:07:01.033637+05:30,97,6.78,SPEED_BELOW_10,2026-05-05 00:07:10.480137+05:30
6352,J1_KOLLUPITIYA,2026-05-05 00:06:58.240062+05:30,116,3.02,SPEED_BELOW_10,2026-05-05 00:07:00.333868+05:30
6351,J1_KOLLUPITIYA,2026-05-05 00:06:55.698605+05:30,123,2.52,SPEED_BELOW_10,2026-05-05 00:07:00.333868+05:30
6353,J2_BAMBALAPITIYA,2026-05-05 00:06:55.220017+05:30,134,5.33,SPEED_BELOW_10,2026-05-05 00:07:00.342669+05:30
6350,J1_KOLLUPITIYA,2026-05-05 00:06:52.682891+05:30,117,6.84,SPEED_BELOW_10,2026-05-05 00:07:00.333868+05:30
6345,J2_BAMBALAPITIYA,2026-05-05 00:06:48.176688+05:30,99,5.12,SPEED_BELOW_10,2026-05-05 00:06:50.236890+05:30
6349,J3_TOWN_HALL,2026-05-05 00:06:45.626039+05:30,148,9.88,SPEED_BELOW_10,2026-05-05 00:06:50.680446+05:30
6348,J3_TOWN_HALL,2026-05-05 00:06:42.843318+05:30,146,7.46,SPEED_BELOW_10,2026-05-05 00:06:50.680446+05:30
6347,J3_TOWN_HALL,2026-05-05 00:06:40.593337+05:30,128,7.53,SPEED_BELOW_10,2026-05-05 00:06:50.680446+05:30
6344,J1_KOLLUPITIYA,2026-05-05 00:06:40.588550+05:30,137,5.22,SPEED_BELOW_10,2026-05-05 00:06:50.214940+05:30
6346,J3_TOWN_HALL,2026-05-05 00:06:40.125650+05:30,150,5.94,SPEED_BELOW_10,2026-05-05 00:06:50.680446+05:30
6343,J1_KOLLUPITIYA,2026-05-05 00:06:39.116957+05:30,139,8.33,SPEED_BELOW_10,2026-05-05 00:06:40.632826+05:30
6342,J4_BORELLA,2026-05-05 00:06:37.570568+05:30,144,6.85,SPEED_BELOW_10,2026-05-05 00:06:40.632826+05:30
6341,J1_KOLLUPITIYA,2026-05-05 00:06:37.103524+05:30,126,5.14,SPEED_BELOW_10,2026-05-05 00:06:40.632826+05:30
6340,J4_BORELLA,2026-05-05 00:06:36.101215+05:30,112,9.53,SPEED_BELOW_10,2026-05-05 00:06:40.632826+05:30
6337,J2_BAMBALAPITIYA,2026-05-05 00:06:35.558351+05:30,107,9.62,SPEED_BELOW_10,2026-05-05 00:06:40.628795+05:30
6339,J4_BORELLA,2026-05-05 00:06:32.781680+05:30,143,2.68,SPEED_BELOW_10,2026-05-05 00:06:40.632826+05:30
6338,J4_BORELLA,2026-05-05 00:06:30.763470+05:30,106,5.29,SPEED_BELOW_10,2026-05-05 00:06:40.632826+05:30
6336,J4_BORELLA,2026-05-05 00:06:29.755816+05:30,131,4.51,SPEED_BELOW_10,2026-05-05 00:06:30.567614+05:30
6335,J1_KOLLUPITIYA,2026-05-05 00:06:27.028901+05:30,127,5.85,SPEED_BELOW_10,2026-05-05 00:06:30.567614+05:30
6332,J2_BAMBALAPITIYA,2026-05-05 00:06:26.024317+05:30,143,2.78,SPEED_BELOW_10,2026-05-05 00:06:30.536158+05:30
6331,J2_BAMBALAPITIYA,2026-05-05 00:06:24.482156+05:30,100,5.48,SPEED_BELOW_10,2026-05-05 00:06:30.536158+05:30
6330,J2_BAMBALAPITIYA,2026-05-05 00:06:23.007976+05:30,138,4.96,SPEED_BELOW_10,2026-05-05 00:06:30.536158+05:30
6334,J4_BORELLA,2026-05-05 00:06:22.003638+05:30,95,7.81,SPEED_BELOW_10,2026-05-05 00:06:30.567614+05:30
6333,J1_KOLLUPITIYA,2026-05-05 00:06:21.998329+05:30,147,4.04,SPEED_BELOW_10,2026-05-05 00:06:30.567614+05:30
6328,J3_TOWN_HALL,2026-05-05 00:06:20.450853+05:30,135,8.58,SPEED_BELOW_10,2026-05-05 00:06:30.536389+05:30
6329,J2_BAMBALAPITIYA,2026-05-05 00:06:20.449063+05:30,146,6.24,SPEED_BELOW_10,2026-05-05 00:06:30.536158+05:30
6325,J4_BORELLA,2026-05-05 00:06:19.445225+05:30,150,4.09,SPEED_BELOW_10,2026-05-05 00:06:20.502185+05:30
6324,J1_KOLLUPITIYA,2026-05-05 00:06:18.661523+05:30,122,2.15,SPEED_BELOW_10,2026-05-05 00:06:20.502185+05:30
6323,J4_BORELLA,2026-05-05 00:06:17.968544+05:30,100,6.11,SPEED_BELOW_10,2026-05-05 00:06:20.502185+05:30
6322,J1_KOLLUPITIYA,2026-05-05 00:06:16.650088+05:30,134,7.20,SPEED_BELOW_10,2026-05-05 00:06:20.502185+05:30
6327,J3_TOWN_HALL,2026-05-05 00:06:14.939545+05:30,144,6.40,SPEED_BELOW_10,2026-05-05 00:06:20.519977+05:30
6321,J1_KOLLUPITIYA,2026-05-05 00:06:14.413824+05:30,144,8.96,SPEED_BELOW_10,2026-05-05 00:06:20.502185+05:30
6326,J2_BAMBALAPITIYA,2026-05-05 00:06:12.619309+05:30,148,2.09,SPEED_BELOW_10,2026-05-05 00:06:20.508605+05:30
6315,J2_BAMBALAPITIYA,2026-05-05 00:06:08.375819+05:30,107,4.15,SPEED_BELOW_10,2026-05-05 00:06:10.399934+05:30
6318,J1_KOLLUPITIYA,2026-05-05 00:06:06.361844+05:30,149,2.96,SPEED_BELOW_10,2026-05-05 00:06:10.447403+05:30
6314,J2_BAMBALAPITIYA,2026-05-05 00:06:04.879847+05:30,94,9.17,SPEED_BELOW_10,2026-05-05 00:06:10.399934+05:30
6320,J3_TOWN_HALL,2026-05-05 00:06:04.352028+05:30,144,4.12,SPEED_BELOW_10,2026-05-05 00:06:10.447149+05:30
6319,J3_TOWN_HALL,2026-05-05 00:06:03.873121+05:30,146,3.68,SPEED_BELOW_10,2026-05-05 00:06:10.447149+05:30
6317,J3_TOWN_HALL,2026-05-05 00:06:01.330252+05:30,91,7.51,SPEED_BELOW_10,2026-05-05 00:06:10.447149+05:30
6316,J1_KOLLUPITIYA,2026-05-05 00:06:00.853030+05:30,109,8.47,SPEED_BELOW_10,2026-05-05 00:06:10.447403+05:30
6313,J2_BAMBALAPITIYA,2026-05-05 00:06:00.314174+05:30,140,2.88,SPEED_BELOW_10,2026-05-05 00:06:10.399934+05:30
6312,J1_KOLLUPITIYA,2026-05-05 00:05:59.847258+05:30,100,3.16,SPEED_BELOW_10,2026-05-05 00:06:00.362300+05:30
6311,J4_BORELLA,2026-05-05 00:05:53.514337+05:30,108,2.98,SPEED_BELOW_10,2026-05-05 00:06:00.362300+05:30
6310,J4_BORELLA,2026-05-05 00:05:52.505124+05:30,105,4.23,SPEED_BELOW_10,2026-05-05 00:06:00.362300+05:30
6309,J4_BORELLA,2026-05-05 00:05:52.263943+05:30,116,2.35,SPEED_BELOW_10,2026-05-05 00:06:00.362300+05:30
6303,J2_BAMBALAPITIYA,2026-05-05 00:05:48.763897+05:30,95,6.12,SPEED_BELOW_10,2026-05-05 00:05:50.311109+05:30
6301,J1_KOLLUPITIYA,2026-05-05 00:05:48.761848+05:30,91,3.50,SPEED_BELOW_10,2026-05-05 00:05:50.309169+05:30
6300,J1_KOLLUPITIYA,2026-05-05 00:05:46.463483+05:30,137,5.53,SPEED_BELOW_10,2026-05-05 00:05:50.309169+05:30
6299,J4_BORELLA,2026-05-05 00:05:46.183538+05:30,149,9.80,SPEED_BELOW_10,2026-05-05 00:05:50.309169+05:30
6302,J2_BAMBALAPITIYA,2026-05-05 00:05:45.176317+05:30,105,9.90,SPEED_BELOW_10,2026-05-05 00:05:50.311109+05:30
6308,J3_TOWN_HALL,2026-05-05 00:05:44.742102+05:30,113,6.62,SPEED_BELOW_10,2026-05-05 00:05:50.312863+05:30
6307,J3_TOWN_HALL,2026-05-05 00:05:44.451456+05:30,145,9.45,SPEED_BELOW_10,2026-05-05 00:05:50.312863+05:30
6306,J3_TOWN_HALL,2026-05-05 00:05:43.732850+05:30,124,6.00,SPEED_BELOW_10,2026-05-05 00:05:50.312863+05:30
6298,J1_KOLLUPITIYA,2026-05-05 00:05:43.443634+05:30,107,8.59,SPEED_BELOW_10,2026-05-05 00:05:50.309169+05:30
6305,J3_TOWN_HALL,2026-05-05 00:05:41.155569+05:30,127,8.33,SPEED_BELOW_10,2026-05-05 00:05:50.312863+05:30
6304,J3_TOWN_HALL,2026-05-05 00:05:40.417641+05:30,123,7.79,SPEED_BELOW_10,2026-05-05 00:05:50.312863+05:30
6296,J4_BORELLA,2026-05-05 00:05:39.144479+05:30,103,3.77,SPEED_BELOW_10,2026-05-05 00:05:40.454740+05:30
6294,J1_KOLLUPITIYA,2026-05-05 00:05:38.698735+05:30,148,7.69,SPEED_BELOW_10,2026-05-05 00:05:40.454740+05:30
6293,J3_TOWN_HALL,2026-05-05 00:05:37.694109+05:30,117,6.60,SPEED_BELOW_10,2026-05-05 00:05:40.230626+05:30
6297,J2_BAMBALAPITIYA,2026-05-05 00:05:37.392357+05:30,137,6.53,SPEED_BELOW_10,2026-05-05 00:05:40.454961+05:30
6292,J3_TOWN_HALL,2026-05-05 00:05:33.362886+05:30,141,8.62,SPEED_BELOW_10,2026-05-05 00:05:40.230626+05:30
6291,J3_TOWN_HALL,2026-05-05 00:05:33.102999+05:30,150,3.13,SPEED_BELOW_10,2026-05-05 00:05:40.230626+05:30
6295,J2_BAMBALAPITIYA,2026-05-05 00:05:31.654923+05:30,128,8.27,SPEED_BELOW_10,2026-05-05 00:05:40.454961+05:30
6287,J3_TOWN_HALL,2026-05-05 00:05:27.328001+05:30,100,9.44,SPEED_BELOW_10,2026-05-05 00:05:30.405207+05:30
6290,J2_BAMBALAPITIYA,2026-05-05 00:05:27.327064+05:30,93,6.85,SPEED_BELOW_10,2026-05-05 00:05:30.409750+05:30
6286,J3_TOWN_HALL,2026-05-05 00:05:22.300002+05:30,140,5.89,SPEED_BELOW_10,2026-05-05 00:05:30.405207+05:30
6289,J1_KOLLUPITIYA,2026-05-05 00:05:22.036295+05:30,90,2.79,SPEED_BELOW_10,2026-05-05 00:05:30.405040+05:30
6288,J4_BORELLA,2026-05-05 00:05:21.293110+05:30,143,4.54,SPEED_BELOW_10,2026-05-05 00:05:30.405040+05:30
6285,J2_BAMBALAPITIYA,2026-05-05 00:05:19.014506+05:30,141,2.32,SPEED_BELOW_10,2026-05-05 00:05:20.372039+05:30
6283,J3_TOWN_HALL,2026-05-05 00:05:18.003038+05:30,103,5.40,SPEED_BELOW_10,2026-05-05 00:05:20.359227+05:30
6284,J2_BAMBALAPITIYA,2026-05-05 00:05:18.001021+05:30,101,7.19,SPEED_BELOW_10,2026-05-05 00:05:20.372039+05:30
6282,J1_KOLLUPITIYA,2026-05-05 00:05:16.229098+05:30,107,4.36,SPEED_BELOW_10,2026-05-05 00:05:20.353974+05:30
6281,J4_BORELLA,2026-05-05 00:05:13.548532+05:30,112,3.65,SPEED_BELOW_10,2026-05-05 00:05:20.353974+05:30
6275,J2_BAMBALAPITIYA,2026-05-05 00:05:09.177902+05:30,142,7.05,SPEED_BELOW_10,2026-05-05 00:05:10.250772+05:30
6274,J2_BAMBALAPITIYA,2026-05-05 00:05:07.155328+05:30,105,5.70,SPEED_BELOW_10,2026-05-05 00:05:10.250772+05:30
6280,J3_TOWN_HALL,2026-05-05 00:05:05.140485+05:30,148,5.74,SPEED_BELOW_10,2026-05-05 00:05:10.293282+05:30
6279,J3_TOWN_HALL,2026-05-05 00:05:04.886961+05:30,146,6.23,SPEED_BELOW_10,2026-05-05 00:05:10.293282+05:30
6273,J2_BAMBALAPITIYA,2026-05-05 00:05:03.880719+05:30,140,7.67,SPEED_BELOW_10,2026-05-05 00:05:10.250772+05:30
6278,J4_BORELLA,2026-05-05 00:05:02.121147+05:30,138,8.84,SPEED_BELOW_10,2026-05-05 00:05:10.282241+05:30
6277,J1_KOLLUPITIYA,2026-05-05 00:05:02.115302+05:30,118,6.17,SPEED_BELOW_10,2026-05-05 00:05:10.282241+05:30
6276,J4_BORELLA,2026-05-05 00:05:01.869763+05:30,120,2.07,SPEED_BELOW_10,2026-05-05 00:05:10.282241+05:30
6269,J4_BORELLA,2026-05-05 00:04:59.854797+05:30,112,4.99,SPEED_BELOW_10,2026-05-05 00:05:00.533644+05:30
6271,J2_BAMBALAPITIYA,2026-05-05 00:04:56.793756+05:30,149,8.78,SPEED_BELOW_10,2026-05-05 00:05:00.546491+05:30
6268,J4_BORELLA,2026-05-05 00:04:55.847823+05:30,94,3.06,SPEED_BELOW_10,2026-05-05 00:05:00.533644+05:30
6270,J2_BAMBALAPITIYA,2026-05-05 00:04:55.317626+05:30,134,8.33,SPEED_BELOW_10,2026-05-05 00:05:00.546491+05:30
6272,J3_TOWN_HALL,2026-05-05 00:04:54.303313+05:30,126,3.28,SPEED_BELOW_10,2026-05-05 00:05:00.550045+05:30
6267,J4_BORELLA,2026-05-05 00:04:52.781353+05:30,101,8.97,SPEED_BELOW_10,2026-05-05 00:05:00.533644+05:30
6266,J1_KOLLUPITIYA,2026-05-05 00:04:52.288478+05:30,94,3.46,SPEED_BELOW_10,2026-05-05 00:05:00.533644+05:30
6260,J3_TOWN_HALL,2026-05-05 00:04:47.747810+05:30,94,4.14,SPEED_BELOW_10,2026-05-05 00:04:50.322620+05:30
6265,J1_KOLLUPITIYA,2026-05-05 00:04:46.722817+05:30,138,3.40,SPEED_BELOW_10,2026-05-05 00:04:50.322789+05:30
6264,J4_BORELLA,2026-05-05 00:04:45.719942+05:30,101,6.97,SPEED_BELOW_10,2026-05-05 00:04:50.322789+05:30
6263,J4_BORELLA,2026-05-05 00:04:45.241111+05:30,144,2.63,SPEED_BELOW_10,2026-05-05 00:04:50.322789+05:30
6262,J4_BORELLA,2026-05-05 00:04:43.726891+05:30,140,6.68,SPEED_BELOW_10,2026-05-05 00:04:50.322789+05:30
6261,J1_KOLLUPITIYA,2026-05-05 00:04:40.687116+05:30,119,6.83,SPEED_BELOW_10,2026-05-05 00:04:50.322789+05:30
6258,J1_KOLLUPITIYA,2026-05-05 00:04:37.194591+05:30,135,4.60,SPEED_BELOW_10,2026-05-05 00:04:40.280057+05:30
6257,J4_BORELLA,2026-05-05 00:04:36.685632+05:30,113,6.09,SPEED_BELOW_10,2026-05-05 00:04:40.280057+05:30
6256,J3_TOWN_HALL,2026-05-05 00:04:34.173794+05:30,103,2.25,SPEED_BELOW_10,2026-05-05 00:04:40.279951+05:30
6259,J2_BAMBALAPITIYA,2026-05-05 00:04:32.663218+05:30,135,3.49,SPEED_BELOW_10,2026-05-05 00:04:40.300474+05:30
6254,J1_KOLLUPITIYA,2026-05-05 00:04:29.612120+05:30,101,3.10,SPEED_BELOW_10,2026-05-05 00:04:30.625869+05:30
6253,J1_KOLLUPITIYA,2026-05-05 00:04:27.129002+05:30,119,2.29,SPEED_BELOW_10,2026-05-05 00:04:30.625869+05:30
6252,J1_KOLLUPITIYA,2026-05-05 00:04:25.589969+05:30,121,7.72,SPEED_BELOW_10,2026-05-05 00:04:30.625869+05:30
6255,J3_TOWN_HALL,2026-05-05 00:04:24.111939+05:30,110,7.07,SPEED_BELOW_10,2026-05-05 00:04:30.676665+05:30
6251,J4_BORELLA,2026-05-05 00:04:20.085999+05:30,111,6.47,SPEED_BELOW_10,2026-05-05 00:04:30.625869+05:30
6250,J4_BORELLA,2026-05-05 00:04:19.550066+05:30,92,4.77,SPEED_BELOW_10,2026-05-05 00:04:20.606654+05:30
6245,J2_BAMBALAPITIYA,2026-05-05 00:04:17.531228+05:30,108,8.19,SPEED_BELOW_10,2026-05-05 00:04:20.606425+05:30
6249,J1_KOLLUPITIYA,2026-05-05 00:04:15.512801+05:30,130,7.75,SPEED_BELOW_10,2026-05-05 00:04:20.606654+05:30
6248,J1_KOLLUPITIYA,2026-05-05 00:04:14.505952+05:30,146,2.39,SPEED_BELOW_10,2026-05-05 00:04:20.606654+05:30
6247,J1_KOLLUPITIYA,2026-05-05 00:04:12.532738+05:30,110,2.34,SPEED_BELOW_10,2026-05-05 00:04:20.606654+05:30
6246,J4_BORELLA,2026-05-05 00:04:10.505509+05:30,121,4.14,SPEED_BELOW_10,2026-05-05 00:04:20.606654+05:30
6244,J3_TOWN_HALL,2026-05-05 00:04:09.268070+05:30,116,2.46,SPEED_BELOW_10,2026-05-05 00:04:10.619764+05:30
6243,J2_BAMBALAPITIYA,2026-05-05 00:04:01.215842+05:30,102,3.43,SPEED_BELOW_10,2026-05-05 00:04:10.612382+05:30
6242,J4_BORELLA,2026-05-05 00:04:00.964506+05:30,95,4.64,SPEED_BELOW_10,2026-05-05 00:04:10.579124+05:30
6241,J2_BAMBALAPITIYA,2026-05-05 00:03:59.204389+05:30,112,6.31,SPEED_BELOW_10,2026-05-05 00:04:00.820978+05:30
6240,J2_BAMBALAPITIYA,2026-05-05 00:03:58.184294+05:30,99,3.75,SPEED_BELOW_10,2026-05-05 00:04:00.820978+05:30
6239,J2_BAMBALAPITIYA,2026-05-05 00:03:57.940985+05:30,147,5.44,SPEED_BELOW_10,2026-05-05 00:04:00.820978+05:30
6238,J2_BAMBALAPITIYA,2026-05-05 00:03:56.935490+05:30,113,4.86,SPEED_BELOW_10,2026-05-05 00:04:00.820978+05:30
6234,J4_BORELLA,2026-05-05 00:03:56.188588+05:30,133,6.23,SPEED_BELOW_10,2026-05-05 00:04:00.784346+05:30
6233,J4_BORELLA,2026-05-05 00:03:53.159676+05:30,145,9.32,SPEED_BELOW_10,2026-05-05 00:04:00.784346+05:30
6237,J3_TOWN_HALL,2026-05-05 00:03:52.151425+05:30,133,2.92,SPEED_BELOW_10,2026-05-05 00:04:00.821027+05:30
6232,J4_BORELLA,2026-05-05 00:03:51.879228+05:30,115,5.67,SPEED_BELOW_10,2026-05-05 00:04:00.784346+05:30
6235,J2_BAMBALAPITIYA,2026-05-05 00:03:50.857536+05:30,92,9.84,SPEED_BELOW_10,2026-05-05 00:04:00.820978+05:30
6236,J3_TOWN_HALL,2026-05-05 00:03:50.124154+05:30,110,5.60,SPEED_BELOW_10,2026-05-05 00:04:00.821027+05:30
6229,J3_TOWN_HALL,2026-05-05 00:03:49.114931+05:30,149,7.16,SPEED_BELOW_10,2026-05-05 00:03:50.984412+05:30
6228,J3_TOWN_HALL,2026-05-05 00:03:48.111053+05:30,101,5.56,SPEED_BELOW_10,2026-05-05 00:03:50.984412+05:30
6227,J3_TOWN_HALL,2026-05-05 00:03:45.093959+05:30,139,2.80,SPEED_BELOW_10,2026-05-05 00:03:50.984412+05:30
6226,J2_BAMBALAPITIYA,2026-05-05 00:03:44.086823+05:30,113,3.01,SPEED_BELOW_10,2026-05-05 00:03:50.952542+05:30
6231,J4_BORELLA,2026-05-05 00:03:42.079937+05:30,90,3.80,SPEED_BELOW_10,2026-05-05 00:03:50.978893+05:30
6230,J1_KOLLUPITIYA,2026-05-05 00:03:41.802162+05:30,142,4.86,SPEED_BELOW_10,2026-05-05 00:03:50.978893+05:30
6223,J2_BAMBALAPITIYA,2026-05-05 00:03:36.035426+05:30,93,3.76,SPEED_BELOW_10,2026-05-05 00:03:40.693058+05:30
6225,J3_TOWN_HALL,2026-05-05 00:03:35.030759+05:30,100,2.03,SPEED_BELOW_10,2026-05-05 00:03:40.695154+05:30
6224,J1_KOLLUPITIYA,2026-05-05 00:03:34.022420+05:30,105,9.54,SPEED_BELOW_10,2026-05-05 00:03:40.695165+05:30
6219,J2_BAMBALAPITIYA,2026-05-05 00:03:23.972476+05:30,96,2.84,SPEED_BELOW_10,2026-05-05 00:03:30.815299+05:30
6222,J3_TOWN_HALL,2026-05-05 00:03:23.716006+05:30,128,9.42,SPEED_BELOW_10,2026-05-05 00:03:30.819675+05:30
6218,J1_KOLLUPITIYA,2026-05-05 00:03:22.967480+05:30,136,9.02,SPEED_BELOW_10,2026-05-05 00:03:30.811101+05:30
6221,J3_TOWN_HALL,2026-05-05 00:03:21.961569+05:30,130,2.70,SPEED_BELOW_10,2026-05-05 00:03:30.819675+05:30
6220,J3_TOWN_HALL,2026-05-05 00:03:21.707159+05:30,131,4.45,SPEED_BELOW_10,2026-05-05 00:03:30.819675+05:30
6217,J1_KOLLUPITIYA,2026-05-05 00:03:19.947264+05:30,147,3.65,SPEED_BELOW_10,2026-05-05 00:03:20.702562+05:30
6214,J3_TOWN_HALL,2026-05-05 00:03:17.931502+05:30,96,7.59,SPEED_BELOW_10,2026-05-05 00:03:20.700980+05:30
6216,J4_BORELLA,2026-05-05 00:03:17.680505+05:30,119,4.42,SPEED_BELOW_10,2026-05-05 00:03:20.702562+05:30
6215,J4_BORELLA,2026-05-05 00:03:14.647896+05:30,114,2.26,SPEED_BELOW_10,2026-05-05 00:03:20.702562+05:30
6213,J1_KOLLUPITIYA,2026-05-05 00:03:09.616634+05:30,128,7.75,SPEED_BELOW_10,2026-05-05 00:03:10.679102+05:30
6212,J4_BORELLA,2026-05-05 00:03:07.856277+05:30,109,6.44,SPEED_BELOW_10,2026-05-05 00:03:10.679102+05:30
6211,J3_TOWN_HALL,2026-05-05 00:03:07.854057+05:30,139,6.14,SPEED_BELOW_10,2026-05-05 00:03:10.678323+05:30
6205,J4_BORELLA,2026-05-05 00:02:59.580991+05:30,137,6.61,SPEED_BELOW_10,2026-05-05 00:03:00.630617+05:30
6204,J1_KOLLUPITIYA,2026-05-05 00:02:58.813116+05:30,124,7.98,SPEED_BELOW_10,2026-05-05 00:03:00.630617+05:30
6209,J2_BAMBALAPITIYA,2026-05-05 00:02:55.726759+05:30,123,6.76,SPEED_BELOW_10,2026-05-05 00:03:00.633616+05:30
6203,J1_KOLLUPITIYA,2026-05-05 00:02:54.552201+05:30,147,8.43,SPEED_BELOW_10,2026-05-05 00:03:00.630617+05:30
6210,J3_TOWN_HALL,2026-05-05 00:02:53.713310+05:30,144,6.43,SPEED_BELOW_10,2026-05-05 00:03:00.633622+05:30
6207,J2_BAMBALAPITIYA,2026-05-05 00:02:52.713000+05:30,124,2.08,SPEED_BELOW_10,2026-05-05 00:03:00.633616+05:30
6208,J3_TOWN_HALL,2026-05-05 00:02:52.707018+05:30,149,6.68,SPEED_BELOW_10,2026-05-05 00:03:00.633622+05:30
6206,J3_TOWN_HALL,2026-05-05 00:02:51.535121+05:30,113,7.87,SPEED_BELOW_10,2026-05-05 00:03:00.633622+05:30
6202,J3_TOWN_HALL,2026-05-05 00:02:49.698581+05:30,111,4.80,SPEED_BELOW_10,2026-05-05 00:02:50.579260+05:30
6201,J4_BORELLA,2026-05-05 00:02:47.684709+05:30,107,7.76,SPEED_BELOW_10,2026-05-05 00:02:50.577560+05:30
6199,J2_BAMBALAPITIYA,2026-05-05 00:02:44.661070+05:30,139,3.78,SPEED_BELOW_10,2026-05-05 00:02:50.573821+05:30
6200,J1_KOLLUPITIYA,2026-05-05 00:02:43.652147+05:30,116,9.45,SPEED_BELOW_10,2026-05-05 00:02:50.577560+05:30
6195,J2_BAMBALAPITIYA,2026-05-05 00:02:39.470006+05:30,143,2.34,SPEED_BELOW_10,2026-05-05 00:02:40.516190+05:30
6194,J2_BAMBALAPITIYA,2026-05-05 00:02:38.625382+05:30,139,4.82,SPEED_BELOW_10,2026-05-05 00:02:40.516190+05:30
6193,J2_BAMBALAPITIYA,2026-05-05 00:02:36.611789+05:30,135,7.00,SPEED_BELOW_10,2026-05-05 00:02:40.516190+05:30
6198,J4_BORELLA,2026-05-05 00:02:35.449625+05:30,106,7.14,SPEED_BELOW_10,2026-05-05 00:02:40.519566+05:30
6197,J4_BORELLA,2026-05-05 00:02:34.433233+05:30,102,2.96,SPEED_BELOW_10,2026-05-05 00:02:40.519566+05:30
6196,J4_BORELLA,2026-05-05 00:02:33.407942+05:30,120,8.66,SPEED_BELOW_10,2026-05-05 00:02:40.519566+05:30
6192,J3_TOWN_HALL,2026-05-05 00:02:32.585862+05:30,109,7.40,SPEED_BELOW_10,2026-05-05 00:02:40.480975+05:30
6191,J3_TOWN_HALL,2026-05-05 00:02:30.378704+05:30,108,6.73,SPEED_BELOW_10,2026-05-05 00:02:40.480975+05:30
6190,J2_BAMBALAPITIYA,2026-05-05 00:02:28.576508+05:30,125,5.54,SPEED_BELOW_10,2026-05-05 00:02:30.444454+05:30
6189,J1_KOLLUPITIYA,2026-05-05 00:02:28.574900+05:30,141,7.85,SPEED_BELOW_10,2026-05-05 00:02:30.437578+05:30
6188,J4_BORELLA,2026-05-05 00:02:28.369374+05:30,144,2.54,SPEED_BELOW_10,2026-05-05 00:02:30.437578+05:30
6187,J4_BORELLA,2026-05-05 00:02:24.542493+05:30,146,7.15,SPEED_BELOW_10,2026-05-05 00:02:30.437578+05:30
6184,J1_KOLLUPITIYA,2026-05-05 00:02:19.505420+05:30,125,3.57,SPEED_BELOW_10,2026-05-05 00:02:20.380682+05:30
6186,J2_BAMBALAPITIYA,2026-05-05 00:02:16.313057+05:30,145,3.59,SPEED_BELOW_10,2026-05-05 00:02:20.381979+05:30
6185,J3_TOWN_HALL,2026-05-05 00:02:14.469523+05:30,150,6.39,SPEED_BELOW_10,2026-05-05 00:02:20.380529+05:30
6182,J1_KOLLUPITIYA,2026-05-05 00:02:14.466375+05:30,102,6.21,SPEED_BELOW_10,2026-05-05 00:02:20.380682+05:30
6183,J3_TOWN_HALL,2026-05-05 00:02:12.446740+05:30,139,9.22,SPEED_BELOW_10,2026-05-05 00:02:20.380529+05:30
6179,J4_BORELLA,2026-05-05 00:02:09.280110+05:30,147,9.70,SPEED_BELOW_10,2026-05-05 00:02:10.528038+05:30
6178,J4_BORELLA,2026-05-05 00:02:07.268260+05:30,133,9.66,SPEED_BELOW_10,2026-05-05 00:02:10.528038+05:30
6181,J3_TOWN_HALL,2026-05-05 00:02:07.266651+05:30,121,4.83,SPEED_BELOW_10,2026-05-05 00:02:10.530325+05:30
6180,J2_BAMBALAPITIYA,2026-05-05 00:02:06.260154+05:30,143,9.66,SPEED_BELOW_10,2026-05-05 00:02:10.529854+05:30
6177,J4_BORELLA,2026-05-05 00:02:05.257269+05:30,150,4.40,SPEED_BELOW_10,2026-05-05 00:02:10.528038+05:30
6176,J4_BORELLA,2026-05-05 00:02:02.385101+05:30,92,8.16,SPEED_BELOW_10,2026-05-05 00:02:10.528038+05:30
6174,J2_BAMBALAPITIYA,2026-05-05 00:01:59.368005+05:30,93,4.62,SPEED_BELOW_10,2026-05-05 00:02:00.283502+05:30
6172,J2_BAMBALAPITIYA,2026-05-05 00:01:58.370394+05:30,138,6.78,SPEED_BELOW_10,2026-05-05 00:02:00.283502+05:30
6170,J2_BAMBALAPITIYA,2026-05-05 00:01:52.337573+05:30,91,9.30,SPEED_BELOW_10,2026-05-05 00:02:00.283502+05:30
6173,J4_BORELLA,2026-05-05 00:01:51.331416+05:30,141,3.22,SPEED_BELOW_10,2026-05-05 00:02:00.283631+05:30
6175,J3_TOWN_HALL,2026-05-05 00:01:51.329030+05:30,97,6.29,SPEED_BELOW_10,2026-05-05 00:02:00.292000+05:30
6171,J4_BORELLA,2026-05-05 00:01:50.324055+05:30,126,4.93,SPEED_BELOW_10,2026-05-05 00:02:00.283631+05:30
6164,J4_BORELLA,2026-05-05 00:01:48.324015+05:30,120,8.30,SPEED_BELOW_10,2026-05-05 00:01:50.238758+05:30
6163,J4_BORELLA,2026-05-05 00:01:48.312117+05:30,129,6.59,SPEED_BELOW_10,2026-05-05 00:01:50.238758+05:30
6169,J3_TOWN_HALL,2026-05-05 00:01:47.316404+05:30,111,9.04,SPEED_BELOW_10,2026-05-05 00:01:50.240597+05:30
6162,J1_KOLLUPITIYA,2026-05-05 00:01:47.305149+05:30,150,9.46,SPEED_BELOW_10,2026-05-05 00:01:50.238758+05:30
6166,J2_BAMBALAPITIYA,2026-05-05 00:01:45.307087+05:30,102,9.87,SPEED_BELOW_10,2026-05-05 00:01:50.240009+05:30
6168,J3_TOWN_HALL,2026-05-05 00:01:44.302447+05:30,97,8.07,SPEED_BELOW_10,2026-05-05 00:01:50.240597+05:30
6161,J1_KOLLUPITIYA,2026-05-05 00:01:41.287121+05:30,138,7.91,SPEED_BELOW_10,2026-05-05 00:01:50.238758+05:30
6167,J3_TOWN_HALL,2026-05-05 00:01:41.099022+05:30,148,7.96,SPEED_BELOW_10,2026-05-05 00:01:50.240597+05:30
6165,J2_BAMBALAPITIYA,2026-05-05 00:01:41.097687+05:30,133,4.36,SPEED_BELOW_10,2026-05-05 00:01:50.240009+05:30
6160,J3_TOWN_HALL,2026-05-05 00:01:32.233712+05:30,138,8.18,SPEED_BELOW_10,2026-05-05 00:01:40.329238+05:30
6159,J4_BORELLA,2026-05-05 00:01:32.061325+05:30,145,7.08,SPEED_BELOW_10,2026-05-05 00:01:40.328530+05:30
6157,J2_BAMBALAPITIYA,2026-05-05 00:01:31.200102+05:30,97,2.81,SPEED_BELOW_10,2026-05-05 00:01:40.324509+05:30
6158,J1_KOLLUPITIYA,2026-05-05 00:01:31.195018+05:30,113,2.97,SPEED_BELOW_10,2026-05-05 00:01:40.328530+05:30
6147,J2_BAMBALAPITIYA,2026-05-05 00:01:29.170633+05:30,105,8.15,SPEED_BELOW_10,2026-05-05 00:01:30.928019+05:30
6156,J3_TOWN_HALL,2026-05-05 00:01:28.167103+05:30,143,5.65,SPEED_BELOW_10,2026-05-05 00:01:30.960691+05:30
6153,J4_BORELLA,2026-05-05 00:01:27.162275+05:30,104,5.25,SPEED_BELOW_10,2026-05-05 00:01:30.925537+05:30
6152,J1_KOLLUPITIYA,2026-05-05 00:01:27.156949+05:30,100,6.58,SPEED_BELOW_10,2026-05-05 00:01:30.925537+05:30
6151,J4_BORELLA,2026-05-05 00:01:25.933620+05:30,106,6.11,SPEED_BELOW_10,2026-05-05 00:01:30.925537+05:30
6150,J1_KOLLUPITIYA,2026-05-05 00:01:25.931182+05:30,103,5.25,SPEED_BELOW_10,2026-05-05 00:01:30.925537+05:30
6149,J4_BORELLA,2026-05-05 00:01:23.922168+05:30,92,3.26,SPEED_BELOW_10,2026-05-05 00:01:30.925537+05:30
6155,J3_TOWN_HALL,2026-05-05 00:01:23.919671+05:30,101,3.90,SPEED_BELOW_10,2026-05-05 00:01:30.960691+05:30
6146,J2_BAMBALAPITIYA,2026-05-05 00:01:23.132046+05:30,147,4.68,SPEED_BELOW_10,2026-05-05 00:01:30.928019+05:30
6154,J3_TOWN_HALL,2026-05-05 00:01:22.131198+05:30,138,3.59,SPEED_BELOW_10,2026-05-05 00:01:30.960691+05:30
6148,J1_KOLLUPITIYA,2026-05-05 00:01:21.873919+05:30,95,7.59,SPEED_BELOW_10,2026-05-05 00:01:30.925537+05:30
6145,J2_BAMBALAPITIYA,2026-05-05 00:01:20.756035+05:30,144,9.63,SPEED_BELOW_10,2026-05-05 00:01:30.928019+05:30
6144,J3_TOWN_HALL,2026-05-05 00:01:17.737107+05:30,132,3.84,SPEED_BELOW_10,2026-05-05 00:01:20.943537+05:30
6142,J2_BAMBALAPITIYA,2026-05-05 00:01:17.586694+05:30,107,2.85,SPEED_BELOW_10,2026-05-05 00:01:20.900998+05:30
6140,J1_KOLLUPITIYA,2026-05-05 00:01:16.554308+05:30,112,4.36,SPEED_BELOW_10,2026-05-05 00:01:20.860077+05:30
6139,J4_BORELLA,2026-05-05 00:01:15.689965+05:30,102,8.22,SPEED_BELOW_10,2026-05-05 00:01:20.860077+05:30
6141,J2_BAMBALAPITIYA,2026-05-05 00:01:13.654895+05:30,124,2.09,SPEED_BELOW_10,2026-05-05 00:01:20.900998+05:30
6138,J1_KOLLUPITIYA,2026-05-05 00:01:13.536078+05:30,149,2.14,SPEED_BELOW_10,2026-05-05 00:01:20.860077+05:30
6137,J4_BORELLA,2026-05-05 00:01:11.661757+05:30,138,3.51,SPEED_BELOW_10,2026-05-05 00:01:20.860077+05:30
6143,J3_TOWN_HALL,2026-05-05 00:01:11.659102+05:30,111,7.48,SPEED_BELOW_10,2026-05-05 00:01:20.943537+05:30
6136,J1_KOLLUPITIYA,2026-05-05 00:01:10.642070+05:30,105,4.23,SPEED_BELOW_10,2026-05-05 00:01:20.860077+05:30
6132,J1_KOLLUPITIYA,2026-05-05 00:01:09.521656+05:30,104,5.02,SPEED_BELOW_10,2026-05-05 00:01:10.538921+05:30
6135,J3_TOWN_HALL,2026-05-05 00:01:08.484183+05:30,100,6.58,SPEED_BELOW_10,2026-05-05 00:01:10.638797+05:30
6131,J4_BORELLA,2026-05-05 00:01:05.442295+05:30,146,8.51,SPEED_BELOW_10,2026-05-05 00:01:10.538921+05:30
6130,J4_BORELLA,2026-05-05 00:01:03.455365+05:30,137,9.08,SPEED_BELOW_10,2026-05-05 00:01:10.538921+05:30
6133,J2_BAMBALAPITIYA,2026-05-05 00:01:02.446995+05:30,98,9.17,SPEED_BELOW_10,2026-05-05 00:01:10.604868+05:30
6129,J4_BORELLA,2026-05-05 00:01:01.416293+05:30,91,9.28,SPEED_BELOW_10,2026-05-05 00:01:10.538921+05:30
6134,J3_TOWN_HALL,2026-05-05 00:01:00.448099+05:30,141,3.28,SPEED_BELOW_10,2026-05-05 00:01:10.638797+05:30
6126,J4_BORELLA,2026-05-05 00:00:57.385927+05:30,142,6.25,SPEED_BELOW_10,2026-05-05 00:01:00.458510+05:30
6128,J2_BAMBALAPITIYA,2026-05-05 00:00:55.357180+05:30,103,7.45,SPEED_BELOW_10,2026-05-05 00:01:00.458790+05:30
6125,J1_KOLLUPITIYA,2026-05-05 00:00:53.378685+05:30,127,2.98,SPEED_BELOW_10,2026-05-05 00:01:00.458510+05:30
6123,J1_KOLLUPITIYA,2026-05-05 00:00:53.323113+05:30,124,9.49,SPEED_BELOW_10,2026-05-05 00:01:00.458510+05:30
6127,J2_BAMBALAPITIYA,2026-05-05 00:00:51.314822+05:30,136,3.53,SPEED_BELOW_10,2026-05-05 00:01:00.458790+05:30
6124,J2_BAMBALAPITIYA,2026-05-05 00:00:50.298702+05:30,149,2.07,SPEED_BELOW_10,2026-05-05 00:01:00.458790+05:30
6122,J3_TOWN_HALL,2026-05-05 00:00:49.281412+05:30,93,2.48,SPEED_BELOW_10,2026-05-05 00:00:50.428861+05:30
6121,J2_BAMBALAPITIYA,2026-05-05 00:00:49.278205+05:30,102,9.42,SPEED_BELOW_10,2026-05-05 00:00:50.422707+05:30
6120,J1_KOLLUPITIYA,2026-05-05 00:00:48.266468+05:30,133,6.90,SPEED_BELOW_10,2026-05-05 00:00:50.378897+05:30
6119,J4_BORELLA,2026-05-05 00:00:47.297026+05:30,112,8.16,SPEED_BELOW_10,2026-05-05 00:00:50.378897+05:30
6118,J1_KOLLUPITIYA,2026-05-05 00:00:42.222800+05:30,127,6.53,SPEED_BELOW_10,2026-05-05 00:00:50.378897+05:30
6115,J3_TOWN_HALL,2026-05-05 00:00:35.035456+05:30,147,9.09,SPEED_BELOW_10,2026-05-05 00:00:40.969849+05:30
6114,J2_BAMBALAPITIYA,2026-05-05 00:00:34.077688+05:30,92,3.04,SPEED_BELOW_10,2026-05-05 00:00:40.963770+05:30
6117,J4_BORELLA,2026-05-05 00:00:33.086046+05:30,108,8.60,SPEED_BELOW_10,2026-05-05 00:00:40.990391+05:30
6113,J2_BAMBALAPITIYA,2026-05-05 00:00:32.020185+05:30,93,2.51,SPEED_BELOW_10,2026-05-05 00:00:40.963770+05:30
6116,J4_BORELLA,2026-05-05 00:00:30.069269+05:30,147,9.76,SPEED_BELOW_10,2026-05-05 00:00:40.990391+05:30
6111,J4_BORELLA,2026-05-05 00:00:29.049294+05:30,119,6.25,SPEED_BELOW_10,2026-05-05 00:00:30.734507+05:30
6110,J1_KOLLUPITIYA,2026-05-05 00:00:28.035633+05:30,97,3.84,SPEED_BELOW_10,2026-05-05 00:00:30.734507+05:30
6112,J3_TOWN_HALL,2026-05-05 00:00:27.035868+05:30,149,5.35,SPEED_BELOW_10,2026-05-05 00:00:30.738749+05:30
6106,J2_BAMBALAPITIYA,2026-05-05 00:00:27.032519+05:30,124,9.01,SPEED_BELOW_10,2026-05-05 00:00:30.724917+05:30
6109,J4_BORELLA,2026-05-05 00:00:26.023612+05:30,138,5.09,SPEED_BELOW_10,2026-05-05 00:00:30.734507+05:30
6105,J2_BAMBALAPITIYA,2026-05-05 00:00:26.020168+05:30,109,9.88,SPEED_BELOW_10,2026-05-05 00:00:30.724917+05:30
6104,J2_BAMBALAPITIYA,2026-05-05 00:00:26.017832+05:30,125,6.29,SPEED_BELOW_10,2026-05-05 00:00:30.724917+05:30
6103,J2_BAMBALAPITIYA,2026-05-05 00:00:25.012718+05:30,125,4.42,SPEED_BELOW_10,2026-05-05 00:00:30.724917+05:30
6108,J1_KOLLUPITIYA,2026-05-05 00:00:25.009847+05:30,101,4.04,SPEED_BELOW_10,2026-05-05 00:00:30.734507+05:30
6107,J4_BORELLA,2026-05-05 00:00:21.971831+05:30,147,2.92,SPEED_BELOW_10,2026-05-05 00:00:30.734507+05:30
6099,J4_BORELLA,2026-05-05 00:00:19.974703+05:30,125,5.60,SPEED_BELOW_10,2026-05-05 00:00:20.704397+05:30
6094,J3_TOWN_HALL,2026-05-05 00:00:19.955198+05:30,100,7.96,SPEED_BELOW_10,2026-05-05 00:00:20.703958+05:30
6098,J4_BORELLA,2026-05-05 00:00:17.938305+05:30,98,2.22,SPEED_BELOW_10,2026-05-05 00:00:20.704397+05:30
6097,J4_BORELLA,2026-05-05 00:00:15.953551+05:30,110,4.18,SPEED_BELOW_10,2026-05-05 00:00:20.704397+05:30
6102,J2_BAMBALAPITIYA,2026-05-05 00:00:15.950200+05:30,115,6.17,SPEED_BELOW_10,2026-05-05 00:00:20.704872+05:30
6096,J1_KOLLUPITIYA,2026-05-05 00:00:14.916850+05:30,147,6.26,SPEED_BELOW_10,2026-05-05 00:00:20.704397+05:30
6101,J2_BAMBALAPITIYA,2026-05-05 00:00:12.932084+05:30,141,2.46,SPEED_BELOW_10,2026-05-05 00:00:20.704872+05:30
6100,J2_BAMBALAPITIYA,2026-05-05 00:00:12.930161+05:30,132,5.26,SPEED_BELOW_10,2026-05-05 00:00:20.704872+05:30
6095,J1_KOLLUPITIYA,2026-05-05 00:00:12.903766+05:30,117,9.49,SPEED_BELOW_10,2026-05-05 00:00:20.704397+05:30
6093,J2_BAMBALAPITIYA,2026-05-05 00:00:08.902982+05:30,149,6.66,SPEED_BELOW_10,2026-05-05 00:00:10.808269+05:30
6090,J4_BORELLA,2026-05-05 00:00:07.898404+05:30,144,3.33,SPEED_BELOW_10,2026-05-05 00:00:10.805599+05:30
6089,J1_KOLLUPITIYA,2026-05-05 00:00:07.891415+05:30,142,9.30,SPEED_BELOW_10,2026-05-05 00:00:10.805599+05:30
6088,J1_KOLLUPITIYA,2026-05-05 00:00:06.884484+05:30,131,5.63,SPEED_BELOW_10,2026-05-05 00:00:10.805599+05:30
6085,J3_TOWN_HALL,2026-05-05 00:00:03.809496+05:30,123,3.71,SPEED_BELOW_10,2026-05-05 00:00:10.802541+05:30
6087,J4_BORELLA,2026-05-05 00:00:02.842796+05:30,136,5.60,SPEED_BELOW_10,2026-05-05 00:00:10.805599+05:30
6092,J2_BAMBALAPITIYA,2026-05-05 00:00:01.798814+05:30,120,4.94,SPEED_BELOW_10,2026-05-05 00:00:10.808269+05:30
6091,J2_BAMBALAPITIYA,2026-05-05 00:00:00.828178+05:30,137,7.12,SPEED_BELOW_10,2026-05-05 00:00:10.808269+05:30
6086,J1_KOLLUPITIYA,2026-05-05 00:00:00.827535+05:30,103,6.71,SPEED_BELOW_10,2026-05-05 00:00:10.805599+05:30
