id,sensor_id,event_time,vehicle_count,avg_speed,alert_type,alerted_at
2997,J4_BORELLA,2026-05-04 20:11:06.610889+05:30,149,5.06,SPEED_BELOW_10,2026-05-04 20:11:10.705509+05:30
2993,J3_TOWN_HALL,2026-05-04 20:11:04.697810+05:30,139,6.39,SPEED_BELOW_10,2026-05-04 20:11:10.378295+05:30
2992,J3_TOWN_HALL,2026-05-04 20:11:04.588949+05:30,132,5.04,SPEED_BELOW_10,2026-05-04 20:11:10.378295+05:30
2996,J1_KOLLUPITIYA,2026-05-04 20:11:04.584923+05:30,136,8.58,SPEED_BELOW_10,2026-05-04 20:11:10.705509+05:30
2995,J4_BORELLA,2026-05-04 20:11:04.221418+05:30,129,6.36,SPEED_BELOW_10,2026-05-04 20:11:10.705509+05:30
2994,J1_KOLLUPITIYA,2026-05-04 20:11:02.536742+05:30,132,2.19,SPEED_BELOW_10,2026-05-04 20:11:10.705509+05:30
2991,J3_TOWN_HALL,2026-05-04 20:11:00.618464+05:30,101,6.89,SPEED_BELOW_10,2026-05-04 20:11:10.378295+05:30
2990,J1_KOLLUPITIYA,2026-05-04 20:10:56.463443+05:30,136,8.92,SPEED_BELOW_10,2026-05-04 20:11:00.585599+05:30
2988,J2_BAMBALAPITIYA,2026-05-04 20:10:55.092616+05:30,98,3.26,SPEED_BELOW_10,2026-05-04 20:11:00.582508+05:30
2989,J4_BORELLA,2026-05-04 20:10:52.356087+05:30,95,6.27,SPEED_BELOW_10,2026-05-04 20:11:00.585599+05:30
2987,J2_BAMBALAPITIYA,2026-05-04 20:10:52.340108+05:30,146,2.04,SPEED_BELOW_10,2026-05-04 20:11:00.582508+05:30
2986,J3_TOWN_HALL,2026-05-04 20:10:49.288181+05:30,106,6.48,SPEED_BELOW_10,2026-05-04 20:10:51.165812+05:30
2985,J1_KOLLUPITIYA,2026-05-04 20:10:42.869961+05:30,145,2.28,SPEED_BELOW_10,2026-05-04 20:10:51.036939+05:30
2984,J4_BORELLA,2026-05-04 20:10:41.158947+05:30,121,2.89,SPEED_BELOW_10,2026-05-04 20:10:51.036939+05:30
2983,J1_KOLLUPITIYA,2026-05-04 20:10:41.146270+05:30,125,7.21,SPEED_BELOW_10,2026-05-04 20:10:51.036939+05:30
2982,J4_BORELLA,2026-05-04 20:10:41.097905+05:30,112,3.93,SPEED_BELOW_10,2026-05-04 20:10:51.036939+05:30
2981,J4_BORELLA,2026-05-04 20:10:34.007241+05:30,148,7.20,SPEED_BELOW_10,2026-05-04 20:10:41.421742+05:30
2980,J1_KOLLUPITIYA,2026-05-04 20:10:33.997561+05:30,109,8.57,SPEED_BELOW_10,2026-05-04 20:10:41.421742+05:30
2979,J1_KOLLUPITIYA,2026-05-04 20:10:29.499147+05:30,129,2.34,SPEED_BELOW_10,2026-05-04 20:10:31.298953+05:30
2977,J2_BAMBALAPITIYA,2026-05-04 20:10:25.836245+05:30,135,5.60,SPEED_BELOW_10,2026-05-04 20:10:31.197927+05:30
2976,J2_BAMBALAPITIYA,2026-05-04 20:10:25.366799+05:30,102,6.28,SPEED_BELOW_10,2026-05-04 20:10:31.197927+05:30
2975,J2_BAMBALAPITIYA,2026-05-04 20:10:22.737218+05:30,99,4.64,SPEED_BELOW_10,2026-05-04 20:10:31.197927+05:30
2978,J4_BORELLA,2026-05-04 20:10:22.663581+05:30,150,4.57,SPEED_BELOW_10,2026-05-04 20:10:31.298953+05:30
2974,J1_KOLLUPITIYA,2026-05-04 20:10:19.645655+05:30,148,4.93,SPEED_BELOW_10,2026-05-04 20:10:21.643536+05:30
2971,J2_BAMBALAPITIYA,2026-05-04 20:10:13.491570+05:30,118,8.22,SPEED_BELOW_10,2026-05-04 20:10:21.551306+05:30
2973,J4_BORELLA,2026-05-04 20:10:13.481962+05:30,114,3.63,SPEED_BELOW_10,2026-05-04 20:10:21.643536+05:30
2972,J4_BORELLA,2026-05-04 20:10:10.168868+05:30,107,7.41,SPEED_BELOW_10,2026-05-04 20:10:21.643536+05:30
2970,J4_BORELLA,2026-05-04 20:10:06.658685+05:30,90,4.25,SPEED_BELOW_10,2026-05-04 20:10:12.258310+05:30
2969,J3_TOWN_HALL,2026-05-04 20:10:04.367058+05:30,134,3.69,SPEED_BELOW_10,2026-05-04 20:10:12.038039+05:30
2967,J1_KOLLUPITIYA,2026-05-04 20:09:55.853807+05:30,104,2.39,SPEED_BELOW_10,2026-05-04 20:10:04.502682+05:30
2966,J4_BORELLA,2026-05-04 20:09:55.775994+05:30,124,2.24,SPEED_BELOW_10,2026-05-04 20:10:04.502682+05:30
2968,J2_BAMBALAPITIYA,2026-05-04 20:09:55.025529+05:30,90,8.22,SPEED_BELOW_10,2026-05-04 20:10:05.286635+05:30
2965,J4_BORELLA,2026-05-04 20:09:50.705296+05:30,120,7.46,SPEED_BELOW_10,2026-05-04 20:10:04.502682+05:30
2962,J1_KOLLUPITIYA,2026-05-04 20:09:48.971313+05:30,136,6.50,SPEED_BELOW_10,2026-05-04 20:09:54.722168+05:30
2959,J3_TOWN_HALL,2026-05-04 20:09:47.736729+05:30,120,4.98,SPEED_BELOW_10,2026-05-04 20:09:54.329112+05:30
2961,J1_KOLLUPITIYA,2026-05-04 20:09:44.714990+05:30,138,5.67,SPEED_BELOW_10,2026-05-04 20:09:54.722168+05:30
2958,J3_TOWN_HALL,2026-05-04 20:09:43.584205+05:30,133,8.20,SPEED_BELOW_10,2026-05-04 20:09:54.329112+05:30
2964,J2_BAMBALAPITIYA,2026-05-04 20:09:43.207618+05:30,141,2.78,SPEED_BELOW_10,2026-05-04 20:09:54.770620+05:30
2960,J1_KOLLUPITIYA,2026-05-04 20:09:40.624860+05:30,105,4.49,SPEED_BELOW_10,2026-05-04 20:09:54.722168+05:30
2963,J2_BAMBALAPITIYA,2026-05-04 20:09:40.169068+05:30,105,4.65,SPEED_BELOW_10,2026-05-04 20:09:54.770620+05:30
2956,J2_BAMBALAPITIYA,2026-05-04 20:09:38.401240+05:30,142,5.42,SPEED_BELOW_10,2026-05-04 20:09:43.331839+05:30
2955,J2_BAMBALAPITIYA,2026-05-04 20:09:37.667484+05:30,117,5.77,SPEED_BELOW_10,2026-05-04 20:09:43.331839+05:30
2957,J3_TOWN_HALL,2026-05-04 20:09:37.273622+05:30,132,4.58,SPEED_BELOW_10,2026-05-04 20:09:43.715663+05:30
2954,J2_BAMBALAPITIYA,2026-05-04 20:09:36.606237+05:30,106,4.79,SPEED_BELOW_10,2026-05-04 20:09:43.331839+05:30
2953,J1_KOLLUPITIYA,2026-05-04 20:09:35.014552+05:30,90,6.69,SPEED_BELOW_10,2026-05-04 20:09:43.286057+05:30
2952,J4_BORELLA,2026-05-04 20:09:33.624922+05:30,122,5.57,SPEED_BELOW_10,2026-05-04 20:09:43.286057+05:30
2949,J4_BORELLA,2026-05-04 20:09:29.791048+05:30,106,8.85,SPEED_BELOW_10,2026-05-04 20:09:34.967441+05:30
2947,J3_TOWN_HALL,2026-05-04 20:09:28.150206+05:30,142,9.57,SPEED_BELOW_10,2026-05-04 20:09:34.498403+05:30
2948,J4_BORELLA,2026-05-04 20:09:25.909750+05:30,142,8.86,SPEED_BELOW_10,2026-05-04 20:09:34.967441+05:30
2951,J2_BAMBALAPITIYA,2026-05-04 20:09:22.401512+05:30,105,9.11,SPEED_BELOW_10,2026-05-04 20:09:35.034794+05:30
2950,J2_BAMBALAPITIYA,2026-05-04 20:09:21.686750+05:30,113,4.46,SPEED_BELOW_10,2026-05-04 20:09:35.034794+05:30
2946,J3_TOWN_HALL,2026-05-04 20:09:19.918739+05:30,96,4.33,SPEED_BELOW_10,2026-05-04 20:09:34.498403+05:30
2945,J3_TOWN_HALL,2026-05-04 20:09:16.400286+05:30,124,5.62,SPEED_BELOW_10,2026-05-04 20:09:26.188417+05:30
2944,J1_KOLLUPITIYA,2026-05-04 20:09:14.218233+05:30,129,9.37,SPEED_BELOW_10,2026-05-04 20:09:24.071859+05:30
2942,J2_BAMBALAPITIYA,2026-05-04 20:09:13.659863+05:30,112,8.71,SPEED_BELOW_10,2026-05-04 20:09:23.912370+05:30
2943,J4_BORELLA,2026-05-04 20:09:12.457124+05:30,116,3.50,SPEED_BELOW_10,2026-05-04 20:09:24.071859+05:30
2940,J1_KOLLUPITIYA,2026-05-04 20:09:09.115821+05:30,144,7.26,SPEED_BELOW_10,2026-05-04 20:09:13.022668+05:30
2939,J4_BORELLA,2026-05-04 20:09:07.033747+05:30,99,2.14,SPEED_BELOW_10,2026-05-04 20:09:13.022668+05:30
2941,J2_BAMBALAPITIYA,2026-05-04 20:09:06.725455+05:30,108,3.34,SPEED_BELOW_10,2026-05-04 20:09:13.605437+05:30
2938,J4_BORELLA,2026-05-04 20:09:05.925701+05:30,126,6.00,SPEED_BELOW_10,2026-05-04 20:09:13.022668+05:30
2937,J4_BORELLA,2026-05-04 20:09:04.663297+05:30,103,2.45,SPEED_BELOW_10,2026-05-04 20:09:13.022668+05:30
2936,J3_TOWN_HALL,2026-05-04 20:08:55.690339+05:30,101,9.52,SPEED_BELOW_10,2026-05-04 20:09:05.484267+05:30
2935,J2_BAMBALAPITIYA,2026-05-04 20:08:54.192084+05:30,110,7.28,SPEED_BELOW_10,2026-05-04 20:09:05.200266+05:30
2934,J1_KOLLUPITIYA,2026-05-04 20:08:54.181498+05:30,118,7.16,SPEED_BELOW_10,2026-05-04 20:09:05.150406+05:30
2933,J3_TOWN_HALL,2026-05-04 20:08:40.936037+05:30,104,8.23,SPEED_BELOW_10,2026-05-04 20:08:48.682024+05:30
2930,J4_BORELLA,2026-05-04 20:08:36.572693+05:30,100,8.00,SPEED_BELOW_10,2026-05-04 20:08:48.332550+05:30
2931,J2_BAMBALAPITIYA,2026-05-04 20:08:35.911036+05:30,150,4.57,SPEED_BELOW_10,2026-05-04 20:08:48.672368+05:30
2932,J3_TOWN_HALL,2026-05-04 20:08:33.441475+05:30,135,4.39,SPEED_BELOW_10,2026-05-04 20:08:48.682024+05:30
2928,J4_BORELLA,2026-05-04 20:08:22.911826+05:30,116,9.10,SPEED_BELOW_10,2026-05-04 20:08:36.744192+05:30
2929,J3_TOWN_HALL,2026-05-04 20:08:21.692612+05:30,102,2.05,SPEED_BELOW_10,2026-05-04 20:08:37.000039+05:30
2927,J2_BAMBALAPITIYA,2026-05-04 20:08:21.672300+05:30,136,4.99,SPEED_BELOW_10,2026-05-04 20:08:36.732535+05:30
2926,J2_BAMBALAPITIYA,2026-05-04 20:08:13.907298+05:30,95,4.76,SPEED_BELOW_10,2026-05-04 20:08:25.118611+05:30
2925,J2_BAMBALAPITIYA,2026-05-04 20:08:10.914718+05:30,139,3.67,SPEED_BELOW_10,2026-05-04 20:08:25.118611+05:30
2924,J2_BAMBALAPITIYA,2026-05-04 20:08:09.034658+05:30,115,8.64,SPEED_BELOW_10,2026-05-04 20:08:14.098143+05:30
2923,J2_BAMBALAPITIYA,2026-05-04 20:08:02.105716+05:30,130,5.51,SPEED_BELOW_10,2026-05-04 20:08:14.098143+05:30
2922,J1_KOLLUPITIYA,2026-05-04 20:08:01.760119+05:30,108,7.89,SPEED_BELOW_10,2026-05-04 20:08:14.070059+05:30
2921,J1_KOLLUPITIYA,2026-05-04 20:07:57.652388+05:30,121,5.69,SPEED_BELOW_10,2026-05-04 20:08:05.621401+05:30
2920,J1_KOLLUPITIYA,2026-05-04 20:07:57.052156+05:30,107,3.99,SPEED_BELOW_10,2026-05-04 20:08:05.621401+05:30
2919,J4_BORELLA,2026-05-04 20:07:42.774524+05:30,100,8.83,SPEED_BELOW_10,2026-05-04 20:07:56.820960+05:30
2918,J1_KOLLUPITIYA,2026-05-04 20:07:38.876210+05:30,139,2.59,SPEED_BELOW_10,2026-05-04 20:07:45.605347+05:30
2917,J3_TOWN_HALL,2026-05-04 20:07:35.141906+05:30,140,7.63,SPEED_BELOW_10,2026-05-04 20:07:45.463705+05:30
2916,J3_TOWN_HALL,2026-05-04 20:07:31.373770+05:30,139,3.05,SPEED_BELOW_10,2026-05-04 20:07:45.463705+05:30
2915,J3_TOWN_HALL,2026-05-04 20:07:31.010096+05:30,109,8.28,SPEED_BELOW_10,2026-05-04 20:07:45.463705+05:30
2910,J2_BAMBALAPITIYA,2026-05-04 20:07:29.028791+05:30,139,4.90,SPEED_BELOW_10,2026-05-04 20:07:35.775955+05:30
2912,J4_BORELLA,2026-05-04 20:07:26.174886+05:30,148,4.20,SPEED_BELOW_10,2026-05-04 20:07:35.911801+05:30
2914,J3_TOWN_HALL,2026-05-04 20:07:26.157959+05:30,126,4.21,SPEED_BELOW_10,2026-05-04 20:07:36.409510+05:30
2913,J3_TOWN_HALL,2026-05-04 20:07:24.827120+05:30,99,6.13,SPEED_BELOW_10,2026-05-04 20:07:36.409510+05:30
2911,J4_BORELLA,2026-05-04 20:07:20.344794+05:30,102,2.60,SPEED_BELOW_10,2026-05-04 20:07:35.911801+05:30
2909,J3_TOWN_HALL,2026-05-04 20:07:16.652987+05:30,149,7.74,SPEED_BELOW_10,2026-05-04 20:07:25.570253+05:30
2908,J3_TOWN_HALL,2026-05-04 20:07:10.480016+05:30,96,4.93,SPEED_BELOW_10,2026-05-04 20:07:17.445842+05:30
2907,J1_KOLLUPITIYA,2026-05-04 20:07:06.904503+05:30,131,3.47,SPEED_BELOW_10,2026-05-04 20:07:16.685222+05:30
2906,J1_KOLLUPITIYA,2026-05-04 20:07:03.339981+05:30,102,2.51,SPEED_BELOW_10,2026-05-04 20:07:16.685222+05:30
2905,J2_BAMBALAPITIYA,2026-05-04 20:06:56.471602+05:30,146,7.54,SPEED_BELOW_10,2026-05-04 20:07:09.538842+05:30
2904,J3_TOWN_HALL,2026-05-04 20:06:53.151242+05:30,128,6.88,SPEED_BELOW_10,2026-05-04 20:07:08.697323+05:30
2903,J2_BAMBALAPITIYA,2026-05-04 20:06:48.992135+05:30,113,9.86,SPEED_BELOW_10,2026-05-04 20:06:53.980098+05:30
2902,J3_TOWN_HALL,2026-05-04 20:06:47.866145+05:30,99,3.17,SPEED_BELOW_10,2026-05-04 20:06:53.977097+05:30
2901,J1_KOLLUPITIYA,2026-05-04 20:06:46.476261+05:30,113,9.57,SPEED_BELOW_10,2026-05-04 20:06:53.688123+05:30
2900,J1_KOLLUPITIYA,2026-05-04 20:06:44.022762+05:30,118,9.73,SPEED_BELOW_10,2026-05-04 20:06:53.688123+05:30
2898,J3_TOWN_HALL,2026-05-04 20:06:32.742071+05:30,97,3.35,SPEED_BELOW_10,2026-05-04 20:06:46.217231+05:30
2899,J4_BORELLA,2026-05-04 20:06:31.107076+05:30,96,3.48,SPEED_BELOW_10,2026-05-04 20:06:46.220393+05:30
2897,J2_BAMBALAPITIYA,2026-05-04 20:06:28.948611+05:30,128,8.15,SPEED_BELOW_10,2026-05-04 20:06:34.427380+05:30
2895,J3_TOWN_HALL,2026-05-04 20:06:24.105343+05:30,139,2.56,SPEED_BELOW_10,2026-05-04 20:06:34.102450+05:30
2896,J2_BAMBALAPITIYA,2026-05-04 20:06:23.626278+05:30,131,4.26,SPEED_BELOW_10,2026-05-04 20:06:34.427380+05:30
2893,J2_BAMBALAPITIYA,2026-05-04 20:06:09.594177+05:30,133,9.58,SPEED_BELOW_10,2026-05-04 20:06:15.510777+05:30
2894,J1_KOLLUPITIYA,2026-05-04 20:06:00.948308+05:30,133,9.45,SPEED_BELOW_10,2026-05-04 20:06:15.964446+05:30
2892,J1_KOLLUPITIYA,2026-05-04 20:05:59.562148+05:30,97,8.25,SPEED_BELOW_10,2026-05-04 20:06:06.100479+05:30
2891,J1_KOLLUPITIYA,2026-05-04 20:05:57.190628+05:30,101,5.21,SPEED_BELOW_10,2026-05-04 20:06:06.100479+05:30
2890,J1_KOLLUPITIYA,2026-05-04 20:05:52.996295+05:30,145,8.19,SPEED_BELOW_10,2026-05-04 20:06:06.100479+05:30
2889,J4_BORELLA,2026-05-04 20:05:46.077672+05:30,109,4.83,SPEED_BELOW_10,2026-05-04 20:05:54.198186+05:30
2888,J1_KOLLUPITIYA,2026-05-04 20:05:42.570258+05:30,141,6.06,SPEED_BELOW_10,2026-05-04 20:05:54.198186+05:30
2887,J3_TOWN_HALL,2026-05-04 20:05:42.288578+05:30,124,8.91,SPEED_BELOW_10,2026-05-04 20:05:54.222365+05:30
2884,J3_TOWN_HALL,2026-05-04 20:05:36.474532+05:30,123,2.34,SPEED_BELOW_10,2026-05-04 20:05:44.120201+05:30
2886,J4_BORELLA,2026-05-04 20:05:32.810367+05:30,127,6.54,SPEED_BELOW_10,2026-05-04 20:05:44.826938+05:30
2885,J4_BORELLA,2026-05-04 20:05:32.773017+05:30,121,4.41,SPEED_BELOW_10,2026-05-04 20:05:44.826938+05:30
2882,J1_KOLLUPITIYA,2026-05-04 20:05:22.520909+05:30,121,4.48,SPEED_BELOW_10,2026-05-04 20:05:35.340549+05:30
2883,J4_BORELLA,2026-05-04 20:05:22.446551+05:30,122,8.44,SPEED_BELOW_10,2026-05-04 20:05:35.340549+05:30
2881,J3_TOWN_HALL,2026-05-04 20:05:22.440895+05:30,95,5.36,SPEED_BELOW_10,2026-05-04 20:05:35.018690+05:30
2880,J4_BORELLA,2026-05-04 20:05:18.394495+05:30,138,6.06,SPEED_BELOW_10,2026-05-04 20:05:26.530798+05:30
2878,J2_BAMBALAPITIYA,2026-05-04 20:05:17.578029+05:30,139,5.52,SPEED_BELOW_10,2026-05-04 20:05:26.528470+05:30
2876,J1_KOLLUPITIYA,2026-05-04 20:05:16.927339+05:30,123,7.39,SPEED_BELOW_10,2026-05-04 20:05:26.530798+05:30
2879,J1_KOLLUPITIYA,2026-05-04 20:05:16.879857+05:30,112,8.24,SPEED_BELOW_10,2026-05-04 20:05:26.530798+05:30
2877,J2_BAMBALAPITIYA,2026-05-04 20:05:13.997862+05:30,113,6.85,SPEED_BELOW_10,2026-05-04 20:05:26.528470+05:30
2875,J4_BORELLA,2026-05-04 20:05:09.443860+05:30,133,3.89,SPEED_BELOW_10,2026-05-04 20:05:15.823444+05:30
2874,J4_BORELLA,2026-05-04 20:05:03.261272+05:30,117,5.43,SPEED_BELOW_10,2026-05-04 20:05:15.823444+05:30
2870,J3_TOWN_HALL,2026-05-04 20:05:01.281172+05:30,98,8.99,SPEED_BELOW_10,2026-05-04 20:05:06.001902+05:30
2873,J2_BAMBALAPITIYA,2026-05-04 20:04:59.367956+05:30,118,2.22,SPEED_BELOW_10,2026-05-04 20:05:06.964186+05:30
2871,J1_KOLLUPITIYA,2026-05-04 20:04:59.347933+05:30,102,9.05,SPEED_BELOW_10,2026-05-04 20:05:06.352969+05:30
2869,J3_TOWN_HALL,2026-05-04 20:04:54.341738+05:30,113,3.83,SPEED_BELOW_10,2026-05-04 20:05:06.001902+05:30
2868,J3_TOWN_HALL,2026-05-04 20:04:53.295424+05:30,105,3.93,SPEED_BELOW_10,2026-05-04 20:05:06.001902+05:30
2867,J3_TOWN_HALL,2026-05-04 20:04:52.527882+05:30,106,5.36,SPEED_BELOW_10,2026-05-04 20:05:06.001902+05:30
2866,J3_TOWN_HALL,2026-05-04 20:04:51.030592+05:30,124,7.16,SPEED_BELOW_10,2026-05-04 20:05:06.001902+05:30
2872,J2_BAMBALAPITIYA,2026-05-04 20:04:51.006685+05:30,116,6.29,SPEED_BELOW_10,2026-05-04 20:05:06.964186+05:30
2861,J1_KOLLUPITIYA,2026-05-04 20:04:49.498685+05:30,147,7.23,SPEED_BELOW_10,2026-05-04 20:04:58.572729+05:30
2864,J3_TOWN_HALL,2026-05-04 20:04:47.875228+05:30,114,7.86,SPEED_BELOW_10,2026-05-04 20:04:58.677627+05:30
2863,J3_TOWN_HALL,2026-05-04 20:04:47.090533+05:30,149,6.01,SPEED_BELOW_10,2026-05-04 20:04:58.677627+05:30
2865,J2_BAMBALAPITIYA,2026-05-04 20:04:44.411594+05:30,111,6.42,SPEED_BELOW_10,2026-05-04 20:04:58.950611+05:30
2862,J3_TOWN_HALL,2026-05-04 20:04:42.462589+05:30,126,3.18,SPEED_BELOW_10,2026-05-04 20:04:58.677627+05:30
2860,J2_BAMBALAPITIYA,2026-05-04 20:04:37.794296+05:30,100,2.80,SPEED_BELOW_10,2026-05-04 20:04:47.657237+05:30
2859,J2_BAMBALAPITIYA,2026-05-04 20:04:35.962850+05:30,107,3.97,SPEED_BELOW_10,2026-05-04 20:04:47.657237+05:30
2858,J4_BORELLA,2026-05-04 20:04:35.814443+05:30,122,7.76,SPEED_BELOW_10,2026-05-04 20:04:46.918161+05:30
2857,J2_BAMBALAPITIYA,2026-05-04 20:04:27.407804+05:30,104,7.99,SPEED_BELOW_10,2026-05-04 20:04:36.026344+05:30
2855,J4_BORELLA,2026-05-04 20:04:25.309187+05:30,146,5.03,SPEED_BELOW_10,2026-05-04 20:04:35.886326+05:30
2856,J2_BAMBALAPITIYA,2026-05-04 20:04:23.528838+05:30,147,7.59,SPEED_BELOW_10,2026-05-04 20:04:36.026344+05:30
2854,J4_BORELLA,2026-05-04 20:04:21.982927+05:30,117,6.57,SPEED_BELOW_10,2026-05-04 20:04:35.886326+05:30
2852,J1_KOLLUPITIYA,2026-05-04 20:04:19.331725+05:30,107,2.52,SPEED_BELOW_10,2026-05-04 20:04:24.507584+05:30
2853,J2_BAMBALAPITIYA,2026-05-04 20:04:12.729102+05:30,96,2.38,SPEED_BELOW_10,2026-05-04 20:04:24.878834+05:30
2851,J1_KOLLUPITIYA,2026-05-04 20:04:10.183157+05:30,135,5.51,SPEED_BELOW_10,2026-05-04 20:04:24.507584+05:30
2849,J3_TOWN_HALL,2026-05-04 20:04:08.228376+05:30,101,8.16,SPEED_BELOW_10,2026-05-04 20:04:15.691175+05:30
2847,J2_BAMBALAPITIYA,2026-05-04 20:04:06.800102+05:30,92,6.78,SPEED_BELOW_10,2026-05-04 20:04:15.699911+05:30
2850,J1_KOLLUPITIYA,2026-05-04 20:04:05.963758+05:30,99,4.56,SPEED_BELOW_10,2026-05-04 20:04:15.797556+05:30
2846,J2_BAMBALAPITIYA,2026-05-04 20:04:04.864074+05:30,144,6.55,SPEED_BELOW_10,2026-05-04 20:04:15.699911+05:30
2848,J3_TOWN_HALL,2026-05-04 20:04:02.543328+05:30,141,9.00,SPEED_BELOW_10,2026-05-04 20:04:15.691175+05:30
2845,J3_TOWN_HALL,2026-05-04 20:04:01.331361+05:30,126,2.89,SPEED_BELOW_10,2026-05-04 20:04:15.691175+05:30
2843,J4_BORELLA,2026-05-04 20:03:58.761121+05:30,148,6.40,SPEED_BELOW_10,2026-05-04 20:04:05.681228+05:30
2842,J1_KOLLUPITIYA,2026-05-04 20:03:57.489390+05:30,114,8.66,SPEED_BELOW_10,2026-05-04 20:04:05.681228+05:30
2841,J1_KOLLUPITIYA,2026-05-04 20:03:56.996976+05:30,129,7.38,SPEED_BELOW_10,2026-05-04 20:04:05.681228+05:30
2844,J2_BAMBALAPITIYA,2026-05-04 20:03:51.611413+05:30,123,6.26,SPEED_BELOW_10,2026-05-04 20:04:05.865183+05:30
2838,J4_BORELLA,2026-05-04 20:03:47.676305+05:30,148,2.43,SPEED_BELOW_10,2026-05-04 20:03:53.659015+05:30
2837,J1_KOLLUPITIYA,2026-05-04 20:03:47.460236+05:30,146,7.21,SPEED_BELOW_10,2026-05-04 20:03:53.659015+05:30
2836,J1_KOLLUPITIYA,2026-05-04 20:03:46.108058+05:30,139,7.59,SPEED_BELOW_10,2026-05-04 20:03:53.659015+05:30
2840,J3_TOWN_HALL,2026-05-04 20:03:44.497138+05:30,95,7.13,SPEED_BELOW_10,2026-05-04 20:03:54.226373+05:30
2839,J2_BAMBALAPITIYA,2026-05-04 20:03:40.673978+05:30,142,5.68,SPEED_BELOW_10,2026-05-04 20:03:53.876119+05:30
2835,J2_BAMBALAPITIYA,2026-05-04 20:03:29.743639+05:30,139,8.39,SPEED_BELOW_10,2026-05-04 20:03:35.709377+05:30
2832,J4_BORELLA,2026-05-04 20:03:28.044688+05:30,122,9.13,SPEED_BELOW_10,2026-05-04 20:03:35.303813+05:30
2831,J4_BORELLA,2026-05-04 20:03:27.765567+05:30,147,4.36,SPEED_BELOW_10,2026-05-04 20:03:35.303813+05:30
2830,J1_KOLLUPITIYA,2026-05-04 20:03:27.608722+05:30,140,5.99,SPEED_BELOW_10,2026-05-04 20:03:35.303813+05:30
2833,J3_TOWN_HALL,2026-05-04 20:03:23.532994+05:30,104,3.32,SPEED_BELOW_10,2026-05-04 20:03:35.570147+05:30
2834,J2_BAMBALAPITIYA,2026-05-04 20:03:22.575809+05:30,116,5.69,SPEED_BELOW_10,2026-05-04 20:03:35.709377+05:30
2829,J2_BAMBALAPITIYA,2026-05-04 20:03:19.411846+05:30,116,6.02,SPEED_BELOW_10,2026-05-04 20:03:24.397300+05:30
2828,J3_TOWN_HALL,2026-05-04 20:03:14.031528+05:30,130,3.94,SPEED_BELOW_10,2026-05-04 20:03:24.346728+05:30
2827,J4_BORELLA,2026-05-04 20:03:07.067091+05:30,90,3.59,SPEED_BELOW_10,2026-05-04 20:03:15.460378+05:30
2826,J4_BORELLA,2026-05-04 20:03:03.631443+05:30,127,5.99,SPEED_BELOW_10,2026-05-04 20:03:15.460378+05:30
2825,J3_TOWN_HALL,2026-05-04 20:03:01.242894+05:30,145,2.31,SPEED_BELOW_10,2026-05-04 20:03:15.457101+05:30
2824,J1_KOLLUPITIYA,2026-05-04 20:02:59.258084+05:30,95,9.60,SPEED_BELOW_10,2026-05-04 20:03:04.507421+05:30
2823,J4_BORELLA,2026-05-04 20:02:52.975607+05:30,122,6.89,SPEED_BELOW_10,2026-05-04 20:03:04.507421+05:30
2822,J1_KOLLUPITIYA,2026-05-04 20:02:52.878908+05:30,121,8.97,SPEED_BELOW_10,2026-05-04 20:03:04.507421+05:30
2817,J4_BORELLA,2026-05-04 20:02:46.310257+05:30,108,9.79,SPEED_BELOW_10,2026-05-04 20:02:55.381558+05:30
2818,J2_BAMBALAPITIYA,2026-05-04 20:02:46.212250+05:30,97,5.44,SPEED_BELOW_10,2026-05-04 20:02:55.412825+05:30
2816,J4_BORELLA,2026-05-04 20:02:46.193150+05:30,107,2.24,SPEED_BELOW_10,2026-05-04 20:02:55.381558+05:30
2821,J3_TOWN_HALL,2026-05-04 20:02:45.894400+05:30,93,4.32,SPEED_BELOW_10,2026-05-04 20:02:55.884733+05:30
2815,J4_BORELLA,2026-05-04 20:02:44.031185+05:30,116,2.12,SPEED_BELOW_10,2026-05-04 20:02:55.381558+05:30
2820,J3_TOWN_HALL,2026-05-04 20:02:41.289204+05:30,108,2.40,SPEED_BELOW_10,2026-05-04 20:02:55.884733+05:30
2819,J3_TOWN_HALL,2026-05-04 20:02:40.642913+05:30,135,3.91,SPEED_BELOW_10,2026-05-04 20:02:55.884733+05:30
2808,J3_TOWN_HALL,2026-05-04 20:02:39.145892+05:30,102,6.46,SPEED_BELOW_10,2026-05-04 20:02:44.165706+05:30
2814,J2_BAMBALAPITIYA,2026-05-04 20:02:38.395750+05:30,91,8.32,SPEED_BELOW_10,2026-05-04 20:02:44.323789+05:30
2810,J1_KOLLUPITIYA,2026-05-04 20:02:37.368179+05:30,128,9.79,SPEED_BELOW_10,2026-05-04 20:02:44.225712+05:30
2813,J2_BAMBALAPITIYA,2026-05-04 20:02:36.030601+05:30,106,2.34,SPEED_BELOW_10,2026-05-04 20:02:44.323789+05:30
2812,J2_BAMBALAPITIYA,2026-05-04 20:02:35.709711+05:30,120,8.34,SPEED_BELOW_10,2026-05-04 20:02:44.323789+05:30
2809,J4_BORELLA,2026-05-04 20:02:34.495525+05:30,101,2.17,SPEED_BELOW_10,2026-05-04 20:02:44.225712+05:30
2811,J2_BAMBALAPITIYA,2026-05-04 20:02:33.750937+05:30,96,7.46,SPEED_BELOW_10,2026-05-04 20:02:44.323789+05:30
2807,J3_TOWN_HALL,2026-05-04 20:02:29.743670+05:30,105,6.68,SPEED_BELOW_10,2026-05-04 20:02:44.165706+05:30
2805,J4_BORELLA,2026-05-04 20:02:25.110032+05:30,143,7.85,SPEED_BELOW_10,2026-05-04 20:02:35.896762+05:30
2806,J2_BAMBALAPITIYA,2026-05-04 20:02:22.512407+05:30,118,9.08,SPEED_BELOW_10,2026-05-04 20:02:36.718553+05:30
2803,J2_BAMBALAPITIYA,2026-05-04 20:02:19.515310+05:30,110,3.96,SPEED_BELOW_10,2026-05-04 20:02:27.390905+05:30
2804,J3_TOWN_HALL,2026-05-04 20:02:10.811773+05:30,103,9.16,SPEED_BELOW_10,2026-05-04 20:02:27.868997+05:30
2802,J3_TOWN_HALL,2026-05-04 20:02:08.391155+05:30,142,7.57,SPEED_BELOW_10,2026-05-04 20:02:16.373606+05:30
2800,J2_BAMBALAPITIYA,2026-05-04 20:02:08.099051+05:30,116,8.66,SPEED_BELOW_10,2026-05-04 20:02:15.769493+05:30
2799,J1_KOLLUPITIYA,2026-05-04 20:02:04.295231+05:30,129,2.42,SPEED_BELOW_10,2026-05-04 20:02:15.589609+05:30
2801,J3_TOWN_HALL,2026-05-04 20:02:01.351346+05:30,90,5.22,SPEED_BELOW_10,2026-05-04 20:02:16.373606+05:30
2796,J4_BORELLA,2026-05-04 20:01:58.053752+05:30,128,7.90,SPEED_BELOW_10,2026-05-04 20:02:04.112757+05:30
2795,J4_BORELLA,2026-05-04 20:01:56.734701+05:30,91,3.57,SPEED_BELOW_10,2026-05-04 20:02:04.112757+05:30
2798,J3_TOWN_HALL,2026-05-04 20:01:56.666002+05:30,96,5.83,SPEED_BELOW_10,2026-05-04 20:02:04.245775+05:30
2794,J4_BORELLA,2026-05-04 20:01:53.299623+05:30,100,4.58,SPEED_BELOW_10,2026-05-04 20:02:04.112757+05:30
2797,J3_TOWN_HALL,2026-05-04 20:01:53.294632+05:30,122,3.86,SPEED_BELOW_10,2026-05-04 20:02:04.245775+05:30
2792,J2_BAMBALAPITIYA,2026-05-04 20:01:52.593445+05:30,139,3.93,SPEED_BELOW_10,2026-05-04 20:02:03.958422+05:30
2793,J2_BAMBALAPITIYA,2026-05-04 20:01:52.027463+05:30,139,5.50,SPEED_BELOW_10,2026-05-04 20:02:03.958422+05:30
2791,J3_TOWN_HALL,2026-05-04 20:01:49.365955+05:30,114,8.97,SPEED_BELOW_10,2026-05-04 20:01:55.359925+05:30
2790,J4_BORELLA,2026-05-04 20:01:48.320097+05:30,142,4.40,SPEED_BELOW_10,2026-05-04 20:01:55.349739+05:30
2789,J1_KOLLUPITIYA,2026-05-04 20:01:48.096210+05:30,92,4.29,SPEED_BELOW_10,2026-05-04 20:01:55.349739+05:30
2787,J3_TOWN_HALL,2026-05-04 20:01:42.544893+05:30,107,3.38,SPEED_BELOW_10,2026-05-04 20:01:55.359925+05:30
2785,J2_BAMBALAPITIYA,2026-05-04 20:01:41.932109+05:30,111,9.81,SPEED_BELOW_10,2026-05-04 20:01:55.222366+05:30
2788,J1_KOLLUPITIYA,2026-05-04 20:01:40.643433+05:30,130,8.95,SPEED_BELOW_10,2026-05-04 20:01:55.349739+05:30
2786,J1_KOLLUPITIYA,2026-05-04 20:01:40.610977+05:30,94,7.68,SPEED_BELOW_10,2026-05-04 20:01:55.349739+05:30
2784,J3_TOWN_HALL,2026-05-04 20:01:39.175310+05:30,107,2.22,SPEED_BELOW_10,2026-05-04 20:01:45.338855+05:30
2783,J3_TOWN_HALL,2026-05-04 20:01:37.013205+05:30,133,6.85,SPEED_BELOW_10,2026-05-04 20:01:45.338855+05:30
2782,J3_TOWN_HALL,2026-05-04 20:01:30.561761+05:30,131,6.67,SPEED_BELOW_10,2026-05-04 20:01:45.338855+05:30
2781,J2_BAMBALAPITIYA,2026-05-04 20:01:28.249818+05:30,137,7.32,SPEED_BELOW_10,2026-05-04 20:01:33.737066+05:30
2779,J4_BORELLA,2026-05-04 20:01:27.144378+05:30,119,6.63,SPEED_BELOW_10,2026-05-04 20:01:33.397927+05:30
2780,J2_BAMBALAPITIYA,2026-05-04 20:01:24.612079+05:30,129,2.98,SPEED_BELOW_10,2026-05-04 20:01:33.737066+05:30
2778,J1_KOLLUPITIYA,2026-05-04 20:01:24.581054+05:30,142,4.07,SPEED_BELOW_10,2026-05-04 20:01:33.397927+05:30
2777,J4_BORELLA,2026-05-04 20:01:22.426439+05:30,126,4.82,SPEED_BELOW_10,2026-05-04 20:01:33.397927+05:30
2776,J1_KOLLUPITIYA,2026-05-04 20:01:19.167764+05:30,103,6.60,SPEED_BELOW_10,2026-05-04 20:01:25.395700+05:30
2772,J2_BAMBALAPITIYA,2026-05-04 20:01:17.698876+05:30,94,4.18,SPEED_BELOW_10,2026-05-04 20:01:25.344181+05:30
2775,J4_BORELLA,2026-05-04 20:01:15.616853+05:30,150,7.38,SPEED_BELOW_10,2026-05-04 20:01:25.395700+05:30
2774,J1_KOLLUPITIYA,2026-05-04 20:01:14.790253+05:30,103,2.96,SPEED_BELOW_10,2026-05-04 20:01:25.395700+05:30
2773,J4_BORELLA,2026-05-04 20:01:13.666670+05:30,141,3.11,SPEED_BELOW_10,2026-05-04 20:01:25.395700+05:30
2771,J2_BAMBALAPITIYA,2026-05-04 20:01:10.369726+05:30,126,7.90,SPEED_BELOW_10,2026-05-04 20:01:25.344181+05:30
2768,J4_BORELLA,2026-05-04 20:01:06.266858+05:30,140,4.58,SPEED_BELOW_10,2026-05-04 20:01:13.610990+05:30
2770,J2_BAMBALAPITIYA,2026-05-04 20:01:02.380990+05:30,136,6.68,SPEED_BELOW_10,2026-05-04 20:01:13.687621+05:30
2769,J2_BAMBALAPITIYA,2026-05-04 20:01:00.580875+05:30,108,2.18,SPEED_BELOW_10,2026-05-04 20:01:13.687621+05:30
2767,J4_BORELLA,2026-05-04 20:00:59.993571+05:30,121,3.46,SPEED_BELOW_10,2026-05-04 20:01:13.610990+05:30
2763,J4_BORELLA,2026-05-04 20:00:57.191872+05:30,135,3.21,SPEED_BELOW_10,2026-05-04 20:01:04.533250+05:30
2764,J4_BORELLA,2026-05-04 20:00:57.174109+05:30,139,4.27,SPEED_BELOW_10,2026-05-04 20:01:04.533250+05:30
2762,J1_KOLLUPITIYA,2026-05-04 20:00:55.946256+05:30,148,7.56,SPEED_BELOW_10,2026-05-04 20:01:04.533250+05:30
2765,J3_TOWN_HALL,2026-05-04 20:00:54.946192+05:30,147,2.02,SPEED_BELOW_10,2026-05-04 20:01:04.688015+05:30
2761,J4_BORELLA,2026-05-04 20:00:53.751666+05:30,142,4.88,SPEED_BELOW_10,2026-05-04 20:01:04.533250+05:30
2766,J2_BAMBALAPITIYA,2026-05-04 20:00:53.714300+05:30,133,6.15,SPEED_BELOW_10,2026-05-04 20:01:04.759565+05:30
2760,J4_BORELLA,2026-05-04 20:00:51.715800+05:30,116,3.77,SPEED_BELOW_10,2026-05-04 20:01:04.533250+05:30
2753,J3_TOWN_HALL,2026-05-04 20:00:49.455862+05:30,123,3.65,SPEED_BELOW_10,2026-05-04 20:00:53.223044+05:30
2759,J1_KOLLUPITIYA,2026-05-04 20:00:48.083452+05:30,106,7.38,SPEED_BELOW_10,2026-05-04 20:00:53.482685+05:30
2758,J4_BORELLA,2026-05-04 20:00:46.942880+05:30,140,9.73,SPEED_BELOW_10,2026-05-04 20:00:53.482685+05:30
2757,J1_KOLLUPITIYA,2026-05-04 20:00:46.855097+05:30,123,6.43,SPEED_BELOW_10,2026-05-04 20:00:53.482685+05:30
2752,J3_TOWN_HALL,2026-05-04 20:00:44.643213+05:30,102,2.06,SPEED_BELOW_10,2026-05-04 20:00:53.223044+05:30
2756,J4_BORELLA,2026-05-04 20:00:44.547529+05:30,148,2.42,SPEED_BELOW_10,2026-05-04 20:00:53.482685+05:30
2751,J3_TOWN_HALL,2026-05-04 20:00:44.364915+05:30,91,9.66,SPEED_BELOW_10,2026-05-04 20:00:53.223044+05:30
2754,J2_BAMBALAPITIYA,2026-05-04 20:00:43.333307+05:30,106,5.91,SPEED_BELOW_10,2026-05-04 20:00:53.485140+05:30
2755,J4_BORELLA,2026-05-04 20:00:42.143926+05:30,135,9.01,SPEED_BELOW_10,2026-05-04 20:00:53.482685+05:30
2750,J4_BORELLA,2026-05-04 20:00:39.842002+05:30,119,9.73,SPEED_BELOW_10,2026-05-04 20:00:44.185076+05:30
2749,J1_KOLLUPITIYA,2026-05-04 20:00:39.831732+05:30,123,7.79,SPEED_BELOW_10,2026-05-04 20:00:44.185076+05:30
2748,J4_BORELLA,2026-05-04 20:00:34.013952+05:30,109,3.02,SPEED_BELOW_10,2026-05-04 20:00:44.185076+05:30
2747,J1_KOLLUPITIYA,2026-05-04 20:00:29.583502+05:30,129,6.35,SPEED_BELOW_10,2026-05-04 20:00:36.036256+05:30
2744,J3_TOWN_HALL,2026-05-04 20:00:29.239260+05:30,143,2.20,SPEED_BELOW_10,2026-05-04 20:00:36.000244+05:30
2746,J4_BORELLA,2026-05-04 20:00:23.922832+05:30,124,4.74,SPEED_BELOW_10,2026-05-04 20:00:36.036256+05:30
2743,J3_TOWN_HALL,2026-05-04 20:00:23.909024+05:30,138,4.37,SPEED_BELOW_10,2026-05-04 20:00:36.000244+05:30
2745,J4_BORELLA,2026-05-04 20:00:20.436622+05:30,109,3.94,SPEED_BELOW_10,2026-05-04 20:00:36.036256+05:30
2742,J4_BORELLA,2026-05-04 20:00:19.147768+05:30,145,9.70,SPEED_BELOW_10,2026-05-04 20:00:24.022646+05:30
2739,J3_TOWN_HALL,2026-05-04 20:00:18.745854+05:30,101,5.09,SPEED_BELOW_10,2026-05-04 20:00:23.808344+05:30
2741,J1_KOLLUPITIYA,2026-05-04 20:00:14.914170+05:30,122,5.20,SPEED_BELOW_10,2026-05-04 20:00:24.022646+05:30
2740,J1_KOLLUPITIYA,2026-05-04 20:00:14.644915+05:30,105,9.25,SPEED_BELOW_10,2026-05-04 20:00:24.022646+05:30
2738,J1_KOLLUPITIYA,2026-05-04 20:00:08.684508+05:30,106,5.81,SPEED_BELOW_10,2026-05-04 20:00:14.490286+05:30
2736,J3_TOWN_HALL,2026-05-04 20:00:08.665928+05:30,117,7.75,SPEED_BELOW_10,2026-05-04 20:00:14.438614+05:30
2735,J2_BAMBALAPITIYA,2026-05-04 20:00:06.427541+05:30,137,7.38,SPEED_BELOW_10,2026-05-04 20:00:14.205580+05:30
2737,J4_BORELLA,2026-05-04 20:00:05.279109+05:30,138,6.88,SPEED_BELOW_10,2026-05-04 20:00:14.490286+05:30
2734,J3_TOWN_HALL,2026-05-04 19:59:59.134932+05:30,113,2.70,SPEED_BELOW_10,2026-05-04 20:00:03.995769+05:30
2730,J1_KOLLUPITIYA,2026-05-04 19:59:58.463811+05:30,112,9.87,SPEED_BELOW_10,2026-05-04 20:00:03.828836+05:30
2729,J4_BORELLA,2026-05-04 19:59:55.404101+05:30,115,5.77,SPEED_BELOW_10,2026-05-04 20:00:03.828836+05:30
2733,J3_TOWN_HALL,2026-05-04 19:59:54.027299+05:30,97,8.57,SPEED_BELOW_10,2026-05-04 20:00:03.995769+05:30
2732,J3_TOWN_HALL,2026-05-04 19:59:52.601041+05:30,144,4.83,SPEED_BELOW_10,2026-05-04 20:00:03.995769+05:30
2731,J3_TOWN_HALL,2026-05-04 19:59:49.353366+05:30,125,8.04,SPEED_BELOW_10,2026-05-04 20:00:03.995769+05:30
2727,J1_KOLLUPITIYA,2026-05-04 19:59:48.842176+05:30,140,8.87,SPEED_BELOW_10,2026-05-04 19:59:53.996660+05:30
2726,J1_KOLLUPITIYA,2026-05-04 19:59:44.974802+05:30,133,5.76,SPEED_BELOW_10,2026-05-04 19:59:53.996660+05:30
2728,J2_BAMBALAPITIYA,2026-05-04 19:59:42.629578+05:30,139,6.08,SPEED_BELOW_10,2026-05-04 19:59:54.068781+05:30
2725,J1_KOLLUPITIYA,2026-05-04 19:59:42.603485+05:30,116,5.48,SPEED_BELOW_10,2026-05-04 19:59:53.996660+05:30
2722,J4_BORELLA,2026-05-04 19:59:37.297780+05:30,143,6.81,SPEED_BELOW_10,2026-05-04 19:59:44.849201+05:30
2721,J4_BORELLA,2026-05-04 19:59:32.569936+05:30,120,7.49,SPEED_BELOW_10,2026-05-04 19:59:44.849201+05:30
2718,J2_BAMBALAPITIYA,2026-05-04 19:59:32.312526+05:30,95,7.32,SPEED_BELOW_10,2026-05-04 19:59:44.627294+05:30
2724,J3_TOWN_HALL,2026-05-04 19:59:31.363067+05:30,129,8.15,SPEED_BELOW_10,2026-05-04 19:59:44.927529+05:30
2717,J2_BAMBALAPITIYA,2026-05-04 19:59:30.228616+05:30,133,3.10,SPEED_BELOW_10,2026-05-04 19:59:44.627294+05:30
2723,J3_TOWN_HALL,2026-05-04 19:59:30.137850+05:30,131,6.47,SPEED_BELOW_10,2026-05-04 19:59:44.927529+05:30
2719,J1_KOLLUPITIYA,2026-05-04 19:59:29.911512+05:30,94,3.58,SPEED_BELOW_10,2026-05-04 19:59:44.849201+05:30
2720,J1_KOLLUPITIYA,2026-05-04 19:59:29.847753+05:30,130,6.24,SPEED_BELOW_10,2026-05-04 19:59:44.849201+05:30
2716,J4_BORELLA,2026-05-04 19:59:28.595937+05:30,112,7.60,SPEED_BELOW_10,2026-05-04 19:59:36.813764+05:30
2715,J1_KOLLUPITIYA,2026-05-04 19:59:24.620973+05:30,92,8.68,SPEED_BELOW_10,2026-05-04 19:59:36.813764+05:30
2714,J1_KOLLUPITIYA,2026-05-04 19:59:23.184976+05:30,108,8.16,SPEED_BELOW_10,2026-05-04 19:59:36.813764+05:30
2713,J4_BORELLA,2026-05-04 19:59:20.569690+05:30,142,8.56,SPEED_BELOW_10,2026-05-04 19:59:36.813764+05:30
2710,J2_BAMBALAPITIYA,2026-05-04 19:59:18.760717+05:30,102,9.23,SPEED_BELOW_10,2026-05-04 19:59:24.507832+05:30
2712,J3_TOWN_HALL,2026-05-04 19:59:18.195083+05:30,95,2.85,SPEED_BELOW_10,2026-05-04 19:59:25.046144+05:30
2709,J2_BAMBALAPITIYA,2026-05-04 19:59:18.175516+05:30,133,2.29,SPEED_BELOW_10,2026-05-04 19:59:24.507832+05:30
2711,J4_BORELLA,2026-05-04 19:59:15.944888+05:30,125,3.52,SPEED_BELOW_10,2026-05-04 19:59:24.649677+05:30
2707,J1_KOLLUPITIYA,2026-05-04 19:59:05.178907+05:30,146,5.09,SPEED_BELOW_10,2026-05-04 19:59:13.851589+05:30
2706,J2_BAMBALAPITIYA,2026-05-04 19:59:00.669644+05:30,136,2.76,SPEED_BELOW_10,2026-05-04 19:59:13.831637+05:30
2708,J3_TOWN_HALL,2026-05-04 19:59:00.527075+05:30,114,2.94,SPEED_BELOW_10,2026-05-04 19:59:14.191317+05:30
2705,J4_BORELLA,2026-05-04 19:58:58.166184+05:30,94,4.82,SPEED_BELOW_10,2026-05-04 19:59:04.641819+05:30
2704,J3_TOWN_HALL,2026-05-04 19:58:46.633917+05:30,101,4.70,SPEED_BELOW_10,2026-05-04 19:58:55.154323+05:30
2703,J3_TOWN_HALL,2026-05-04 19:58:41.834682+05:30,149,5.06,SPEED_BELOW_10,2026-05-04 19:58:55.154323+05:30
2700,J2_BAMBALAPITIYA,2026-05-04 19:58:38.577854+05:30,137,7.22,SPEED_BELOW_10,2026-05-04 19:58:44.654246+05:30
2702,J1_KOLLUPITIYA,2026-05-04 19:58:35.193165+05:30,132,5.01,SPEED_BELOW_10,2026-05-04 19:58:45.099481+05:30
2701,J1_KOLLUPITIYA,2026-05-04 19:58:32.537763+05:30,109,3.14,SPEED_BELOW_10,2026-05-04 19:58:45.099481+05:30
2699,J2_BAMBALAPITIYA,2026-05-04 19:58:32.430875+05:30,117,4.84,SPEED_BELOW_10,2026-05-04 19:58:44.654246+05:30
2696,J4_BORELLA,2026-05-04 19:58:29.135260+05:30,103,7.81,SPEED_BELOW_10,2026-05-04 19:58:34.831522+05:30
2694,J3_TOWN_HALL,2026-05-04 19:58:29.004500+05:30,111,9.48,SPEED_BELOW_10,2026-05-04 19:58:34.636189+05:30
2698,J2_BAMBALAPITIYA,2026-05-04 19:58:27.721117+05:30,121,2.88,SPEED_BELOW_10,2026-05-04 19:58:34.924977+05:30
2693,J3_TOWN_HALL,2026-05-04 19:58:24.893780+05:30,116,6.55,SPEED_BELOW_10,2026-05-04 19:58:34.636189+05:30
2692,J3_TOWN_HALL,2026-05-04 19:58:23.455668+05:30,131,5.38,SPEED_BELOW_10,2026-05-04 19:58:34.636189+05:30
2697,J2_BAMBALAPITIYA,2026-05-04 19:58:21.370622+05:30,98,9.70,SPEED_BELOW_10,2026-05-04 19:58:34.924977+05:30
2695,J1_KOLLUPITIYA,2026-05-04 19:58:21.013662+05:30,115,5.11,SPEED_BELOW_10,2026-05-04 19:58:34.831522+05:30
2691,J4_BORELLA,2026-05-04 19:58:18.603434+05:30,92,3.74,SPEED_BELOW_10,2026-05-04 19:58:24.295282+05:30
2690,J3_TOWN_HALL,2026-05-04 19:58:17.381345+05:30,126,3.59,SPEED_BELOW_10,2026-05-04 19:58:23.859122+05:30
2689,J2_BAMBALAPITIYA,2026-05-04 19:58:10.602712+05:30,92,5.49,SPEED_BELOW_10,2026-05-04 19:58:23.786251+05:30
2688,J3_TOWN_HALL,2026-05-04 19:58:05.801869+05:30,134,7.59,SPEED_BELOW_10,2026-05-04 19:58:13.942286+05:30
2685,J4_BORELLA,2026-05-04 19:58:04.385759+05:30,139,4.78,SPEED_BELOW_10,2026-05-04 19:58:13.577025+05:30
2687,J3_TOWN_HALL,2026-05-04 19:58:03.172458+05:30,125,9.52,SPEED_BELOW_10,2026-05-04 19:58:13.942286+05:30
2686,J2_BAMBALAPITIYA,2026-05-04 19:58:02.586204+05:30,131,3.55,SPEED_BELOW_10,2026-05-04 19:58:13.902037+05:30
2684,J1_KOLLUPITIYA,2026-05-04 19:57:57.285686+05:30,116,9.36,SPEED_BELOW_10,2026-05-04 19:58:05.160530+05:30
2683,J1_KOLLUPITIYA,2026-05-04 19:57:56.189545+05:30,132,2.82,SPEED_BELOW_10,2026-05-04 19:58:05.160530+05:30
2682,J1_KOLLUPITIYA,2026-05-04 19:57:56.015198+05:30,131,3.72,SPEED_BELOW_10,2026-05-04 19:58:05.160530+05:30
2681,J3_TOWN_HALL,2026-05-04 19:57:52.736041+05:30,101,2.47,SPEED_BELOW_10,2026-05-04 19:58:04.708859+05:30
2679,J4_BORELLA,2026-05-04 19:57:48.319238+05:30,143,8.07,SPEED_BELOW_10,2026-05-04 19:57:55.328029+05:30
2676,J2_BAMBALAPITIYA,2026-05-04 19:57:43.463817+05:30,92,4.97,SPEED_BELOW_10,2026-05-04 19:57:54.886279+05:30
2678,J4_BORELLA,2026-05-04 19:57:43.456672+05:30,98,8.01,SPEED_BELOW_10,2026-05-04 19:57:55.328029+05:30
2680,J3_TOWN_HALL,2026-05-04 19:57:42.002202+05:30,132,4.32,SPEED_BELOW_10,2026-05-04 19:57:55.367691+05:30
2677,J1_KOLLUPITIYA,2026-05-04 19:57:40.039949+05:30,121,4.02,SPEED_BELOW_10,2026-05-04 19:57:55.328029+05:30
2675,J4_BORELLA,2026-05-04 19:57:38.804745+05:30,106,6.30,SPEED_BELOW_10,2026-05-04 19:57:43.602215+05:30
2674,J4_BORELLA,2026-05-04 19:57:37.064350+05:30,110,5.02,SPEED_BELOW_10,2026-05-04 19:57:43.602215+05:30
2673,J4_BORELLA,2026-05-04 19:57:36.119163+05:30,129,4.39,SPEED_BELOW_10,2026-05-04 19:57:43.602215+05:30
2672,J4_BORELLA,2026-05-04 19:57:35.985105+05:30,103,8.75,SPEED_BELOW_10,2026-05-04 19:57:43.602215+05:30
2671,J1_KOLLUPITIYA,2026-05-04 19:57:33.585371+05:30,120,8.03,SPEED_BELOW_10,2026-05-04 19:57:43.602215+05:30
2666,J2_BAMBALAPITIYA,2026-05-04 19:57:29.472058+05:30,96,5.78,SPEED_BELOW_10,2026-05-04 19:57:34.149871+05:30
2670,J3_TOWN_HALL,2026-05-04 19:57:29.070793+05:30,95,8.72,SPEED_BELOW_10,2026-05-04 19:57:34.454078+05:30
2668,J3_TOWN_HALL,2026-05-04 19:57:27.715655+05:30,144,2.89,SPEED_BELOW_10,2026-05-04 19:57:34.454078+05:30
2669,J3_TOWN_HALL,2026-05-04 19:57:27.183674+05:30,118,4.81,SPEED_BELOW_10,2026-05-04 19:57:34.454078+05:30
2667,J3_TOWN_HALL,2026-05-04 19:57:26.323033+05:30,113,2.17,SPEED_BELOW_10,2026-05-04 19:57:34.454078+05:30
2665,J2_BAMBALAPITIYA,2026-05-04 19:57:24.975924+05:30,145,2.06,SPEED_BELOW_10,2026-05-04 19:57:34.149871+05:30
2663,J4_BORELLA,2026-05-04 19:57:23.269317+05:30,148,4.05,SPEED_BELOW_10,2026-05-04 19:57:34.034166+05:30
2662,J1_KOLLUPITIYA,2026-05-04 19:57:21.599827+05:30,133,4.81,SPEED_BELOW_10,2026-05-04 19:57:34.034166+05:30
2664,J2_BAMBALAPITIYA,2026-05-04 19:57:21.052435+05:30,113,2.30,SPEED_BELOW_10,2026-05-04 19:57:34.149871+05:30
2661,J2_BAMBALAPITIYA,2026-05-04 19:57:16.646698+05:30,95,4.06,SPEED_BELOW_10,2026-05-04 19:57:23.438488+05:30
2660,J2_BAMBALAPITIYA,2026-05-04 19:57:10.904739+05:30,98,5.86,SPEED_BELOW_10,2026-05-04 19:57:23.438488+05:30
2659,J4_BORELLA,2026-05-04 19:57:10.036843+05:30,96,7.36,SPEED_BELOW_10,2026-05-04 19:57:23.340851+05:30
2655,J2_BAMBALAPITIYA,2026-05-04 19:57:09.752220+05:30,101,3.19,SPEED_BELOW_10,2026-05-04 19:57:13.995835+05:30
2654,J2_BAMBALAPITIYA,2026-05-04 19:57:07.662482+05:30,141,6.04,SPEED_BELOW_10,2026-05-04 19:57:13.995835+05:30
2653,J2_BAMBALAPITIYA,2026-05-04 19:57:05.472252+05:30,144,5.46,SPEED_BELOW_10,2026-05-04 19:57:13.995835+05:30
2658,J1_KOLLUPITIYA,2026-05-04 19:57:03.822664+05:30,102,8.69,SPEED_BELOW_10,2026-05-04 19:57:14.398565+05:30
2657,J1_KOLLUPITIYA,2026-05-04 19:57:03.138415+05:30,121,3.55,SPEED_BELOW_10,2026-05-04 19:57:14.398565+05:30
2656,J1_KOLLUPITIYA,2026-05-04 19:57:02.712845+05:30,100,4.21,SPEED_BELOW_10,2026-05-04 19:57:14.398565+05:30
2651,J2_BAMBALAPITIYA,2026-05-04 19:56:58.738087+05:30,150,7.60,SPEED_BELOW_10,2026-05-04 19:57:04.796598+05:30
2650,J4_BORELLA,2026-05-04 19:56:55.837477+05:30,114,2.79,SPEED_BELOW_10,2026-05-04 19:57:04.613239+05:30
2649,J4_BORELLA,2026-05-04 19:56:54.650197+05:30,108,5.14,SPEED_BELOW_10,2026-05-04 19:57:04.613239+05:30
2652,J3_TOWN_HALL,2026-05-04 19:56:54.504413+05:30,135,6.60,SPEED_BELOW_10,2026-05-04 19:57:04.995214+05:30
2648,J1_KOLLUPITIYA,2026-05-04 19:56:52.792360+05:30,117,2.19,SPEED_BELOW_10,2026-05-04 19:57:04.613239+05:30
2646,J1_KOLLUPITIYA,2026-05-04 19:56:48.355850+05:30,135,2.40,SPEED_BELOW_10,2026-05-04 19:56:53.071078+05:30
2647,J3_TOWN_HALL,2026-05-04 19:56:43.856492+05:30,133,9.49,SPEED_BELOW_10,2026-05-04 19:56:53.358763+05:30
2645,J4_BORELLA,2026-05-04 19:56:42.263666+05:30,130,5.27,SPEED_BELOW_10,2026-05-04 19:56:53.071078+05:30
2644,J1_KOLLUPITIYA,2026-05-04 19:56:38.386510+05:30,95,3.98,SPEED_BELOW_10,2026-05-04 19:56:43.495602+05:30
2643,J1_KOLLUPITIYA,2026-05-04 19:56:38.188533+05:30,134,9.68,SPEED_BELOW_10,2026-05-04 19:56:43.495602+05:30
2642,J4_BORELLA,2026-05-04 19:56:35.847522+05:30,130,4.32,SPEED_BELOW_10,2026-05-04 19:56:43.495602+05:30
2640,J3_TOWN_HALL,2026-05-04 19:56:34.738429+05:30,142,7.66,SPEED_BELOW_10,2026-05-04 19:56:43.283085+05:30
2639,J2_BAMBALAPITIYA,2026-05-04 19:56:34.733672+05:30,119,7.44,SPEED_BELOW_10,2026-05-04 19:56:43.106594+05:30
2641,J1_KOLLUPITIYA,2026-05-04 19:56:29.933844+05:30,110,2.60,SPEED_BELOW_10,2026-05-04 19:56:43.495602+05:30
2635,J2_BAMBALAPITIYA,2026-05-04 19:56:28.405382+05:30,101,5.14,SPEED_BELOW_10,2026-05-04 19:56:33.242871+05:30
2638,J1_KOLLUPITIYA,2026-05-04 19:56:25.939347+05:30,136,3.95,SPEED_BELOW_10,2026-05-04 19:56:33.501810+05:30
2637,J4_BORELLA,2026-05-04 19:56:20.540561+05:30,148,7.73,SPEED_BELOW_10,2026-05-04 19:56:33.501810+05:30
2636,J4_BORELLA,2026-05-04 19:56:20.012192+05:30,137,7.34,SPEED_BELOW_10,2026-05-04 19:56:33.501810+05:30
2633,J4_BORELLA,2026-05-04 19:56:18.901150+05:30,124,7.49,SPEED_BELOW_10,2026-05-04 19:56:22.681105+05:30
2632,J4_BORELLA,2026-05-04 19:56:17.339319+05:30,116,4.89,SPEED_BELOW_10,2026-05-04 19:56:22.681105+05:30
2631,J4_BORELLA,2026-05-04 19:56:17.156230+05:30,110,8.52,SPEED_BELOW_10,2026-05-04 19:56:22.681105+05:30
2629,J2_BAMBALAPITIYA,2026-05-04 19:56:14.920171+05:30,134,3.38,SPEED_BELOW_10,2026-05-04 19:56:22.663516+05:30
2634,J3_TOWN_HALL,2026-05-04 19:56:11.070555+05:30,110,4.95,SPEED_BELOW_10,2026-05-04 19:56:23.127390+05:30
2630,J4_BORELLA,2026-05-04 19:56:10.025709+05:30,130,5.44,SPEED_BELOW_10,2026-05-04 19:56:22.681105+05:30
2628,J3_TOWN_HALL,2026-05-04 19:56:08.648454+05:30,97,9.44,SPEED_BELOW_10,2026-05-04 19:56:13.111478+05:30
2626,J2_BAMBALAPITIYA,2026-05-04 19:56:04.238316+05:30,101,3.92,SPEED_BELOW_10,2026-05-04 19:56:12.671607+05:30
2627,J3_TOWN_HALL,2026-05-04 19:56:02.840218+05:30,124,3.68,SPEED_BELOW_10,2026-05-04 19:56:13.111478+05:30
2625,J3_TOWN_HALL,2026-05-04 19:55:57.382432+05:30,142,5.90,SPEED_BELOW_10,2026-05-04 19:56:04.457947+05:30
2624,J1_KOLLUPITIYA,2026-05-04 19:55:52.688219+05:30,94,6.28,SPEED_BELOW_10,2026-05-04 19:56:03.989013+05:30
2623,J1_KOLLUPITIYA,2026-05-04 19:55:49.974136+05:30,146,7.15,SPEED_BELOW_10,2026-05-04 19:56:03.989013+05:30
2622,J3_TOWN_HALL,2026-05-04 19:55:46.635587+05:30,94,9.75,SPEED_BELOW_10,2026-05-04 19:55:53.390226+05:30
2621,J3_TOWN_HALL,2026-05-04 19:55:46.603987+05:30,123,8.24,SPEED_BELOW_10,2026-05-04 19:55:53.390226+05:30
2620,J3_TOWN_HALL,2026-05-04 19:55:45.837936+05:30,97,6.64,SPEED_BELOW_10,2026-05-04 19:55:53.390226+05:30
2619,J3_TOWN_HALL,2026-05-04 19:55:44.434674+05:30,144,7.40,SPEED_BELOW_10,2026-05-04 19:55:53.390226+05:30
2618,J3_TOWN_HALL,2026-05-04 19:55:43.367747+05:30,146,7.52,SPEED_BELOW_10,2026-05-04 19:55:53.390226+05:30
2617,J3_TOWN_HALL,2026-05-04 19:55:41.135724+05:30,113,3.79,SPEED_BELOW_10,2026-05-04 19:55:53.390226+05:30
2616,J2_BAMBALAPITIYA,2026-05-04 19:55:40.738738+05:30,105,2.31,SPEED_BELOW_10,2026-05-04 19:55:53.376963+05:30
2611,J1_KOLLUPITIYA,2026-05-04 19:55:38.883428+05:30,148,9.62,SPEED_BELOW_10,2026-05-04 19:55:43.152326+05:30
2610,J1_KOLLUPITIYA,2026-05-04 19:55:36.539599+05:30,125,5.05,SPEED_BELOW_10,2026-05-04 19:55:43.152326+05:30
2613,J3_TOWN_HALL,2026-05-04 19:55:33.861949+05:30,91,8.26,SPEED_BELOW_10,2026-05-04 19:55:43.181786+05:30
2615,J2_BAMBALAPITIYA,2026-05-04 19:55:33.830250+05:30,107,8.40,SPEED_BELOW_10,2026-05-04 19:55:43.200787+05:30
2612,J3_TOWN_HALL,2026-05-04 19:55:32.773474+05:30,125,4.39,SPEED_BELOW_10,2026-05-04 19:55:43.181786+05:30
2609,J1_KOLLUPITIYA,2026-05-04 19:55:32.753662+05:30,122,6.05,SPEED_BELOW_10,2026-05-04 19:55:43.152326+05:30
2614,J2_BAMBALAPITIYA,2026-05-04 19:55:31.704574+05:30,104,2.31,SPEED_BELOW_10,2026-05-04 19:55:43.200787+05:30
2608,J3_TOWN_HALL,2026-05-04 19:55:28.553745+05:30,122,6.34,SPEED_BELOW_10,2026-05-04 19:55:32.563535+05:30
2607,J4_BORELLA,2026-05-04 19:55:27.489942+05:30,114,5.86,SPEED_BELOW_10,2026-05-04 19:55:32.292236+05:30
2606,J2_BAMBALAPITIYA,2026-05-04 19:55:21.312132+05:30,136,8.20,SPEED_BELOW_10,2026-05-04 19:55:28.194078+05:30
2592,J1_KOLLUPITIYA,2026-05-04 19:55:21.295026+05:30,104,7.13,SPEED_BELOW_10,2026-05-04 19:55:28.049859+05:30
2605,J2_BAMBALAPITIYA,2026-05-04 19:55:17.138322+05:30,113,9.73,SPEED_BELOW_10,2026-05-04 19:55:28.194078+05:30
2599,J3_TOWN_HALL,2026-05-04 19:55:16.081459+05:30,117,7.15,SPEED_BELOW_10,2026-05-04 19:55:28.059685+05:30
2604,J2_BAMBALAPITIYA,2026-05-04 19:55:15.817871+05:30,128,3.58,SPEED_BELOW_10,2026-05-04 19:55:28.194078+05:30
2603,J2_BAMBALAPITIYA,2026-05-04 19:55:12.838228+05:30,90,8.51,SPEED_BELOW_10,2026-05-04 19:55:28.194078+05:30
2602,J2_BAMBALAPITIYA,2026-05-04 19:55:11.117794+05:30,134,7.49,SPEED_BELOW_10,2026-05-04 19:55:28.194078+05:30
2601,J2_BAMBALAPITIYA,2026-05-04 19:55:09.050487+05:30,131,7.99,SPEED_BELOW_10,2026-05-04 19:55:28.194078+05:30
2598,J3_TOWN_HALL,2026-05-04 19:55:07.953155+05:30,136,5.90,SPEED_BELOW_10,2026-05-04 19:55:28.059685+05:30
2597,J3_TOWN_HALL,2026-05-04 19:55:05.633782+05:30,103,3.29,SPEED_BELOW_10,2026-05-04 19:55:28.059685+05:30
2596,J3_TOWN_HALL,2026-05-04 19:55:03.322544+05:30,121,9.32,SPEED_BELOW_10,2026-05-04 19:55:28.059685+05:30
2595,J3_TOWN_HALL,2026-05-04 19:55:03.321066+05:30,142,4.10,SPEED_BELOW_10,2026-05-04 19:55:28.059685+05:30
2594,J3_TOWN_HALL,2026-05-04 19:55:02.108890+05:30,137,8.55,SPEED_BELOW_10,2026-05-04 19:55:28.059685+05:30
2591,J1_KOLLUPITIYA,2026-05-04 19:55:02.099701+05:30,118,2.78,SPEED_BELOW_10,2026-05-04 19:55:28.049859+05:30
2590,J1_KOLLUPITIYA,2026-05-04 19:54:57.724779+05:30,148,2.68,SPEED_BELOW_10,2026-05-04 19:55:28.049859+05:30
2589,J4_BORELLA,2026-05-04 19:54:56.483965+05:30,119,9.88,SPEED_BELOW_10,2026-05-04 19:55:28.049859+05:30
2600,J2_BAMBALAPITIYA,2026-05-04 19:54:56.383717+05:30,148,6.21,SPEED_BELOW_10,2026-05-04 19:55:28.194078+05:30
2593,J3_TOWN_HALL,2026-05-04 19:54:51.937274+05:30,90,9.51,SPEED_BELOW_10,2026-05-04 19:55:28.059685+05:30
2588,J4_BORELLA,2026-05-04 19:54:47.252336+05:30,143,6.54,SPEED_BELOW_10,2026-05-04 19:54:52.470864+05:30
2587,J4_BORELLA,2026-05-04 19:54:43.857886+05:30,106,9.68,SPEED_BELOW_10,2026-05-04 19:54:52.470864+05:30
2585,J1_KOLLUPITIYA,2026-05-04 19:54:37.085393+05:30,101,5.89,SPEED_BELOW_10,2026-05-04 19:54:42.871238+05:30
2586,J2_BAMBALAPITIYA,2026-05-04 19:54:35.050814+05:30,127,8.94,SPEED_BELOW_10,2026-05-04 19:54:43.243367+05:30
2584,J1_KOLLUPITIYA,2026-05-04 19:54:35.000053+05:30,112,5.87,SPEED_BELOW_10,2026-05-04 19:54:42.871238+05:30
2583,J1_KOLLUPITIYA,2026-05-04 19:54:30.689208+05:30,104,4.02,SPEED_BELOW_10,2026-05-04 19:54:42.871238+05:30
2582,J4_BORELLA,2026-05-04 19:54:26.937763+05:30,111,3.82,SPEED_BELOW_10,2026-05-04 19:54:33.048579+05:30
2579,J2_BAMBALAPITIYA,2026-05-04 19:54:26.909367+05:30,96,6.33,SPEED_BELOW_10,2026-05-04 19:54:32.637774+05:30
2581,J4_BORELLA,2026-05-04 19:54:25.707316+05:30,149,5.07,SPEED_BELOW_10,2026-05-04 19:54:33.048579+05:30
2578,J2_BAMBALAPITIYA,2026-05-04 19:54:24.717377+05:30,140,4.55,SPEED_BELOW_10,2026-05-04 19:54:32.637774+05:30
2580,J4_BORELLA,2026-05-04 19:54:22.616908+05:30,117,3.36,SPEED_BELOW_10,2026-05-04 19:54:33.048579+05:30
2577,J2_BAMBALAPITIYA,2026-05-04 19:54:20.507117+05:30,95,8.71,SPEED_BELOW_10,2026-05-04 19:54:32.637774+05:30
2576,J1_KOLLUPITIYA,2026-05-04 19:54:16.875678+05:30,147,7.25,SPEED_BELOW_10,2026-05-04 19:54:22.594830+05:30
2575,J1_KOLLUPITIYA,2026-05-04 19:54:16.851659+05:30,131,3.69,SPEED_BELOW_10,2026-05-04 19:54:22.594830+05:30
2574,J4_BORELLA,2026-05-04 19:54:16.659688+05:30,133,9.04,SPEED_BELOW_10,2026-05-04 19:54:22.594830+05:30
2573,J4_BORELLA,2026-05-04 19:54:15.765357+05:30,148,3.54,SPEED_BELOW_10,2026-05-04 19:54:22.594830+05:30
2572,J4_BORELLA,2026-05-04 19:54:14.228184+05:30,125,3.24,SPEED_BELOW_10,2026-05-04 19:54:22.594830+05:30
2571,J2_BAMBALAPITIYA,2026-05-04 19:54:13.175362+05:30,108,3.35,SPEED_BELOW_10,2026-05-04 19:54:22.479162+05:30
2569,J1_KOLLUPITIYA,2026-05-04 19:54:07.408057+05:30,145,7.66,SPEED_BELOW_10,2026-05-04 19:54:12.614852+05:30
2570,J3_TOWN_HALL,2026-05-04 19:54:05.291993+05:30,137,4.32,SPEED_BELOW_10,2026-05-04 19:54:13.150794+05:30
2567,J1_KOLLUPITIYA,2026-05-04 19:53:53.892218+05:30,119,3.75,SPEED_BELOW_10,2026-05-04 19:54:02.796266+05:30
2568,J2_BAMBALAPITIYA,2026-05-04 19:53:52.721115+05:30,99,7.96,SPEED_BELOW_10,2026-05-04 19:54:02.942140+05:30
2566,J2_BAMBALAPITIYA,2026-05-04 19:53:48.626232+05:30,136,7.97,SPEED_BELOW_10,2026-05-04 19:53:53.108556+05:30
2565,J1_KOLLUPITIYA,2026-05-04 19:53:48.601676+05:30,139,9.63,SPEED_BELOW_10,2026-05-04 19:53:52.721625+05:30
2564,J1_KOLLUPITIYA,2026-05-04 19:53:46.524746+05:30,123,5.66,SPEED_BELOW_10,2026-05-04 19:53:52.721625+05:30
2563,J1_KOLLUPITIYA,2026-05-04 19:53:39.651518+05:30,111,8.08,SPEED_BELOW_10,2026-05-04 19:53:52.721625+05:30
2562,J4_BORELLA,2026-05-04 19:53:38.586902+05:30,131,4.51,SPEED_BELOW_10,2026-05-04 19:53:42.775532+05:30
2561,J1_KOLLUPITIYA,2026-05-04 19:53:37.403150+05:30,116,2.82,SPEED_BELOW_10,2026-05-04 19:53:42.775532+05:30
2559,J2_BAMBALAPITIYA,2026-05-04 19:53:37.349411+05:30,144,8.68,SPEED_BELOW_10,2026-05-04 19:53:42.386261+05:30
2560,J4_BORELLA,2026-05-04 19:53:32.609748+05:30,144,9.31,SPEED_BELOW_10,2026-05-04 19:53:42.775532+05:30
2558,J3_TOWN_HALL,2026-05-04 19:53:30.275752+05:30,129,6.27,SPEED_BELOW_10,2026-05-04 19:53:42.186393+05:30
2554,J3_TOWN_HALL,2026-05-04 19:53:27.681316+05:30,140,9.19,SPEED_BELOW_10,2026-05-04 19:53:33.298326+05:30
2553,J3_TOWN_HALL,2026-05-04 19:53:24.940631+05:30,99,2.52,SPEED_BELOW_10,2026-05-04 19:53:33.298326+05:30
2557,J1_KOLLUPITIYA,2026-05-04 19:53:23.803255+05:30,90,5.59,SPEED_BELOW_10,2026-05-04 19:53:33.694170+05:30
2556,J1_KOLLUPITIYA,2026-05-04 19:53:23.439414+05:30,128,8.23,SPEED_BELOW_10,2026-05-04 19:53:33.694170+05:30
2555,J1_KOLLUPITIYA,2026-05-04 19:53:21.702882+05:30,122,4.09,SPEED_BELOW_10,2026-05-04 19:53:33.694170+05:30
2552,J4_BORELLA,2026-05-04 19:53:19.233820+05:30,124,8.63,SPEED_BELOW_10,2026-05-04 19:53:22.473032+05:30
2548,J2_BAMBALAPITIYA,2026-05-04 19:53:18.538214+05:30,105,6.05,SPEED_BELOW_10,2026-05-04 19:53:22.181807+05:30
2547,J2_BAMBALAPITIYA,2026-05-04 19:53:16.184789+05:30,91,6.80,SPEED_BELOW_10,2026-05-04 19:53:22.181807+05:30
2551,J1_KOLLUPITIYA,2026-05-04 19:53:12.693179+05:30,134,2.85,SPEED_BELOW_10,2026-05-04 19:53:22.473032+05:30
2549,J3_TOWN_HALL,2026-05-04 19:53:12.206311+05:30,144,2.31,SPEED_BELOW_10,2026-05-04 19:53:22.187299+05:30
2550,J1_KOLLUPITIYA,2026-05-04 19:53:10.092688+05:30,122,3.11,SPEED_BELOW_10,2026-05-04 19:53:22.473032+05:30
2546,J1_KOLLUPITIYA,2026-05-04 19:53:07.118594+05:30,107,9.51,SPEED_BELOW_10,2026-05-04 19:53:12.128216+05:30
2545,J3_TOWN_HALL,2026-05-04 19:53:05.757701+05:30,134,4.79,SPEED_BELOW_10,2026-05-04 19:53:12.081584+05:30
2544,J3_TOWN_HALL,2026-05-04 19:53:04.584889+05:30,136,2.21,SPEED_BELOW_10,2026-05-04 19:53:12.081584+05:30
2542,J1_KOLLUPITIYA,2026-05-04 19:52:57.356543+05:30,130,5.93,SPEED_BELOW_10,2026-05-04 19:53:03.201631+05:30
2541,J3_TOWN_HALL,2026-05-04 19:52:55.661144+05:30,149,8.96,SPEED_BELOW_10,2026-05-04 19:53:03.174570+05:30
2543,J2_BAMBALAPITIYA,2026-05-04 19:52:51.384806+05:30,99,8.85,SPEED_BELOW_10,2026-05-04 19:53:03.551750+05:30
2540,J1_KOLLUPITIYA,2026-05-04 19:52:48.005729+05:30,145,2.27,SPEED_BELOW_10,2026-05-04 19:52:52.886506+05:30
2539,J4_BORELLA,2026-05-04 19:52:46.369810+05:30,128,6.24,SPEED_BELOW_10,2026-05-04 19:52:52.886506+05:30
2538,J1_KOLLUPITIYA,2026-05-04 19:52:44.589293+05:30,146,6.83,SPEED_BELOW_10,2026-05-04 19:52:52.886506+05:30
2537,J1_KOLLUPITIYA,2026-05-04 19:52:37.311766+05:30,149,3.18,SPEED_BELOW_10,2026-05-04 19:52:43.468715+05:30
2534,J3_TOWN_HALL,2026-05-04 19:52:36.070034+05:30,90,6.88,SPEED_BELOW_10,2026-05-04 19:52:43.415958+05:30
2536,J1_KOLLUPITIYA,2026-05-04 19:52:34.707960+05:30,121,3.70,SPEED_BELOW_10,2026-05-04 19:52:43.468715+05:30
2535,J4_BORELLA,2026-05-04 19:52:32.549431+05:30,121,9.23,SPEED_BELOW_10,2026-05-04 19:52:43.468715+05:30
2533,J3_TOWN_HALL,2026-05-04 19:52:31.821387+05:30,132,4.70,SPEED_BELOW_10,2026-05-04 19:52:43.415958+05:30
2531,J2_BAMBALAPITIYA,2026-05-04 19:52:28.847331+05:30,111,4.86,SPEED_BELOW_10,2026-05-04 19:52:32.285043+05:30
2532,J3_TOWN_HALL,2026-05-04 19:52:26.911592+05:30,142,9.04,SPEED_BELOW_10,2026-05-04 19:52:32.310780+05:30
2530,J4_BORELLA,2026-05-04 19:52:25.643681+05:30,127,2.45,SPEED_BELOW_10,2026-05-04 19:52:32.247590+05:30
2529,J4_BORELLA,2026-05-04 19:52:25.037467+05:30,102,3.19,SPEED_BELOW_10,2026-05-04 19:52:32.247590+05:30
2528,J4_BORELLA,2026-05-04 19:52:23.655075+05:30,117,3.05,SPEED_BELOW_10,2026-05-04 19:52:32.247590+05:30
2527,J1_KOLLUPITIYA,2026-05-04 19:52:18.968430+05:30,140,2.72,SPEED_BELOW_10,2026-05-04 19:52:24.178907+05:30
2526,J4_BORELLA,2026-05-04 19:52:16.551677+05:30,108,7.86,SPEED_BELOW_10,2026-05-04 19:52:24.178907+05:30
2525,J1_KOLLUPITIYA,2026-05-04 19:52:13.185285+05:30,119,7.79,SPEED_BELOW_10,2026-05-04 19:52:24.178907+05:30
2524,J4_BORELLA,2026-05-04 19:52:12.055367+05:30,121,2.60,SPEED_BELOW_10,2026-05-04 19:52:24.178907+05:30
2523,J3_TOWN_HALL,2026-05-04 19:52:10.854470+05:30,110,9.81,SPEED_BELOW_10,2026-05-04 19:52:23.809941+05:30
2519,J3_TOWN_HALL,2026-05-04 19:52:08.289828+05:30,132,6.44,SPEED_BELOW_10,2026-05-04 19:52:13.180194+05:30
2522,J2_BAMBALAPITIYA,2026-05-04 19:52:08.261986+05:30,120,4.31,SPEED_BELOW_10,2026-05-04 19:52:13.238488+05:30
2521,J2_BAMBALAPITIYA,2026-05-04 19:52:06.924645+05:30,101,2.68,SPEED_BELOW_10,2026-05-04 19:52:13.238488+05:30
2518,J3_TOWN_HALL,2026-05-04 19:52:00.410621+05:30,118,6.47,SPEED_BELOW_10,2026-05-04 19:52:13.180194+05:30
2520,J2_BAMBALAPITIYA,2026-05-04 19:52:00.276769+05:30,125,8.48,SPEED_BELOW_10,2026-05-04 19:52:13.238488+05:30
2516,J3_TOWN_HALL,2026-05-04 19:51:55.556151+05:30,126,2.85,SPEED_BELOW_10,2026-05-04 19:52:02.424571+05:30
2517,J2_BAMBALAPITIYA,2026-05-04 19:51:50.950272+05:30,122,2.96,SPEED_BELOW_10,2026-05-04 19:52:02.746799+05:30
2515,J3_TOWN_HALL,2026-05-04 19:51:48.864396+05:30,121,3.29,SPEED_BELOW_10,2026-05-04 19:51:52.659030+05:30
2514,J3_TOWN_HALL,2026-05-04 19:51:48.742066+05:30,93,3.34,SPEED_BELOW_10,2026-05-04 19:51:52.659030+05:30
2512,J1_KOLLUPITIYA,2026-05-04 19:51:42.795242+05:30,92,9.19,SPEED_BELOW_10,2026-05-04 19:51:52.412263+05:30
2513,J2_BAMBALAPITIYA,2026-05-04 19:51:42.175244+05:30,138,6.61,SPEED_BELOW_10,2026-05-04 19:51:52.536274+05:30
2511,J4_BORELLA,2026-05-04 19:51:41.768384+05:30,121,2.61,SPEED_BELOW_10,2026-05-04 19:51:52.412263+05:30
2510,J3_TOWN_HALL,2026-05-04 19:51:37.943929+05:30,90,5.57,SPEED_BELOW_10,2026-05-04 19:51:41.801603+05:30
2508,J4_BORELLA,2026-05-04 19:51:37.593682+05:30,120,2.41,SPEED_BELOW_10,2026-05-04 19:51:41.776622+05:30
2507,J1_KOLLUPITIYA,2026-05-04 19:51:36.993054+05:30,102,3.62,SPEED_BELOW_10,2026-05-04 19:51:41.776622+05:30
2506,J4_BORELLA,2026-05-04 19:51:36.902262+05:30,113,4.84,SPEED_BELOW_10,2026-05-04 19:51:41.776622+05:30
2505,J4_BORELLA,2026-05-04 19:51:35.958605+05:30,96,6.14,SPEED_BELOW_10,2026-05-04 19:51:41.776622+05:30
2504,J1_KOLLUPITIYA,2026-05-04 19:51:32.453106+05:30,130,5.75,SPEED_BELOW_10,2026-05-04 19:51:41.776622+05:30
2509,J3_TOWN_HALL,2026-05-04 19:51:31.653255+05:30,95,9.77,SPEED_BELOW_10,2026-05-04 19:51:41.801603+05:30
2500,J2_BAMBALAPITIYA,2026-05-04 19:51:28.428163+05:30,149,5.56,SPEED_BELOW_10,2026-05-04 19:51:33.249624+05:30
2503,J1_KOLLUPITIYA,2026-05-04 19:51:26.795804+05:30,140,3.60,SPEED_BELOW_10,2026-05-04 19:51:33.397440+05:30
2502,J1_KOLLUPITIYA,2026-05-04 19:51:21.452386+05:30,143,7.59,SPEED_BELOW_10,2026-05-04 19:51:33.397440+05:30
2501,J4_BORELLA,2026-05-04 19:51:20.402058+05:30,150,8.04,SPEED_BELOW_10,2026-05-04 19:51:33.397440+05:30
2498,J4_BORELLA,2026-05-04 19:51:16.176338+05:30,114,4.13,SPEED_BELOW_10,2026-05-04 19:51:21.808699+05:30
2497,J4_BORELLA,2026-05-04 19:51:13.626158+05:30,119,4.58,SPEED_BELOW_10,2026-05-04 19:51:21.808699+05:30
2499,J2_BAMBALAPITIYA,2026-05-04 19:51:13.376812+05:30,121,6.64,SPEED_BELOW_10,2026-05-04 19:51:21.849050+05:30
2495,J4_BORELLA,2026-05-04 19:51:06.761603+05:30,122,3.93,SPEED_BELOW_10,2026-05-04 19:51:12.711922+05:30
2494,J4_BORELLA,2026-05-04 19:51:05.416587+05:30,136,3.41,SPEED_BELOW_10,2026-05-04 19:51:12.711922+05:30
2496,J2_BAMBALAPITIYA,2026-05-04 19:51:03.278594+05:30,128,7.05,SPEED_BELOW_10,2026-05-04 19:51:12.769842+05:30
2493,J3_TOWN_HALL,2026-05-04 19:50:57.267543+05:30,110,9.21,SPEED_BELOW_10,2026-05-04 19:51:02.589999+05:30
2490,J2_BAMBALAPITIYA,2026-05-04 19:50:56.671820+05:30,149,3.04,SPEED_BELOW_10,2026-05-04 19:51:02.296135+05:30
2492,J1_KOLLUPITIYA,2026-05-04 19:50:54.408096+05:30,129,6.93,SPEED_BELOW_10,2026-05-04 19:51:02.428974+05:30
2491,J1_KOLLUPITIYA,2026-05-04 19:50:53.360261+05:30,95,7.57,SPEED_BELOW_10,2026-05-04 19:51:02.428974+05:30
2489,J2_BAMBALAPITIYA,2026-05-04 19:50:48.689046+05:30,105,8.31,SPEED_BELOW_10,2026-05-04 19:50:53.315544+05:30
2487,J3_TOWN_HALL,2026-05-04 19:50:47.974123+05:30,122,4.37,SPEED_BELOW_10,2026-05-04 19:50:53.120902+05:30
2485,J4_BORELLA,2026-05-04 19:50:46.703641+05:30,92,8.06,SPEED_BELOW_10,2026-05-04 19:50:53.016066+05:30
2486,J3_TOWN_HALL,2026-05-04 19:50:46.561404+05:30,100,7.92,SPEED_BELOW_10,2026-05-04 19:50:53.120902+05:30
2488,J2_BAMBALAPITIYA,2026-05-04 19:50:45.155686+05:30,121,8.27,SPEED_BELOW_10,2026-05-04 19:50:53.315544+05:30
2484,J1_KOLLUPITIYA,2026-05-04 19:50:42.675054+05:30,109,5.50,SPEED_BELOW_10,2026-05-04 19:50:53.016066+05:30
2483,J1_KOLLUPITIYA,2026-05-04 19:50:40.376441+05:30,116,8.04,SPEED_BELOW_10,2026-05-04 19:50:53.016066+05:30
2482,J1_KOLLUPITIYA,2026-05-04 19:50:37.952991+05:30,117,5.25,SPEED_BELOW_10,2026-05-04 19:50:42.383670+05:30
2479,J3_TOWN_HALL,2026-05-04 19:50:36.895842+05:30,136,7.41,SPEED_BELOW_10,2026-05-04 19:50:42.334866+05:30
2481,J1_KOLLUPITIYA,2026-05-04 19:50:36.768476+05:30,99,3.68,SPEED_BELOW_10,2026-05-04 19:50:42.383670+05:30
2478,J3_TOWN_HALL,2026-05-04 19:50:36.695173+05:30,133,8.63,SPEED_BELOW_10,2026-05-04 19:50:42.334866+05:30
2480,J4_BORELLA,2026-05-04 19:50:34.788909+05:30,117,8.79,SPEED_BELOW_10,2026-05-04 19:50:42.383670+05:30
2477,J3_TOWN_HALL,2026-05-04 19:50:34.375001+05:30,134,6.70,SPEED_BELOW_10,2026-05-04 19:50:42.334866+05:30
2476,J3_TOWN_HALL,2026-05-04 19:50:29.271037+05:30,92,5.47,SPEED_BELOW_10,2026-05-04 19:50:32.117560+05:30
2474,J4_BORELLA,2026-05-04 19:50:28.124737+05:30,90,8.96,SPEED_BELOW_10,2026-05-04 19:50:31.704069+05:30
2472,J2_BAMBALAPITIYA,2026-05-04 19:50:25.908233+05:30,122,5.49,SPEED_BELOW_10,2026-05-04 19:50:31.662021+05:30
2471,J2_BAMBALAPITIYA,2026-05-04 19:50:24.580006+05:30,114,5.45,SPEED_BELOW_10,2026-05-04 19:50:31.662021+05:30
2473,J4_BORELLA,2026-05-04 19:50:23.543257+05:30,139,7.38,SPEED_BELOW_10,2026-05-04 19:50:31.704069+05:30
2475,J3_TOWN_HALL,2026-05-04 19:50:22.480708+05:30,125,4.65,SPEED_BELOW_10,2026-05-04 19:50:32.117560+05:30
2469,J1_KOLLUPITIYA,2026-05-04 19:50:17.659729+05:30,120,5.61,SPEED_BELOW_10,2026-05-04 19:50:22.982567+05:30
2468,J4_BORELLA,2026-05-04 19:50:14.415210+05:30,129,5.58,SPEED_BELOW_10,2026-05-04 19:50:22.982567+05:30
2466,J3_TOWN_HALL,2026-05-04 19:50:14.342498+05:30,90,4.88,SPEED_BELOW_10,2026-05-04 19:50:22.803238+05:30
2467,J4_BORELLA,2026-05-04 19:50:13.992687+05:30,121,3.04,SPEED_BELOW_10,2026-05-04 19:50:22.982567+05:30
2470,J2_BAMBALAPITIYA,2026-05-04 19:50:12.792429+05:30,126,5.26,SPEED_BELOW_10,2026-05-04 19:50:23.013913+05:30
2461,J4_BORELLA,2026-05-04 19:50:09.934623+05:30,109,6.85,SPEED_BELOW_10,2026-05-04 19:50:11.618214+05:30
2463,J3_TOWN_HALL,2026-05-04 19:50:08.978587+05:30,94,2.37,SPEED_BELOW_10,2026-05-04 19:50:11.692084+05:30
2462,J3_TOWN_HALL,2026-05-04 19:50:07.832656+05:30,110,7.12,SPEED_BELOW_10,2026-05-04 19:50:11.692084+05:30
2465,J2_BAMBALAPITIYA,2026-05-04 19:50:06.744111+05:30,126,4.22,SPEED_BELOW_10,2026-05-04 19:50:12.141823+05:30
2460,J1_KOLLUPITIYA,2026-05-04 19:50:05.689438+05:30,126,7.29,SPEED_BELOW_10,2026-05-04 19:50:11.618214+05:30
2464,J2_BAMBALAPITIYA,2026-05-04 19:50:01.968965+05:30,105,2.04,SPEED_BELOW_10,2026-05-04 19:50:12.141823+05:30
2458,J1_KOLLUPITIYA,2026-05-04 19:49:59.361842+05:30,100,3.61,SPEED_BELOW_10,2026-05-04 19:50:01.938900+05:30
2459,J3_TOWN_HALL,2026-05-04 19:49:55.412707+05:30,100,6.25,SPEED_BELOW_10,2026-05-04 19:50:02.181831+05:30
2457,J1_KOLLUPITIYA,2026-05-04 19:49:52.152668+05:30,143,9.08,SPEED_BELOW_10,2026-05-04 19:50:01.938900+05:30
2456,J4_BORELLA,2026-05-04 19:49:42.161626+05:30,126,3.48,SPEED_BELOW_10,2026-05-04 19:49:52.361362+05:30
2455,J4_BORELLA,2026-05-04 19:49:41.888457+05:30,122,3.21,SPEED_BELOW_10,2026-05-04 19:49:52.361362+05:30
2453,J2_BAMBALAPITIYA,2026-05-04 19:49:40.529706+05:30,128,4.26,SPEED_BELOW_10,2026-05-04 19:49:52.320044+05:30
2454,J1_KOLLUPITIYA,2026-05-04 19:49:40.475031+05:30,138,5.25,SPEED_BELOW_10,2026-05-04 19:49:52.361362+05:30
2449,J4_BORELLA,2026-05-04 19:49:38.286077+05:30,128,6.77,SPEED_BELOW_10,2026-05-04 19:49:41.855444+05:30
2450,J3_TOWN_HALL,2026-05-04 19:49:35.830590+05:30,110,7.68,SPEED_BELOW_10,2026-05-04 19:49:41.972070+05:30
2452,J2_BAMBALAPITIYA,2026-05-04 19:49:34.794223+05:30,110,2.66,SPEED_BELOW_10,2026-05-04 19:49:42.112681+05:30
2448,J4_BORELLA,2026-05-04 19:49:33.737839+05:30,100,7.05,SPEED_BELOW_10,2026-05-04 19:49:41.855444+05:30
2451,J2_BAMBALAPITIYA,2026-05-04 19:49:33.705712+05:30,134,3.08,SPEED_BELOW_10,2026-05-04 19:49:42.112681+05:30
2447,J4_BORELLA,2026-05-04 19:49:30.026029+05:30,118,9.38,SPEED_BELOW_10,2026-05-04 19:49:41.855444+05:30
2444,J3_TOWN_HALL,2026-05-04 19:49:29.185160+05:30,101,2.76,SPEED_BELOW_10,2026-05-04 19:49:31.962932+05:30
2443,J1_KOLLUPITIYA,2026-05-04 19:49:28.078649+05:30,142,3.71,SPEED_BELOW_10,2026-05-04 19:49:31.628019+05:30
2446,J2_BAMBALAPITIYA,2026-05-04 19:49:25.944509+05:30,141,2.01,SPEED_BELOW_10,2026-05-04 19:49:31.975316+05:30
2442,J1_KOLLUPITIYA,2026-05-04 19:49:25.624244+05:30,141,8.27,SPEED_BELOW_10,2026-05-04 19:49:31.628019+05:30
2445,J2_BAMBALAPITIYA,2026-05-04 19:49:23.584708+05:30,149,8.28,SPEED_BELOW_10,2026-05-04 19:49:31.975316+05:30
2441,J1_KOLLUPITIYA,2026-05-04 19:49:19.429635+05:30,102,3.86,SPEED_BELOW_10,2026-05-04 19:49:22.565317+05:30
2440,J4_BORELLA,2026-05-04 19:49:18.407519+05:30,111,5.62,SPEED_BELOW_10,2026-05-04 19:49:22.565317+05:30
2439,J1_KOLLUPITIYA,2026-05-04 19:49:18.395671+05:30,94,2.59,SPEED_BELOW_10,2026-05-04 19:49:22.565317+05:30
2438,J4_BORELLA,2026-05-04 19:49:17.340016+05:30,149,7.11,SPEED_BELOW_10,2026-05-04 19:49:22.565317+05:30
2435,J3_TOWN_HALL,2026-05-04 19:49:16.233238+05:30,112,2.14,SPEED_BELOW_10,2026-05-04 19:49:22.395325+05:30
2437,J1_KOLLUPITIYA,2026-05-04 19:49:14.969226+05:30,139,8.69,SPEED_BELOW_10,2026-05-04 19:49:22.565317+05:30
2436,J1_KOLLUPITIYA,2026-05-04 19:49:11.481181+05:30,127,4.67,SPEED_BELOW_10,2026-05-04 19:49:22.565317+05:30
2434,J2_BAMBALAPITIYA,2026-05-04 19:49:08.955932+05:30,150,5.13,SPEED_BELOW_10,2026-05-04 19:49:12.371382+05:30
2432,J4_BORELLA,2026-05-04 19:49:02.393200+05:30,92,5.17,SPEED_BELOW_10,2026-05-04 19:49:12.371785+05:30
2431,J4_BORELLA,2026-05-04 19:49:00.279180+05:30,125,9.01,SPEED_BELOW_10,2026-05-04 19:49:12.371785+05:30
2433,J2_BAMBALAPITIYA,2026-05-04 19:49:00.177584+05:30,119,6.79,SPEED_BELOW_10,2026-05-04 19:49:12.371382+05:30
2430,J1_KOLLUPITIYA,2026-05-04 19:48:59.060978+05:30,102,6.49,SPEED_BELOW_10,2026-05-04 19:49:01.485378+05:30
2429,J4_BORELLA,2026-05-04 19:48:57.984880+05:30,135,6.79,SPEED_BELOW_10,2026-05-04 19:49:01.485378+05:30
2426,J2_BAMBALAPITIYA,2026-05-04 19:48:56.254144+05:30,118,7.54,SPEED_BELOW_10,2026-05-04 19:49:01.466185+05:30
2427,J2_BAMBALAPITIYA,2026-05-04 19:48:56.242547+05:30,93,8.83,SPEED_BELOW_10,2026-05-04 19:49:01.466185+05:30
2428,J1_KOLLUPITIYA,2026-05-04 19:48:54.843485+05:30,132,2.26,SPEED_BELOW_10,2026-05-04 19:49:01.485378+05:30
2423,J3_TOWN_HALL,2026-05-04 19:48:49.241519+05:30,103,8.21,SPEED_BELOW_10,2026-05-04 19:48:52.774153+05:30
2425,J4_BORELLA,2026-05-04 19:48:45.038444+05:30,147,2.37,SPEED_BELOW_10,2026-05-04 19:48:52.805823+05:30
2422,J3_TOWN_HALL,2026-05-04 19:48:43.461908+05:30,143,9.53,SPEED_BELOW_10,2026-05-04 19:48:52.774153+05:30
2421,J3_TOWN_HALL,2026-05-04 19:48:42.102184+05:30,134,6.56,SPEED_BELOW_10,2026-05-04 19:48:52.774153+05:30
2424,J4_BORELLA,2026-05-04 19:48:41.153218+05:30,133,5.32,SPEED_BELOW_10,2026-05-04 19:48:52.805823+05:30
2419,J1_KOLLUPITIYA,2026-05-04 19:48:39.612537+05:30,139,5.78,SPEED_BELOW_10,2026-05-04 19:48:42.355069+05:30
2418,J4_BORELLA,2026-05-04 19:48:39.322524+05:30,122,8.56,SPEED_BELOW_10,2026-05-04 19:48:42.355069+05:30
2417,J1_KOLLUPITIYA,2026-05-04 19:48:37.598428+05:30,126,8.22,SPEED_BELOW_10,2026-05-04 19:48:42.355069+05:30
2416,J4_BORELLA,2026-05-04 19:48:33.308849+05:30,123,2.29,SPEED_BELOW_10,2026-05-04 19:48:42.355069+05:30
2420,J3_TOWN_HALL,2026-05-04 19:48:32.862332+05:30,104,6.81,SPEED_BELOW_10,2026-05-04 19:48:42.511776+05:30
2415,J3_TOWN_HALL,2026-05-04 19:48:29.945029+05:30,96,4.69,SPEED_BELOW_10,2026-05-04 19:48:32.309840+05:30
2414,J3_TOWN_HALL,2026-05-04 19:48:28.837528+05:30,110,4.30,SPEED_BELOW_10,2026-05-04 19:48:32.309840+05:30
2413,J3_TOWN_HALL,2026-05-04 19:48:28.575926+05:30,149,2.01,SPEED_BELOW_10,2026-05-04 19:48:32.309840+05:30
2408,J1_KOLLUPITIYA,2026-05-04 19:48:26.740118+05:30,143,9.57,SPEED_BELOW_10,2026-05-04 19:48:32.056274+05:30
2412,J3_TOWN_HALL,2026-05-04 19:48:25.559135+05:30,131,5.13,SPEED_BELOW_10,2026-05-04 19:48:32.309840+05:30
2411,J3_TOWN_HALL,2026-05-04 19:48:24.522018+05:30,138,9.58,SPEED_BELOW_10,2026-05-04 19:48:32.309840+05:30
2410,J3_TOWN_HALL,2026-05-04 19:48:23.501356+05:30,105,2.82,SPEED_BELOW_10,2026-05-04 19:48:32.309840+05:30
2407,J4_BORELLA,2026-05-04 19:48:23.344703+05:30,149,4.61,SPEED_BELOW_10,2026-05-04 19:48:32.056274+05:30
2406,J1_KOLLUPITIYA,2026-05-04 19:48:23.331094+05:30,107,9.70,SPEED_BELOW_10,2026-05-04 19:48:32.056274+05:30
2405,J1_KOLLUPITIYA,2026-05-04 19:48:22.408300+05:30,133,9.15,SPEED_BELOW_10,2026-05-04 19:48:32.056274+05:30
2409,J3_TOWN_HALL,2026-05-04 19:48:22.292356+05:30,118,2.67,SPEED_BELOW_10,2026-05-04 19:48:32.309840+05:30
2404,J4_BORELLA,2026-05-04 19:48:21.277703+05:30,114,2.66,SPEED_BELOW_10,2026-05-04 19:48:32.056274+05:30
2398,J2_BAMBALAPITIYA,2026-05-04 19:48:18.146185+05:30,111,7.38,SPEED_BELOW_10,2026-05-04 19:48:22.195573+05:30
2400,J1_KOLLUPITIYA,2026-05-04 19:48:17.448620+05:30,115,8.85,SPEED_BELOW_10,2026-05-04 19:48:22.235625+05:30
2403,J3_TOWN_HALL,2026-05-04 19:48:16.327205+05:30,140,5.43,SPEED_BELOW_10,2026-05-04 19:48:22.331118+05:30
2402,J3_TOWN_HALL,2026-05-04 19:48:15.965292+05:30,136,2.77,SPEED_BELOW_10,2026-05-04 19:48:22.331118+05:30
2397,J2_BAMBALAPITIYA,2026-05-04 19:48:15.205531+05:30,127,7.81,SPEED_BELOW_10,2026-05-04 19:48:22.195573+05:30
2396,J2_BAMBALAPITIYA,2026-05-04 19:48:13.880621+05:30,92,3.89,SPEED_BELOW_10,2026-05-04 19:48:22.195573+05:30
2399,J4_BORELLA,2026-05-04 19:48:13.168672+05:30,103,7.28,SPEED_BELOW_10,2026-05-04 19:48:22.235625+05:30
2401,J3_TOWN_HALL,2026-05-04 19:48:11.741599+05:30,131,5.01,SPEED_BELOW_10,2026-05-04 19:48:22.331118+05:30
2395,J4_BORELLA,2026-05-04 19:48:09.685707+05:30,110,7.83,SPEED_BELOW_10,2026-05-04 19:48:11.434041+05:30
2393,J2_BAMBALAPITIYA,2026-05-04 19:48:07.737697+05:30,133,7.08,SPEED_BELOW_10,2026-05-04 19:48:11.174094+05:30
2394,J1_KOLLUPITIYA,2026-05-04 19:48:05.983814+05:30,125,8.49,SPEED_BELOW_10,2026-05-04 19:48:11.434041+05:30
2392,J2_BAMBALAPITIYA,2026-05-04 19:48:05.682247+05:30,92,2.91,SPEED_BELOW_10,2026-05-04 19:48:11.174094+05:30
2391,J2_BAMBALAPITIYA,2026-05-04 19:48:01.053356+05:30,141,2.25,SPEED_BELOW_10,2026-05-04 19:48:11.174094+05:30
2388,J4_BORELLA,2026-05-04 19:47:59.915670+05:30,112,7.61,SPEED_BELOW_10,2026-05-04 19:48:02.839603+05:30
2387,J1_KOLLUPITIYA,2026-05-04 19:47:57.391873+05:30,126,8.49,SPEED_BELOW_10,2026-05-04 19:48:02.839603+05:30
2386,J4_BORELLA,2026-05-04 19:47:56.214347+05:30,126,4.56,SPEED_BELOW_10,2026-05-04 19:48:02.839603+05:30
2390,J2_BAMBALAPITIYA,2026-05-04 19:47:55.118460+05:30,119,4.02,SPEED_BELOW_10,2026-05-04 19:48:03.127444+05:30
2385,J1_KOLLUPITIYA,2026-05-04 19:47:53.532000+05:30,93,6.81,SPEED_BELOW_10,2026-05-04 19:48:02.839603+05:30
2389,J2_BAMBALAPITIYA,2026-05-04 19:47:52.195213+05:30,140,4.61,SPEED_BELOW_10,2026-05-04 19:48:03.127444+05:30
2384,J1_KOLLUPITIYA,2026-05-04 19:47:52.155641+05:30,104,3.26,SPEED_BELOW_10,2026-05-04 19:48:02.839603+05:30
2383,J4_BORELLA,2026-05-04 19:47:50.002672+05:30,113,6.90,SPEED_BELOW_10,2026-05-04 19:48:02.839603+05:30
2382,J2_BAMBALAPITIYA,2026-05-04 19:47:49.378281+05:30,123,8.00,SPEED_BELOW_10,2026-05-04 19:47:51.733269+05:30
2375,J4_BORELLA,2026-05-04 19:47:48.974267+05:30,110,2.81,SPEED_BELOW_10,2026-05-04 19:47:51.552782+05:30
2381,J2_BAMBALAPITIYA,2026-05-04 19:47:48.951848+05:30,106,4.19,SPEED_BELOW_10,2026-05-04 19:47:51.733269+05:30
2374,J4_BORELLA,2026-05-04 19:47:47.931749+05:30,140,6.59,SPEED_BELOW_10,2026-05-04 19:47:51.552782+05:30
2380,J2_BAMBALAPITIYA,2026-05-04 19:47:47.918782+05:30,144,9.77,SPEED_BELOW_10,2026-05-04 19:47:51.733269+05:30
2379,J2_BAMBALAPITIYA,2026-05-04 19:47:46.878961+05:30,104,6.74,SPEED_BELOW_10,2026-05-04 19:47:51.733269+05:30
2377,J3_TOWN_HALL,2026-05-04 19:47:45.845290+05:30,97,4.74,SPEED_BELOW_10,2026-05-04 19:47:51.615479+05:30
2376,J3_TOWN_HALL,2026-05-04 19:47:44.764202+05:30,135,3.32,SPEED_BELOW_10,2026-05-04 19:47:51.615479+05:30
2378,J2_BAMBALAPITIYA,2026-05-04 19:47:42.699645+05:30,145,2.44,SPEED_BELOW_10,2026-05-04 19:47:51.733269+05:30
2373,J4_BORELLA,2026-05-04 19:47:41.704990+05:30,148,4.34,SPEED_BELOW_10,2026-05-04 19:47:51.552782+05:30
2372,J4_BORELLA,2026-05-04 19:47:40.689512+05:30,111,4.94,SPEED_BELOW_10,2026-05-04 19:47:51.552782+05:30
2365,J2_BAMBALAPITIYA,2026-05-04 19:47:38.619517+05:30,114,4.50,SPEED_BELOW_10,2026-05-04 19:47:40.678066+05:30
2370,J1_KOLLUPITIYA,2026-05-04 19:47:36.501518+05:30,118,5.37,SPEED_BELOW_10,2026-05-04 19:47:40.731662+05:30
2369,J1_KOLLUPITIYA,2026-05-04 19:47:36.196392+05:30,111,3.40,SPEED_BELOW_10,2026-05-04 19:47:40.731662+05:30
2371,J3_TOWN_HALL,2026-05-04 19:47:33.100056+05:30,100,9.79,SPEED_BELOW_10,2026-05-04 19:47:40.810364+05:30
2364,J2_BAMBALAPITIYA,2026-05-04 19:47:33.077416+05:30,118,6.82,SPEED_BELOW_10,2026-05-04 19:47:40.678066+05:30
2368,J1_KOLLUPITIYA,2026-05-04 19:47:33.066465+05:30,115,8.64,SPEED_BELOW_10,2026-05-04 19:47:40.731662+05:30
2367,J1_KOLLUPITIYA,2026-05-04 19:47:31.131487+05:30,144,2.08,SPEED_BELOW_10,2026-05-04 19:47:40.731662+05:30
2363,J2_BAMBALAPITIYA,2026-05-04 19:47:30.708049+05:30,117,2.01,SPEED_BELOW_10,2026-05-04 19:47:40.678066+05:30
2366,J1_KOLLUPITIYA,2026-05-04 19:47:30.697254+05:30,122,4.79,SPEED_BELOW_10,2026-05-04 19:47:40.731662+05:30
2362,J2_BAMBALAPITIYA,2026-05-04 19:47:29.092710+05:30,123,4.37,SPEED_BELOW_10,2026-05-04 19:47:31.072322+05:30
2356,J3_TOWN_HALL,2026-05-04 19:47:26.864085+05:30,113,9.69,SPEED_BELOW_10,2026-05-04 19:47:30.784092+05:30
2361,J2_BAMBALAPITIYA,2026-05-04 19:47:26.861204+05:30,146,5.10,SPEED_BELOW_10,2026-05-04 19:47:31.072322+05:30
2360,J2_BAMBALAPITIYA,2026-05-04 19:47:25.593591+05:30,124,4.17,SPEED_BELOW_10,2026-05-04 19:47:31.072322+05:30
2359,J2_BAMBALAPITIYA,2026-05-04 19:47:23.778228+05:30,125,6.71,SPEED_BELOW_10,2026-05-04 19:47:31.072322+05:30
2358,J2_BAMBALAPITIYA,2026-05-04 19:47:23.729123+05:30,108,4.46,SPEED_BELOW_10,2026-05-04 19:47:31.072322+05:30
2354,J1_KOLLUPITIYA,2026-05-04 19:47:21.324941+05:30,111,5.17,SPEED_BELOW_10,2026-05-04 19:47:30.744063+05:30
2357,J2_BAMBALAPITIYA,2026-05-04 19:47:21.324392+05:30,105,7.59,SPEED_BELOW_10,2026-05-04 19:47:31.072322+05:30
2355,J3_TOWN_HALL,2026-05-04 19:47:20.272645+05:30,123,3.01,SPEED_BELOW_10,2026-05-04 19:47:30.784092+05:30
2353,J1_KOLLUPITIYA,2026-05-04 19:47:20.176262+05:30,131,2.47,SPEED_BELOW_10,2026-05-04 19:47:30.744063+05:30
2349,J4_BORELLA,2026-05-04 19:47:18.128434+05:30,126,7.73,SPEED_BELOW_10,2026-05-04 19:47:21.808525+05:30
2352,J2_BAMBALAPITIYA,2026-05-04 19:47:18.123224+05:30,145,8.98,SPEED_BELOW_10,2026-05-04 19:47:21.800362+05:30
2348,J1_KOLLUPITIYA,2026-05-04 19:47:17.050490+05:30,122,5.21,SPEED_BELOW_10,2026-05-04 19:47:21.808525+05:30
2347,J1_KOLLUPITIYA,2026-05-04 19:47:16.032155+05:30,100,8.97,SPEED_BELOW_10,2026-05-04 19:47:21.808525+05:30
2351,J2_BAMBALAPITIYA,2026-05-04 19:47:15.018963+05:30,109,8.64,SPEED_BELOW_10,2026-05-04 19:47:21.800362+05:30
2350,J2_BAMBALAPITIYA,2026-05-04 19:47:14.001725+05:30,93,2.50,SPEED_BELOW_10,2026-05-04 19:47:21.800362+05:30
2346,J4_BORELLA,2026-05-04 19:47:13.009174+05:30,123,4.61,SPEED_BELOW_10,2026-05-04 19:47:21.808525+05:30
2345,J1_KOLLUPITIYA,2026-05-04 19:47:11.929693+05:30,93,6.78,SPEED_BELOW_10,2026-05-04 19:47:21.808525+05:30
2344,J1_KOLLUPITIYA,2026-05-04 19:47:11.871319+05:30,100,8.37,SPEED_BELOW_10,2026-05-04 19:47:21.808525+05:30
2343,J3_TOWN_HALL,2026-05-04 19:47:08.868360+05:30,131,4.06,SPEED_BELOW_10,2026-05-04 19:47:10.994195+05:30
2341,J2_BAMBALAPITIYA,2026-05-04 19:47:08.866235+05:30,145,2.27,SPEED_BELOW_10,2026-05-04 19:47:10.984895+05:30
2340,J4_BORELLA,2026-05-04 19:47:06.849209+05:30,150,2.60,SPEED_BELOW_10,2026-05-04 19:47:10.880535+05:30
2339,J1_KOLLUPITIYA,2026-05-04 19:47:03.765449+05:30,124,3.02,SPEED_BELOW_10,2026-05-04 19:47:10.880535+05:30
2342,J3_TOWN_HALL,2026-05-04 19:47:01.605032+05:30,118,4.71,SPEED_BELOW_10,2026-05-04 19:47:10.994195+05:30
2338,J1_KOLLUPITIYA,2026-05-04 19:47:01.539031+05:30,103,9.12,SPEED_BELOW_10,2026-05-04 19:47:10.880535+05:30
2337,J1_KOLLUPITIYA,2026-05-04 19:47:00.492047+05:30,124,7.39,SPEED_BELOW_10,2026-05-04 19:47:10.880535+05:30
2336,J2_BAMBALAPITIYA,2026-05-04 19:46:59.476593+05:30,119,4.72,SPEED_BELOW_10,2026-05-04 19:47:01.738436+05:30
2334,J1_KOLLUPITIYA,2026-05-04 19:46:57.453375+05:30,130,4.98,SPEED_BELOW_10,2026-05-04 19:47:01.644834+05:30
2333,J4_BORELLA,2026-05-04 19:46:56.492301+05:30,121,8.33,SPEED_BELOW_10,2026-05-04 19:47:01.644834+05:30
2332,J4_BORELLA,2026-05-04 19:46:56.439734+05:30,103,2.13,SPEED_BELOW_10,2026-05-04 19:47:01.644834+05:30
2331,J4_BORELLA,2026-05-04 19:46:53.410048+05:30,129,2.00,SPEED_BELOW_10,2026-05-04 19:47:01.644834+05:30
2335,J3_TOWN_HALL,2026-05-04 19:46:52.418765+05:30,138,5.85,SPEED_BELOW_10,2026-05-04 19:47:01.651028+05:30
2329,J1_KOLLUPITIYA,2026-05-04 19:46:47.357846+05:30,143,6.60,SPEED_BELOW_10,2026-05-04 19:46:50.680994+05:30
2328,J4_BORELLA,2026-05-04 19:46:47.294623+05:30,110,3.13,SPEED_BELOW_10,2026-05-04 19:46:50.680994+05:30
2327,J4_BORELLA,2026-05-04 19:46:45.349808+05:30,112,2.47,SPEED_BELOW_10,2026-05-04 19:46:50.680994+05:30
2326,J4_BORELLA,2026-05-04 19:46:45.277675+05:30,122,5.95,SPEED_BELOW_10,2026-05-04 19:46:50.680994+05:30
2325,J4_BORELLA,2026-05-04 19:46:44.269726+05:30,109,6.44,SPEED_BELOW_10,2026-05-04 19:46:50.680994+05:30
2323,J2_BAMBALAPITIYA,2026-05-04 19:46:43.336876+05:30,150,3.76,SPEED_BELOW_10,2026-05-04 19:46:50.667183+05:30
2324,J1_KOLLUPITIYA,2026-05-04 19:46:41.251302+05:30,127,9.77,SPEED_BELOW_10,2026-05-04 19:46:50.680994+05:30
2330,J3_TOWN_HALL,2026-05-04 19:46:40.246225+05:30,113,2.58,SPEED_BELOW_10,2026-05-04 19:46:51.173453+05:30
2320,J2_BAMBALAPITIYA,2026-05-04 19:46:39.274153+05:30,130,7.63,SPEED_BELOW_10,2026-05-04 19:46:40.941597+05:30
2318,J3_TOWN_HALL,2026-05-04 19:46:39.238239+05:30,124,4.65,SPEED_BELOW_10,2026-05-04 19:46:40.543654+05:30
2319,J2_BAMBALAPITIYA,2026-05-04 19:46:37.262360+05:30,144,3.58,SPEED_BELOW_10,2026-05-04 19:46:40.941597+05:30
2317,J3_TOWN_HALL,2026-05-04 19:46:37.224410+05:30,120,3.25,SPEED_BELOW_10,2026-05-04 19:46:40.543654+05:30
2322,J1_KOLLUPITIYA,2026-05-04 19:46:35.212305+05:30,100,9.74,SPEED_BELOW_10,2026-05-04 19:46:40.956482+05:30
2316,J3_TOWN_HALL,2026-05-04 19:46:33.138306+05:30,93,6.12,SPEED_BELOW_10,2026-05-04 19:46:40.543654+05:30
2321,J4_BORELLA,2026-05-04 19:46:31.143392+05:30,109,2.09,SPEED_BELOW_10,2026-05-04 19:46:40.956482+05:30
2310,J2_BAMBALAPITIYA,2026-05-04 19:46:29.129893+05:30,99,6.72,SPEED_BELOW_10,2026-05-04 19:46:30.893380+05:30
2315,J4_BORELLA,2026-05-04 19:46:29.125274+05:30,101,3.83,SPEED_BELOW_10,2026-05-04 19:46:30.903021+05:30
2307,J3_TOWN_HALL,2026-05-04 19:46:24.090227+05:30,124,9.80,SPEED_BELOW_10,2026-05-04 19:46:30.875456+05:30
2314,J4_BORELLA,2026-05-04 19:46:24.078539+05:30,129,8.77,SPEED_BELOW_10,2026-05-04 19:46:30.903021+05:30
2313,J1_KOLLUPITIYA,2026-05-04 19:46:23.088046+05:30,90,3.77,SPEED_BELOW_10,2026-05-04 19:46:30.903021+05:30
2309,J2_BAMBALAPITIYA,2026-05-04 19:46:23.063599+05:30,134,6.46,SPEED_BELOW_10,2026-05-04 19:46:30.893380+05:30
2312,J4_BORELLA,2026-05-04 19:46:22.065660+05:30,101,8.94,SPEED_BELOW_10,2026-05-04 19:46:30.903021+05:30
2306,J3_TOWN_HALL,2026-05-04 19:46:22.065373+05:30,95,5.50,SPEED_BELOW_10,2026-05-04 19:46:30.875456+05:30
2308,J2_BAMBALAPITIYA,2026-05-04 19:46:22.044075+05:30,123,9.43,SPEED_BELOW_10,2026-05-04 19:46:30.893380+05:30
2311,J4_BORELLA,2026-05-04 19:46:20.990953+05:30,129,4.42,SPEED_BELOW_10,2026-05-04 19:46:30.903021+05:30
2305,J1_KOLLUPITIYA,2026-05-04 19:46:19.944424+05:30,120,2.60,SPEED_BELOW_10,2026-05-04 19:46:21.352878+05:30
2299,J2_BAMBALAPITIYA,2026-05-04 19:46:19.877064+05:30,141,4.39,SPEED_BELOW_10,2026-05-04 19:46:21.331802+05:30
2304,J4_BORELLA,2026-05-04 19:46:18.865516+05:30,145,2.88,SPEED_BELOW_10,2026-05-04 19:46:21.352878+05:30
2296,J3_TOWN_HALL,2026-05-04 19:46:18.863313+05:30,115,7.41,SPEED_BELOW_10,2026-05-04 19:46:21.099734+05:30
2295,J3_TOWN_HALL,2026-05-04 19:46:17.862722+05:30,114,6.51,SPEED_BELOW_10,2026-05-04 19:46:21.099734+05:30
2303,J1_KOLLUPITIYA,2026-05-04 19:46:16.925498+05:30,110,6.26,SPEED_BELOW_10,2026-05-04 19:46:21.352878+05:30
2302,J1_KOLLUPITIYA,2026-05-04 19:46:15.918484+05:30,137,5.49,SPEED_BELOW_10,2026-05-04 19:46:21.352878+05:30
2298,J2_BAMBALAPITIYA,2026-05-04 19:46:15.850553+05:30,148,9.07,SPEED_BELOW_10,2026-05-04 19:46:21.331802+05:30
2294,J3_TOWN_HALL,2026-05-04 19:46:15.843011+05:30,120,2.13,SPEED_BELOW_10,2026-05-04 19:46:21.099734+05:30
2293,J3_TOWN_HALL,2026-05-04 19:46:14.911675+05:30,136,6.85,SPEED_BELOW_10,2026-05-04 19:46:21.099734+05:30
2292,J3_TOWN_HALL,2026-05-04 19:46:14.846095+05:30,101,4.24,SPEED_BELOW_10,2026-05-04 19:46:21.099734+05:30
2297,J2_BAMBALAPITIYA,2026-05-04 19:46:13.902955+05:30,148,4.15,SPEED_BELOW_10,2026-05-04 19:46:21.331802+05:30
2301,J1_KOLLUPITIYA,2026-05-04 19:46:11.814088+05:30,117,9.19,SPEED_BELOW_10,2026-05-04 19:46:21.352878+05:30
2300,J4_BORELLA,2026-05-04 19:46:10.822107+05:30,99,8.98,SPEED_BELOW_10,2026-05-04 19:46:21.352878+05:30
2291,J3_TOWN_HALL,2026-05-04 19:46:10.793580+05:30,118,6.93,SPEED_BELOW_10,2026-05-04 19:46:21.099734+05:30
2290,J3_TOWN_HALL,2026-05-04 19:46:09.800856+05:30,101,3.20,SPEED_BELOW_10,2026-05-04 19:46:10.882259+05:30
2289,J4_BORELLA,2026-05-04 19:46:04.746267+05:30,125,3.94,SPEED_BELOW_10,2026-05-04 19:46:10.874703+05:30
2288,J1_KOLLUPITIYA,2026-05-04 19:46:04.726691+05:30,114,6.20,SPEED_BELOW_10,2026-05-04 19:46:10.874703+05:30
2287,J1_KOLLUPITIYA,2026-05-04 19:46:02.709292+05:30,113,6.57,SPEED_BELOW_10,2026-05-04 19:46:10.874703+05:30
2286,J4_BORELLA,2026-05-04 19:46:01.780991+05:30,127,7.09,SPEED_BELOW_10,2026-05-04 19:46:10.874703+05:30
2285,J4_BORELLA,2026-05-04 19:46:00.694275+05:30,127,7.98,SPEED_BELOW_10,2026-05-04 19:46:10.874703+05:30
2284,J1_KOLLUPITIYA,2026-05-04 19:45:58.754600+05:30,150,5.46,SPEED_BELOW_10,2026-05-04 19:46:00.778944+05:30
2283,J1_KOLLUPITIYA,2026-05-04 19:45:57.669248+05:30,114,3.44,SPEED_BELOW_10,2026-05-04 19:46:00.778944+05:30
2279,J3_TOWN_HALL,2026-05-04 19:45:56.665477+05:30,104,5.27,SPEED_BELOW_10,2026-05-04 19:46:00.717608+05:30
2282,J4_BORELLA,2026-05-04 19:45:53.718957+05:30,142,2.70,SPEED_BELOW_10,2026-05-04 19:46:00.778944+05:30
2281,J1_KOLLUPITIYA,2026-05-04 19:45:53.710479+05:30,138,2.96,SPEED_BELOW_10,2026-05-04 19:46:00.778944+05:30
2280,J4_BORELLA,2026-05-04 19:45:51.692374+05:30,95,7.37,SPEED_BELOW_10,2026-05-04 19:46:00.778944+05:30
2278,J3_TOWN_HALL,2026-05-04 19:45:50.550478+05:30,101,6.26,SPEED_BELOW_10,2026-05-04 19:46:00.717608+05:30
2273,J3_TOWN_HALL,2026-05-04 19:45:49.587965+05:30,129,5.75,SPEED_BELOW_10,2026-05-04 19:45:51.625345+05:30
2277,J1_KOLLUPITIYA,2026-05-04 19:45:48.641307+05:30,145,9.80,SPEED_BELOW_10,2026-05-04 19:45:51.648555+05:30
2276,J1_KOLLUPITIYA,2026-05-04 19:45:47.568003+05:30,147,6.39,SPEED_BELOW_10,2026-05-04 19:45:51.648555+05:30
2272,J3_TOWN_HALL,2026-05-04 19:45:47.527182+05:30,136,7.85,SPEED_BELOW_10,2026-05-04 19:45:51.625345+05:30
2275,J4_BORELLA,2026-05-04 19:45:42.494581+05:30,124,2.17,SPEED_BELOW_10,2026-05-04 19:45:51.648555+05:30
2274,J1_KOLLUPITIYA,2026-05-04 19:45:41.450643+05:30,101,6.25,SPEED_BELOW_10,2026-05-04 19:45:51.648555+05:30
2266,J4_BORELLA,2026-05-04 19:45:36.524415+05:30,139,8.10,SPEED_BELOW_10,2026-05-04 19:45:41.619712+05:30
2271,J3_TOWN_HALL,2026-05-04 19:45:36.518674+05:30,101,7.82,SPEED_BELOW_10,2026-05-04 19:45:41.622359+05:30
2270,J3_TOWN_HALL,2026-05-04 19:45:36.390982+05:30,133,2.43,SPEED_BELOW_10,2026-05-04 19:45:41.622359+05:30
2265,J1_KOLLUPITIYA,2026-05-04 19:45:36.356364+05:30,98,2.54,SPEED_BELOW_10,2026-05-04 19:45:41.619712+05:30
2269,J3_TOWN_HALL,2026-05-04 19:45:34.346962+05:30,134,6.69,SPEED_BELOW_10,2026-05-04 19:45:41.622359+05:30
2268,J3_TOWN_HALL,2026-05-04 19:45:32.334549+05:30,90,8.80,SPEED_BELOW_10,2026-05-04 19:45:41.622359+05:30
2267,J3_TOWN_HALL,2026-05-04 19:45:31.322948+05:30,116,8.60,SPEED_BELOW_10,2026-05-04 19:45:41.622359+05:30
2261,J3_TOWN_HALL,2026-05-04 19:45:28.304182+05:30,143,3.59,SPEED_BELOW_10,2026-05-04 19:45:30.566956+05:30
2260,J3_TOWN_HALL,2026-05-04 19:45:26.291604+05:30,97,6.33,SPEED_BELOW_10,2026-05-04 19:45:30.566956+05:30
2263,J4_BORELLA,2026-05-04 19:45:21.239819+05:30,135,7.24,SPEED_BELOW_10,2026-05-04 19:45:31.036470+05:30
2262,J4_BORELLA,2026-05-04 19:45:20.367877+05:30,116,9.36,SPEED_BELOW_10,2026-05-04 19:45:31.036470+05:30
2264,J2_BAMBALAPITIYA,2026-05-04 19:45:20.193892+05:30,121,7.33,SPEED_BELOW_10,2026-05-04 19:45:31.060323+05:30
2258,J1_KOLLUPITIYA,2026-05-04 19:45:14.761901+05:30,101,8.20,SPEED_BELOW_10,2026-05-04 19:45:21.337547+05:30
2257,J1_KOLLUPITIYA,2026-05-04 19:45:12.082456+05:30,115,9.44,SPEED_BELOW_10,2026-05-04 19:45:21.337547+05:30
2259,J3_TOWN_HALL,2026-05-04 19:45:12.027689+05:30,95,7.61,SPEED_BELOW_10,2026-05-04 19:45:21.346179+05:30
2256,J1_KOLLUPITIYA,2026-05-04 19:45:05.943135+05:30,105,5.87,SPEED_BELOW_10,2026-05-04 19:45:11.921852+05:30
2254,J3_TOWN_HALL,2026-05-04 19:45:04.589588+05:30,96,2.13,SPEED_BELOW_10,2026-05-04 19:45:11.901213+05:30
2255,J1_KOLLUPITIYA,2026-05-04 19:45:02.866286+05:30,148,3.64,SPEED_BELOW_10,2026-05-04 19:45:11.921852+05:30
2247,J3_TOWN_HALL,2026-05-04 19:44:58.550277+05:30,129,3.67,SPEED_BELOW_10,2026-05-04 19:45:00.572728+05:30
2253,J1_KOLLUPITIYA,2026-05-04 19:44:57.900151+05:30,119,2.25,SPEED_BELOW_10,2026-05-04 19:45:00.622032+05:30
2252,J1_KOLLUPITIYA,2026-05-04 19:44:54.807574+05:30,116,2.06,SPEED_BELOW_10,2026-05-04 19:45:00.622032+05:30
2251,J4_BORELLA,2026-05-04 19:44:52.858380+05:30,106,6.23,SPEED_BELOW_10,2026-05-04 19:45:00.622032+05:30
2250,J4_BORELLA,2026-05-04 19:44:52.503419+05:30,137,3.61,SPEED_BELOW_10,2026-05-04 19:45:00.622032+05:30
2248,J2_BAMBALAPITIYA,2026-05-04 19:44:51.494626+05:30,107,6.46,SPEED_BELOW_10,2026-05-04 19:45:00.621966+05:30
2249,J4_BORELLA,2026-05-04 19:44:50.782977+05:30,98,9.34,SPEED_BELOW_10,2026-05-04 19:45:00.622032+05:30
2246,J3_TOWN_HALL,2026-05-04 19:44:50.488652+05:30,139,6.71,SPEED_BELOW_10,2026-05-04 19:45:00.572728+05:30
2245,J3_TOWN_HALL,2026-05-04 19:44:43.733339+05:30,121,5.78,SPEED_BELOW_10,2026-05-04 19:44:50.536329+05:30
2244,J4_BORELLA,2026-05-04 19:44:42.798595+05:30,92,2.28,SPEED_BELOW_10,2026-05-04 19:44:50.533447+05:30
2243,J4_BORELLA,2026-05-04 19:44:35.400583+05:30,117,9.05,SPEED_BELOW_10,2026-05-04 19:44:40.432311+05:30
2242,J4_BORELLA,2026-05-04 19:44:32.661269+05:30,101,8.81,SPEED_BELOW_10,2026-05-04 19:44:40.432311+05:30
2241,J1_KOLLUPITIYA,2026-05-04 19:44:31.720616+05:30,100,6.47,SPEED_BELOW_10,2026-05-04 19:44:40.432311+05:30
2240,J1_KOLLUPITIYA,2026-05-04 19:44:30.364912+05:30,146,8.98,SPEED_BELOW_10,2026-05-04 19:44:40.432311+05:30
2239,J2_BAMBALAPITIYA,2026-05-04 19:44:29.649690+05:30,112,9.38,SPEED_BELOW_10,2026-05-04 19:44:31.468104+05:30
2238,J1_KOLLUPITIYA,2026-05-04 19:44:26.602210+05:30,138,6.35,SPEED_BELOW_10,2026-05-04 19:44:31.468111+05:30
2236,J4_BORELLA,2026-05-04 19:44:25.595937+05:30,117,6.25,SPEED_BELOW_10,2026-05-04 19:44:31.468111+05:30
2237,J2_BAMBALAPITIYA,2026-05-04 19:44:22.114929+05:30,131,2.97,SPEED_BELOW_10,2026-05-04 19:44:31.468104+05:30
2235,J1_KOLLUPITIYA,2026-05-04 19:44:17.449789+05:30,116,6.47,SPEED_BELOW_10,2026-05-04 19:44:21.118794+05:30
2227,J3_TOWN_HALL,2026-05-04 19:44:17.063317+05:30,93,6.90,SPEED_BELOW_10,2026-05-04 19:44:20.665854+05:30
2229,J2_BAMBALAPITIYA,2026-05-04 19:44:16.489651+05:30,108,7.75,SPEED_BELOW_10,2026-05-04 19:44:20.678557+05:30
2234,J1_KOLLUPITIYA,2026-05-04 19:44:15.036741+05:30,137,8.13,SPEED_BELOW_10,2026-05-04 19:44:21.118794+05:30
2233,J4_BORELLA,2026-05-04 19:44:13.443715+05:30,129,3.80,SPEED_BELOW_10,2026-05-04 19:44:21.118794+05:30
2232,J4_BORELLA,2026-05-04 19:44:13.386505+05:30,94,9.17,SPEED_BELOW_10,2026-05-04 19:44:21.118794+05:30
2228,J2_BAMBALAPITIYA,2026-05-04 19:44:12.999704+05:30,113,6.28,SPEED_BELOW_10,2026-05-04 19:44:20.678557+05:30
2231,J1_KOLLUPITIYA,2026-05-04 19:44:12.366392+05:30,126,3.06,SPEED_BELOW_10,2026-05-04 19:44:21.118794+05:30
2230,J1_KOLLUPITIYA,2026-05-04 19:44:10.756292+05:30,130,8.39,SPEED_BELOW_10,2026-05-04 19:44:21.118794+05:30
2226,J3_TOWN_HALL,2026-05-04 19:44:07.360275+05:30,111,3.83,SPEED_BELOW_10,2026-05-04 19:44:11.372800+05:30
2223,J4_BORELLA,2026-05-04 19:44:06.296990+05:30,123,3.77,SPEED_BELOW_10,2026-05-04 19:44:10.936800+05:30
2225,J3_TOWN_HALL,2026-05-04 19:44:04.283011+05:30,120,3.27,SPEED_BELOW_10,2026-05-04 19:44:11.372800+05:30
2222,J4_BORELLA,2026-05-04 19:44:02.683003+05:30,117,4.27,SPEED_BELOW_10,2026-05-04 19:44:10.936800+05:30
2221,J4_BORELLA,2026-05-04 19:44:00.268331+05:30,121,5.62,SPEED_BELOW_10,2026-05-04 19:44:10.936800+05:30
2224,J3_TOWN_HALL,2026-05-04 19:44:00.229735+05:30,98,2.29,SPEED_BELOW_10,2026-05-04 19:44:11.372800+05:30
2219,J1_KOLLUPITIYA,2026-05-04 19:43:58.035891+05:30,135,2.04,SPEED_BELOW_10,2026-05-04 19:44:01.553996+05:30
2218,J4_BORELLA,2026-05-04 19:43:57.183339+05:30,112,8.90,SPEED_BELOW_10,2026-05-04 19:44:01.553996+05:30
2217,J4_BORELLA,2026-05-04 19:43:56.613377+05:30,117,2.73,SPEED_BELOW_10,2026-05-04 19:44:01.553996+05:30
2220,J3_TOWN_HALL,2026-05-04 19:43:50.984726+05:30,138,4.16,SPEED_BELOW_10,2026-05-04 19:44:01.630808+05:30
2216,J2_BAMBALAPITIYA,2026-05-04 19:43:50.134560+05:30,102,4.94,SPEED_BELOW_10,2026-05-04 19:44:01.229371+05:30
2215,J2_BAMBALAPITIYA,2026-05-04 19:43:46.927641+05:30,124,7.37,SPEED_BELOW_10,2026-05-04 19:43:50.996116+05:30
2214,J2_BAMBALAPITIYA,2026-05-04 19:43:44.509617+05:30,99,4.02,SPEED_BELOW_10,2026-05-04 19:43:50.996116+05:30
2213,J2_BAMBALAPITIYA,2026-05-04 19:43:43.066525+05:30,148,5.20,SPEED_BELOW_10,2026-05-04 19:43:50.996116+05:30
2210,J1_KOLLUPITIYA,2026-05-04 19:43:41.492003+05:30,99,2.39,SPEED_BELOW_10,2026-05-04 19:43:50.689480+05:30
2211,J3_TOWN_HALL,2026-05-04 19:43:41.053711+05:30,99,5.37,SPEED_BELOW_10,2026-05-04 19:43:50.699885+05:30
2212,J2_BAMBALAPITIYA,2026-05-04 19:43:40.037457+05:30,91,7.22,SPEED_BELOW_10,2026-05-04 19:43:50.996116+05:30
2209,J3_TOWN_HALL,2026-05-04 19:43:35.006769+05:30,99,6.41,SPEED_BELOW_10,2026-05-04 19:43:40.544360+05:30
2208,J1_KOLLUPITIYA,2026-05-04 19:43:33.441980+05:30,118,6.30,SPEED_BELOW_10,2026-05-04 19:43:40.533917+05:30
2207,J4_BORELLA,2026-05-04 19:43:32.939209+05:30,145,6.77,SPEED_BELOW_10,2026-05-04 19:43:40.533917+05:30
2206,J1_KOLLUPITIYA,2026-05-04 19:43:32.932163+05:30,133,3.35,SPEED_BELOW_10,2026-05-04 19:43:40.533917+05:30
2204,J2_BAMBALAPITIYA,2026-05-04 19:43:29.737219+05:30,114,9.41,SPEED_BELOW_10,2026-05-04 19:43:30.823825+05:30
2203,J2_BAMBALAPITIYA,2026-05-04 19:43:26.391458+05:30,116,3.07,SPEED_BELOW_10,2026-05-04 19:43:30.823825+05:30
2205,J1_KOLLUPITIYA,2026-05-04 19:43:26.388232+05:30,117,4.39,SPEED_BELOW_10,2026-05-04 19:43:30.826541+05:30
2202,J3_TOWN_HALL,2026-05-04 19:43:21.818957+05:30,102,5.71,SPEED_BELOW_10,2026-05-04 19:43:30.756807+05:30
2201,J3_TOWN_HALL,2026-05-04 19:43:21.329666+05:30,90,4.31,SPEED_BELOW_10,2026-05-04 19:43:30.756807+05:30
2199,J3_TOWN_HALL,2026-05-04 19:43:14.676833+05:30,117,4.80,SPEED_BELOW_10,2026-05-04 19:43:21.592801+05:30
2198,J3_TOWN_HALL,2026-05-04 19:43:13.665729+05:30,138,2.81,SPEED_BELOW_10,2026-05-04 19:43:21.592801+05:30
2200,J4_BORELLA,2026-05-04 19:43:13.532782+05:30,127,7.38,SPEED_BELOW_10,2026-05-04 19:43:21.615427+05:30
2197,J2_BAMBALAPITIYA,2026-05-04 19:43:10.537791+05:30,97,7.35,SPEED_BELOW_10,2026-05-04 19:43:21.403290+05:30
2196,J4_BORELLA,2026-05-04 19:43:07.364396+05:30,138,9.46,SPEED_BELOW_10,2026-05-04 19:43:11.328507+05:30
2194,J3_TOWN_HALL,2026-05-04 19:43:07.359908+05:30,113,2.71,SPEED_BELOW_10,2026-05-04 19:43:11.221415+05:30
2193,J3_TOWN_HALL,2026-05-04 19:43:05.323790+05:30,148,4.27,SPEED_BELOW_10,2026-05-04 19:43:11.221415+05:30
2195,J4_BORELLA,2026-05-04 19:43:04.314890+05:30,138,5.33,SPEED_BELOW_10,2026-05-04 19:43:11.328507+05:30
2192,J3_TOWN_HALL,2026-05-04 19:43:00.249738+05:30,91,7.31,SPEED_BELOW_10,2026-05-04 19:43:11.221415+05:30
2191,J4_BORELLA,2026-05-04 19:42:59.242465+05:30,113,8.87,SPEED_BELOW_10,2026-05-04 19:43:01.173984+05:30
2190,J4_BORELLA,2026-05-04 19:42:56.232779+05:30,104,9.90,SPEED_BELOW_10,2026-05-04 19:43:01.173984+05:30
2189,J1_KOLLUPITIYA,2026-05-04 19:42:53.198790+05:30,106,3.94,SPEED_BELOW_10,2026-05-04 19:43:01.173984+05:30
2186,J4_BORELLA,2026-05-04 19:42:48.987359+05:30,133,2.00,SPEED_BELOW_10,2026-05-04 19:42:51.111276+05:30
2185,J1_KOLLUPITIYA,2026-05-04 19:42:48.984449+05:30,113,4.50,SPEED_BELOW_10,2026-05-04 19:42:51.111276+05:30
2184,J1_KOLLUPITIYA,2026-05-04 19:42:47.143587+05:30,121,7.03,SPEED_BELOW_10,2026-05-04 19:42:51.111276+05:30
2188,J3_TOWN_HALL,2026-05-04 19:42:46.976708+05:30,114,6.43,SPEED_BELOW_10,2026-05-04 19:42:51.127600+05:30
2183,J4_BORELLA,2026-05-04 19:42:45.972373+05:30,102,7.05,SPEED_BELOW_10,2026-05-04 19:42:51.111276+05:30
2187,J3_TOWN_HALL,2026-05-04 19:42:42.124876+05:30,135,8.91,SPEED_BELOW_10,2026-05-04 19:42:51.127600+05:30
2178,J2_BAMBALAPITIYA,2026-05-04 19:42:38.101878+05:30,108,3.13,SPEED_BELOW_10,2026-05-04 19:42:40.996590+05:30
2182,J1_KOLLUPITIYA,2026-05-04 19:42:37.904741+05:30,101,6.53,SPEED_BELOW_10,2026-05-04 19:42:40.997063+05:30
2181,J1_KOLLUPITIYA,2026-05-04 19:42:36.081495+05:30,124,9.27,SPEED_BELOW_10,2026-05-04 19:42:40.997063+05:30
2180,J4_BORELLA,2026-05-04 19:42:35.890335+05:30,94,9.87,SPEED_BELOW_10,2026-05-04 19:42:40.997063+05:30
2174,J3_TOWN_HALL,2026-05-04 19:42:35.076450+05:30,134,8.58,SPEED_BELOW_10,2026-05-04 19:42:40.996602+05:30
2177,J2_BAMBALAPITIYA,2026-05-04 19:42:34.067677+05:30,128,2.41,SPEED_BELOW_10,2026-05-04 19:42:40.996590+05:30
2179,J1_KOLLUPITIYA,2026-05-04 19:42:33.871688+05:30,124,8.69,SPEED_BELOW_10,2026-05-04 19:42:40.997063+05:30
2176,J2_BAMBALAPITIYA,2026-05-04 19:42:33.078336+05:30,100,9.02,SPEED_BELOW_10,2026-05-04 19:42:40.996590+05:30
2175,J2_BAMBALAPITIYA,2026-05-04 19:42:32.051865+05:30,140,6.60,SPEED_BELOW_10,2026-05-04 19:42:40.996590+05:30
2169,J1_KOLLUPITIYA,2026-05-04 19:42:29.017016+05:30,123,4.46,SPEED_BELOW_10,2026-05-04 19:42:30.922022+05:30
2173,J2_BAMBALAPITIYA,2026-05-04 19:42:26.974486+05:30,143,5.66,SPEED_BELOW_10,2026-05-04 19:42:30.929461+05:30
2171,J3_TOWN_HALL,2026-05-04 19:42:24.745105+05:30,125,4.37,SPEED_BELOW_10,2026-05-04 19:42:30.922134+05:30
2170,J3_TOWN_HALL,2026-05-04 19:42:23.736318+05:30,97,2.87,SPEED_BELOW_10,2026-05-04 19:42:30.922134+05:30
2172,J2_BAMBALAPITIYA,2026-05-04 19:42:22.929210+05:30,118,6.02,SPEED_BELOW_10,2026-05-04 19:42:30.929461+05:30
2168,J3_TOWN_HALL,2026-05-04 19:42:21.921652+05:30,143,7.25,SPEED_BELOW_10,2026-05-04 19:42:30.922134+05:30
2167,J4_BORELLA,2026-05-04 19:42:21.869280+05:30,126,3.22,SPEED_BELOW_10,2026-05-04 19:42:30.922022+05:30
2162,J3_TOWN_HALL,2026-05-04 19:42:19.823972+05:30,97,8.12,SPEED_BELOW_10,2026-05-04 19:42:21.490396+05:30
2163,J1_KOLLUPITIYA,2026-05-04 19:42:18.641596+05:30,110,9.61,SPEED_BELOW_10,2026-05-04 19:42:21.489562+05:30
2161,J1_KOLLUPITIYA,2026-05-04 19:42:15.862860+05:30,105,3.96,SPEED_BELOW_10,2026-05-04 19:42:21.489562+05:30
2166,J2_BAMBALAPITIYA,2026-05-04 19:42:14.849711+05:30,114,2.34,SPEED_BELOW_10,2026-05-04 19:42:21.493309+05:30
2165,J2_BAMBALAPITIYA,2026-05-04 19:42:12.783214+05:30,90,4.56,SPEED_BELOW_10,2026-05-04 19:42:21.493309+05:30
2164,J2_BAMBALAPITIYA,2026-05-04 19:42:11.715763+05:30,100,3.73,SPEED_BELOW_10,2026-05-04 19:42:21.493309+05:30
2158,J2_BAMBALAPITIYA,2026-05-04 19:42:09.720970+05:30,144,2.76,SPEED_BELOW_10,2026-05-04 19:42:10.673511+05:30
2157,J1_KOLLUPITIYA,2026-05-04 19:42:07.533106+05:30,129,3.33,SPEED_BELOW_10,2026-05-04 19:42:10.669240+05:30
2156,J1_KOLLUPITIYA,2026-05-04 19:42:05.702162+05:30,111,7.73,SPEED_BELOW_10,2026-05-04 19:42:10.669240+05:30
2160,J3_TOWN_HALL,2026-05-04 19:42:01.680480+05:30,127,2.48,SPEED_BELOW_10,2026-05-04 19:42:10.676469+05:30
2159,J3_TOWN_HALL,2026-05-04 19:42:01.500072+05:30,125,6.70,SPEED_BELOW_10,2026-05-04 19:42:10.676469+05:30
2155,J4_BORELLA,2026-05-04 19:42:00.632709+05:30,93,7.54,SPEED_BELOW_10,2026-05-04 19:42:10.669240+05:30
2150,J2_BAMBALAPITIYA,2026-05-04 19:41:59.479891+05:30,94,2.92,SPEED_BELOW_10,2026-05-04 19:42:00.874528+05:30
2152,J1_KOLLUPITIYA,2026-05-04 19:41:59.477885+05:30,101,7.20,SPEED_BELOW_10,2026-05-04 19:42:00.871308+05:30
2154,J3_TOWN_HALL,2026-05-04 19:41:58.588500+05:30,102,3.46,SPEED_BELOW_10,2026-05-04 19:42:00.903664+05:30
2149,J2_BAMBALAPITIYA,2026-05-04 19:41:58.584571+05:30,103,5.86,SPEED_BELOW_10,2026-05-04 19:42:00.874528+05:30
2153,J3_TOWN_HALL,2026-05-04 19:41:55.569389+05:30,146,5.15,SPEED_BELOW_10,2026-05-04 19:42:00.903664+05:30
2151,J4_BORELLA,2026-05-04 19:41:51.540109+05:30,146,6.46,SPEED_BELOW_10,2026-05-04 19:42:00.871308+05:30
2146,J1_KOLLUPITIYA,2026-05-04 19:41:49.406641+05:30,92,2.95,SPEED_BELOW_10,2026-05-04 19:41:50.500885+05:30
2145,J4_BORELLA,2026-05-04 19:41:45.476010+05:30,131,9.75,SPEED_BELOW_10,2026-05-04 19:41:50.500885+05:30
2148,J2_BAMBALAPITIYA,2026-05-04 19:41:45.468026+05:30,127,7.50,SPEED_BELOW_10,2026-05-04 19:41:50.511655+05:30
2144,J4_BORELLA,2026-05-04 19:41:43.245207+05:30,130,4.89,SPEED_BELOW_10,2026-05-04 19:41:50.500885+05:30
2142,J3_TOWN_HALL,2026-05-04 19:41:42.223689+05:30,133,4.53,SPEED_BELOW_10,2026-05-04 19:41:50.496287+05:30
2143,J4_BORELLA,2026-05-04 19:41:41.413778+05:30,135,2.42,SPEED_BELOW_10,2026-05-04 19:41:50.500885+05:30
2147,J2_BAMBALAPITIYA,2026-05-04 19:41:41.336017+05:30,144,4.43,SPEED_BELOW_10,2026-05-04 19:41:50.511655+05:30
2141,J2_BAMBALAPITIYA,2026-05-04 19:41:38.369319+05:30,105,9.19,SPEED_BELOW_10,2026-05-04 19:41:41.033752+05:30
2140,J1_KOLLUPITIYA,2026-05-04 19:41:37.279886+05:30,122,3.55,SPEED_BELOW_10,2026-05-04 19:41:41.033080+05:30
2139,J4_BORELLA,2026-05-04 19:41:37.166483+05:30,137,2.68,SPEED_BELOW_10,2026-05-04 19:41:41.033080+05:30
2135,J3_TOWN_HALL,2026-05-04 19:41:33.334537+05:30,113,2.43,SPEED_BELOW_10,2026-05-04 19:41:41.014152+05:30
2138,J4_BORELLA,2026-05-04 19:41:32.127683+05:30,108,7.81,SPEED_BELOW_10,2026-05-04 19:41:41.033080+05:30
2137,J2_BAMBALAPITIYA,2026-05-04 19:41:30.294548+05:30,113,7.82,SPEED_BELOW_10,2026-05-04 19:41:41.033752+05:30
2136,J4_BORELLA,2026-05-04 19:41:30.049105+05:30,110,9.34,SPEED_BELOW_10,2026-05-04 19:41:41.033080+05:30
2133,J3_TOWN_HALL,2026-05-04 19:41:26.153511+05:30,97,9.82,SPEED_BELOW_10,2026-05-04 19:41:31.233332+05:30
2132,J3_TOWN_HALL,2026-05-04 19:41:26.003565+05:30,132,9.17,SPEED_BELOW_10,2026-05-04 19:41:31.233332+05:30
2134,J2_BAMBALAPITIYA,2026-05-04 19:41:21.972695+05:30,142,5.52,SPEED_BELOW_10,2026-05-04 19:41:31.248231+05:30
2130,J3_TOWN_HALL,2026-05-04 19:41:19.144492+05:30,117,9.85,SPEED_BELOW_10,2026-05-04 19:41:21.023430+05:30
2129,J3_TOWN_HALL,2026-05-04 19:41:17.943460+05:30,127,7.78,SPEED_BELOW_10,2026-05-04 19:41:21.023430+05:30
2131,J2_BAMBALAPITIYA,2026-05-04 19:41:17.941310+05:30,129,7.57,SPEED_BELOW_10,2026-05-04 19:41:21.026449+05:30
2128,J3_TOWN_HALL,2026-05-04 19:41:16.934567+05:30,95,3.67,SPEED_BELOW_10,2026-05-04 19:41:21.023430+05:30
2127,J1_KOLLUPITIYA,2026-05-04 19:41:15.926642+05:30,128,7.16,SPEED_BELOW_10,2026-05-04 19:41:20.975951+05:30
2126,J1_KOLLUPITIYA,2026-05-04 19:41:15.029456+05:30,118,5.44,SPEED_BELOW_10,2026-05-04 19:41:20.975951+05:30
2125,J1_KOLLUPITIYA,2026-05-04 19:41:14.919526+05:30,98,7.08,SPEED_BELOW_10,2026-05-04 19:41:20.975951+05:30
2124,J4_BORELLA,2026-05-04 19:41:12.100404+05:30,107,8.82,SPEED_BELOW_10,2026-05-04 19:41:20.975951+05:30
2123,J4_BORELLA,2026-05-04 19:41:10.072639+05:30,135,7.12,SPEED_BELOW_10,2026-05-04 19:41:20.975951+05:30
2120,J3_TOWN_HALL,2026-05-04 19:41:06.954894+05:30,126,5.19,SPEED_BELOW_10,2026-05-04 19:41:10.989770+05:30
2122,J4_BORELLA,2026-05-04 19:41:04.970151+05:30,99,2.69,SPEED_BELOW_10,2026-05-04 19:41:10.989943+05:30
2121,J4_BORELLA,2026-05-04 19:41:03.936272+05:30,99,6.43,SPEED_BELOW_10,2026-05-04 19:41:10.989943+05:30
2119,J3_TOWN_HALL,2026-05-04 19:41:00.944706+05:30,148,9.53,SPEED_BELOW_10,2026-05-04 19:41:10.989770+05:30
2117,J4_BORELLA,2026-05-04 19:40:59.915489+05:30,98,7.24,SPEED_BELOW_10,2026-05-04 19:41:00.885421+05:30
2118,J3_TOWN_HALL,2026-05-04 19:40:58.928334+05:30,137,2.80,SPEED_BELOW_10,2026-05-04 19:41:00.885622+05:30
2108,J2_BAMBALAPITIYA,2026-05-04 19:40:58.906233+05:30,117,5.11,SPEED_BELOW_10,2026-05-04 19:41:00.885421+05:30
2115,J3_TOWN_HALL,2026-05-04 19:40:58.823864+05:30,99,4.01,SPEED_BELOW_10,2026-05-04 19:41:00.885622+05:30
2116,J4_BORELLA,2026-05-04 19:40:57.922489+05:30,137,4.16,SPEED_BELOW_10,2026-05-04 19:41:00.885421+05:30
2114,J4_BORELLA,2026-05-04 19:40:55.888625+05:30,148,6.33,SPEED_BELOW_10,2026-05-04 19:41:00.885421+05:30
2110,J3_TOWN_HALL,2026-05-04 19:40:54.885887+05:30,127,9.28,SPEED_BELOW_10,2026-05-04 19:41:00.885622+05:30
2113,J4_BORELLA,2026-05-04 19:40:54.883483+05:30,145,8.28,SPEED_BELOW_10,2026-05-04 19:41:00.885421+05:30
2112,J4_BORELLA,2026-05-04 19:40:53.797017+05:30,92,9.57,SPEED_BELOW_10,2026-05-04 19:41:00.885421+05:30
2111,J4_BORELLA,2026-05-04 19:40:52.870269+05:30,92,5.27,SPEED_BELOW_10,2026-05-04 19:41:00.885421+05:30
2109,J4_BORELLA,2026-05-04 19:40:50.761715+05:30,132,3.31,SPEED_BELOW_10,2026-05-04 19:41:00.885421+05:30
2107,J3_TOWN_HALL,2026-05-04 19:40:46.818732+05:30,102,9.03,SPEED_BELOW_10,2026-05-04 19:40:50.830337+05:30
2106,J1_KOLLUPITIYA,2026-05-04 19:40:45.732018+05:30,137,8.94,SPEED_BELOW_10,2026-05-04 19:40:50.826382+05:30
2105,J4_BORELLA,2026-05-04 19:40:44.811134+05:30,110,4.22,SPEED_BELOW_10,2026-05-04 19:40:50.826382+05:30
2104,J4_BORELLA,2026-05-04 19:40:41.780892+05:30,91,4.92,SPEED_BELOW_10,2026-05-04 19:40:50.826382+05:30
2101,J1_KOLLUPITIYA,2026-05-04 19:40:39.763145+05:30,132,3.24,SPEED_BELOW_10,2026-05-04 19:40:40.660766+05:30
2097,J2_BAMBALAPITIYA,2026-05-04 19:40:39.641668+05:30,145,4.21,SPEED_BELOW_10,2026-05-04 19:40:40.660395+05:30
2100,J4_BORELLA,2026-05-04 19:40:37.711588+05:30,128,6.47,SPEED_BELOW_10,2026-05-04 19:40:40.660766+05:30
2103,J3_TOWN_HALL,2026-05-04 19:40:37.708187+05:30,91,8.64,SPEED_BELOW_10,2026-05-04 19:40:40.701967+05:30
2096,J2_BAMBALAPITIYA,2026-05-04 19:40:37.705957+05:30,103,5.98,SPEED_BELOW_10,2026-05-04 19:40:40.660395+05:30
2102,J3_TOWN_HALL,2026-05-04 19:40:33.733633+05:30,149,8.49,SPEED_BELOW_10,2026-05-04 19:40:40.701967+05:30
2095,J2_BAMBALAPITIYA,2026-05-04 19:40:33.731895+05:30,126,6.66,SPEED_BELOW_10,2026-05-04 19:40:40.660395+05:30
2099,J4_BORELLA,2026-05-04 19:40:31.722633+05:30,150,6.66,SPEED_BELOW_10,2026-05-04 19:40:40.660766+05:30
2094,J2_BAMBALAPITIYA,2026-05-04 19:40:30.575818+05:30,108,9.52,SPEED_BELOW_10,2026-05-04 19:40:40.660395+05:30
2098,J1_KOLLUPITIYA,2026-05-04 19:40:30.572930+05:30,130,6.00,SPEED_BELOW_10,2026-05-04 19:40:40.660766+05:30
2093,J3_TOWN_HALL,2026-05-04 19:40:28.701765+05:30,130,3.57,SPEED_BELOW_10,2026-05-04 19:40:30.634848+05:30
2092,J3_TOWN_HALL,2026-05-04 19:40:28.651968+05:30,115,6.13,SPEED_BELOW_10,2026-05-04 19:40:30.634848+05:30
2090,J2_BAMBALAPITIYA,2026-05-04 19:40:27.640329+05:30,140,2.32,SPEED_BELOW_10,2026-05-04 19:40:30.623032+05:30
2089,J2_BAMBALAPITIYA,2026-05-04 19:40:26.683541+05:30,122,5.15,SPEED_BELOW_10,2026-05-04 19:40:30.623032+05:30
2088,J2_BAMBALAPITIYA,2026-05-04 19:40:25.677721+05:30,120,5.18,SPEED_BELOW_10,2026-05-04 19:40:30.623032+05:30
2091,J4_BORELLA,2026-05-04 19:40:23.668231+05:30,103,6.37,SPEED_BELOW_10,2026-05-04 19:40:30.631074+05:30
2085,J1_KOLLUPITIYA,2026-05-04 19:40:19.512840+05:30,95,5.29,SPEED_BELOW_10,2026-05-04 19:40:20.585934+05:30
2087,J2_BAMBALAPITIYA,2026-05-04 19:40:15.626824+05:30,110,3.66,SPEED_BELOW_10,2026-05-04 19:40:20.588562+05:30
2084,J4_BORELLA,2026-05-04 19:40:14.561844+05:30,134,2.27,SPEED_BELOW_10,2026-05-04 19:40:20.585934+05:30
2083,J3_TOWN_HALL,2026-05-04 19:40:10.532819+05:30,102,4.53,SPEED_BELOW_10,2026-05-04 19:40:20.585901+05:30
2086,J2_BAMBALAPITIYA,2026-05-04 19:40:10.529992+05:30,143,9.51,SPEED_BELOW_10,2026-05-04 19:40:20.588562+05:30
2082,J4_BORELLA,2026-05-04 19:40:09.598533+05:30,112,5.06,SPEED_BELOW_10,2026-05-04 19:40:10.516299+05:30
2078,J3_TOWN_HALL,2026-05-04 19:40:06.583346+05:30,91,3.24,SPEED_BELOW_10,2026-05-04 19:40:10.465280+05:30
2080,J2_BAMBALAPITIYA,2026-05-04 19:40:06.505170+05:30,144,4.41,SPEED_BELOW_10,2026-05-04 19:40:10.511694+05:30
2077,J3_TOWN_HALL,2026-05-04 19:40:04.493790+05:30,136,5.66,SPEED_BELOW_10,2026-05-04 19:40:10.465280+05:30
2079,J2_BAMBALAPITIYA,2026-05-04 19:40:04.490611+05:30,118,8.78,SPEED_BELOW_10,2026-05-04 19:40:10.511694+05:30
2076,J3_TOWN_HALL,2026-05-04 19:40:03.566666+05:30,147,3.66,SPEED_BELOW_10,2026-05-04 19:40:10.465280+05:30
2081,J4_BORELLA,2026-05-04 19:40:00.394489+05:30,133,6.26,SPEED_BELOW_10,2026-05-04 19:40:10.516299+05:30
2075,J3_TOWN_HALL,2026-05-04 19:40:00.390254+05:30,125,5.46,SPEED_BELOW_10,2026-05-04 19:40:10.465280+05:30
2074,J2_BAMBALAPITIYA,2026-05-04 19:39:59.383845+05:30,118,5.60,SPEED_BELOW_10,2026-05-04 19:40:00.453519+05:30
2073,J2_BAMBALAPITIYA,2026-05-04 19:39:55.362852+05:30,99,7.55,SPEED_BELOW_10,2026-05-04 19:40:00.453519+05:30
2072,J1_KOLLUPITIYA,2026-05-04 19:39:50.484062+05:30,115,9.02,SPEED_BELOW_10,2026-05-04 19:40:00.451250+05:30
2071,J3_TOWN_HALL,2026-05-04 19:39:49.480224+05:30,116,7.11,SPEED_BELOW_10,2026-05-04 19:39:50.570083+05:30
2069,J1_KOLLUPITIYA,2026-05-04 19:39:49.329835+05:30,146,7.12,SPEED_BELOW_10,2026-05-04 19:39:50.524736+05:30
2070,J3_TOWN_HALL,2026-05-04 19:39:45.463608+05:30,93,7.43,SPEED_BELOW_10,2026-05-04 19:39:50.570083+05:30
2068,J2_BAMBALAPITIYA,2026-05-04 19:39:42.298306+05:30,144,4.04,SPEED_BELOW_10,2026-05-04 19:39:50.511870+05:30
2065,J3_TOWN_HALL,2026-05-04 19:39:36.402061+05:30,120,3.82,SPEED_BELOW_10,2026-05-04 19:39:41.022900+05:30
2067,J1_KOLLUPITIYA,2026-05-04 19:39:33.309076+05:30,101,5.32,SPEED_BELOW_10,2026-05-04 19:39:41.036533+05:30
2064,J2_BAMBALAPITIYA,2026-05-04 19:39:31.377586+05:30,140,6.41,SPEED_BELOW_10,2026-05-04 19:39:41.015871+05:30
2066,J4_BORELLA,2026-05-04 19:39:30.293106+05:30,146,7.17,SPEED_BELOW_10,2026-05-04 19:39:41.036533+05:30
2062,J2_BAMBALAPITIYA,2026-05-04 19:39:27.267927+05:30,105,9.16,SPEED_BELOW_10,2026-05-04 19:39:30.358831+05:30
2060,J3_TOWN_HALL,2026-05-04 19:39:27.200682+05:30,113,4.24,SPEED_BELOW_10,2026-05-04 19:39:30.357530+05:30
2061,J2_BAMBALAPITIYA,2026-05-04 19:39:21.234889+05:30,92,3.23,SPEED_BELOW_10,2026-05-04 19:39:30.358831+05:30
2063,J1_KOLLUPITIYA,2026-05-04 19:39:20.237708+05:30,128,7.66,SPEED_BELOW_10,2026-05-04 19:39:30.378663+05:30
2058,J4_BORELLA,2026-05-04 19:39:18.063395+05:30,100,4.52,SPEED_BELOW_10,2026-05-04 19:39:21.105217+05:30
2057,J1_KOLLUPITIYA,2026-05-04 19:39:17.022196+05:30,98,2.88,SPEED_BELOW_10,2026-05-04 19:39:21.105217+05:30
2052,J3_TOWN_HALL,2026-05-04 19:39:14.022910+05:30,107,9.03,SPEED_BELOW_10,2026-05-04 19:39:21.105678+05:30
2056,J4_BORELLA,2026-05-04 19:39:13.999462+05:30,108,2.55,SPEED_BELOW_10,2026-05-04 19:39:21.105217+05:30
2054,J1_KOLLUPITIYA,2026-05-04 19:39:13.992825+05:30,114,5.43,SPEED_BELOW_10,2026-05-04 19:39:21.105217+05:30
2059,J2_BAMBALAPITIYA,2026-05-04 19:39:13.005645+05:30,133,6.07,SPEED_BELOW_10,2026-05-04 19:39:21.106084+05:30
2050,J3_TOWN_HALL,2026-05-04 19:39:12.157453+05:30,125,3.93,SPEED_BELOW_10,2026-05-04 19:39:21.105678+05:30
2055,J2_BAMBALAPITIYA,2026-05-04 19:39:12.151205+05:30,142,8.35,SPEED_BELOW_10,2026-05-04 19:39:21.106084+05:30
2053,J4_BORELLA,2026-05-04 19:39:11.999296+05:30,105,3.11,SPEED_BELOW_10,2026-05-04 19:39:21.105217+05:30
2051,J1_KOLLUPITIYA,2026-05-04 19:39:11.991503+05:30,104,8.26,SPEED_BELOW_10,2026-05-04 19:39:21.105217+05:30
2044,J1_KOLLUPITIYA,2026-05-04 19:39:09.952094+05:30,136,7.01,SPEED_BELOW_10,2026-05-04 19:39:11.037078+05:30
2045,J4_BORELLA,2026-05-04 19:39:09.934638+05:30,99,3.48,SPEED_BELOW_10,2026-05-04 19:39:11.037078+05:30
2048,J3_TOWN_HALL,2026-05-04 19:39:08.099064+05:30,138,2.50,SPEED_BELOW_10,2026-05-04 19:39:11.046741+05:30
2043,J1_KOLLUPITIYA,2026-05-04 19:39:07.875115+05:30,146,3.10,SPEED_BELOW_10,2026-05-04 19:39:11.037078+05:30
2042,J4_BORELLA,2026-05-04 19:39:05.888072+05:30,105,3.76,SPEED_BELOW_10,2026-05-04 19:39:11.037078+05:30
2049,J2_BAMBALAPITIYA,2026-05-04 19:39:05.074425+05:30,131,6.61,SPEED_BELOW_10,2026-05-04 19:39:11.046976+05:30
2046,J3_TOWN_HALL,2026-05-04 19:39:04.787300+05:30,103,9.05,SPEED_BELOW_10,2026-05-04 19:39:11.046741+05:30
2047,J2_BAMBALAPITIYA,2026-05-04 19:39:03.836874+05:30,102,2.37,SPEED_BELOW_10,2026-05-04 19:39:11.046976+05:30
2041,J4_BORELLA,2026-05-04 19:39:02.048697+05:30,131,3.98,SPEED_BELOW_10,2026-05-04 19:39:11.037078+05:30
2040,J3_TOWN_HALL,2026-05-04 19:38:59.980542+05:30,136,9.88,SPEED_BELOW_10,2026-05-04 19:39:00.839907+05:30
2036,J4_BORELLA,2026-05-04 19:38:56.678356+05:30,139,5.07,SPEED_BELOW_10,2026-05-04 19:39:00.763539+05:30
2035,J4_BORELLA,2026-05-04 19:38:55.961284+05:30,131,7.80,SPEED_BELOW_10,2026-05-04 19:39:00.763539+05:30
2039,J3_TOWN_HALL,2026-05-04 19:38:54.734016+05:30,98,3.26,SPEED_BELOW_10,2026-05-04 19:39:00.839907+05:30
2034,J1_KOLLUPITIYA,2026-05-04 19:38:53.947993+05:30,131,5.70,SPEED_BELOW_10,2026-05-04 19:39:00.763539+05:30
2038,J3_TOWN_HALL,2026-05-04 19:38:52.942539+05:30,106,4.29,SPEED_BELOW_10,2026-05-04 19:39:00.839907+05:30
2037,J2_BAMBALAPITIYA,2026-05-04 19:38:52.653448+05:30,116,7.93,SPEED_BELOW_10,2026-05-04 19:39:00.816600+05:30
2033,J1_KOLLUPITIYA,2026-05-04 19:38:50.640925+05:30,113,7.15,SPEED_BELOW_10,2026-05-04 19:39:00.763539+05:30
2030,J1_KOLLUPITIYA,2026-05-04 19:38:48.692895+05:30,90,6.87,SPEED_BELOW_10,2026-05-04 19:38:50.691981+05:30
2029,J4_BORELLA,2026-05-04 19:38:47.912920+05:30,112,3.42,SPEED_BELOW_10,2026-05-04 19:38:50.691981+05:30
2032,J3_TOWN_HALL,2026-05-04 19:38:47.911264+05:30,139,7.72,SPEED_BELOW_10,2026-05-04 19:38:50.698020+05:30
2028,J4_BORELLA,2026-05-04 19:38:45.897221+05:30,92,6.08,SPEED_BELOW_10,2026-05-04 19:38:50.691981+05:30
2027,J4_BORELLA,2026-05-04 19:38:45.620958+05:30,115,4.26,SPEED_BELOW_10,2026-05-04 19:38:50.691981+05:30
2026,J1_KOLLUPITIYA,2026-05-04 19:38:43.874064+05:30,131,2.70,SPEED_BELOW_10,2026-05-04 19:38:50.691981+05:30
2025,J4_BORELLA,2026-05-04 19:38:43.604080+05:30,103,9.67,SPEED_BELOW_10,2026-05-04 19:38:50.691981+05:30
2031,J3_TOWN_HALL,2026-05-04 19:38:43.601883+05:30,139,3.37,SPEED_BELOW_10,2026-05-04 19:38:50.698020+05:30
2024,J3_TOWN_HALL,2026-05-04 19:38:39.851064+05:30,114,4.15,SPEED_BELOW_10,2026-05-04 19:38:40.654960+05:30
2023,J3_TOWN_HALL,2026-05-04 19:38:39.581074+05:30,100,3.36,SPEED_BELOW_10,2026-05-04 19:38:40.654960+05:30
2021,J4_BORELLA,2026-05-04 19:38:37.637470+05:30,142,9.86,SPEED_BELOW_10,2026-05-04 19:38:40.650346+05:30
2020,J1_KOLLUPITIYA,2026-05-04 19:38:35.830623+05:30,130,4.49,SPEED_BELOW_10,2026-05-04 19:38:40.650346+05:30
2019,J1_KOLLUPITIYA,2026-05-04 19:38:34.551574+05:30,98,7.12,SPEED_BELOW_10,2026-05-04 19:38:40.650346+05:30
2022,J2_BAMBALAPITIYA,2026-05-04 19:38:32.613664+05:30,143,2.43,SPEED_BELOW_10,2026-05-04 19:38:40.652556+05:30
2018,J1_KOLLUPITIYA,2026-05-04 19:38:29.513713+05:30,150,6.89,SPEED_BELOW_10,2026-05-04 19:38:30.576409+05:30
2017,J4_BORELLA,2026-05-04 19:38:27.774556+05:30,105,6.48,SPEED_BELOW_10,2026-05-04 19:38:30.576409+05:30
2016,J1_KOLLUPITIYA,2026-05-04 19:38:26.583341+05:30,146,8.99,SPEED_BELOW_10,2026-05-04 19:38:30.576409+05:30
2015,J4_BORELLA,2026-05-04 19:38:25.492687+05:30,137,8.04,SPEED_BELOW_10,2026-05-04 19:38:30.576409+05:30
2014,J3_TOWN_HALL,2026-05-04 19:38:23.707283+05:30,98,2.26,SPEED_BELOW_10,2026-05-04 19:38:30.574618+05:30
2013,J4_BORELLA,2026-05-04 19:38:15.474046+05:30,135,8.47,SPEED_BELOW_10,2026-05-04 19:38:20.763608+05:30
2011,J2_BAMBALAPITIYA,2026-05-04 19:38:05.452190+05:30,126,8.51,SPEED_BELOW_10,2026-05-04 19:38:11.721377+05:30
2010,J2_BAMBALAPITIYA,2026-05-04 19:38:02.274785+05:30,99,4.19,SPEED_BELOW_10,2026-05-04 19:38:11.721377+05:30
2012,J4_BORELLA,2026-05-04 19:38:00.408219+05:30,150,7.86,SPEED_BELOW_10,2026-05-04 19:38:12.135775+05:30
2008,J4_BORELLA,2026-05-04 19:37:59.025753+05:30,139,5.07,SPEED_BELOW_10,2026-05-04 19:38:01.314661+05:30
2009,J3_TOWN_HALL,2026-05-04 19:37:58.386560+05:30,111,2.82,SPEED_BELOW_10,2026-05-04 19:38:01.328195+05:30
2007,J1_KOLLUPITIYA,2026-05-04 19:37:58.154795+05:30,133,3.97,SPEED_BELOW_10,2026-05-04 19:38:01.314661+05:30
2005,J2_BAMBALAPITIYA,2026-05-04 19:37:49.940847+05:30,149,8.15,SPEED_BELOW_10,2026-05-04 19:37:51.078740+05:30
2004,J1_KOLLUPITIYA,2026-05-04 19:37:48.930885+05:30,136,3.90,SPEED_BELOW_10,2026-05-04 19:37:51.062854+05:30
2003,J1_KOLLUPITIYA,2026-05-04 19:37:47.292597+05:30,103,6.28,SPEED_BELOW_10,2026-05-04 19:37:51.062854+05:30
2002,J1_KOLLUPITIYA,2026-05-04 19:37:46.050079+05:30,123,6.92,SPEED_BELOW_10,2026-05-04 19:37:51.062854+05:30
2006,J3_TOWN_HALL,2026-05-04 19:37:44.892704+05:30,133,4.45,SPEED_BELOW_10,2026-05-04 19:37:51.090375+05:30
2001,J4_BORELLA,2026-05-04 19:37:43.226242+05:30,147,4.16,SPEED_BELOW_10,2026-05-04 19:37:51.062854+05:30
2000,J1_KOLLUPITIYA,2026-05-04 19:37:41.519179+05:30,100,3.21,SPEED_BELOW_10,2026-05-04 19:37:51.062854+05:30
1998,J1_KOLLUPITIYA,2026-05-04 19:37:38.156922+05:30,122,9.59,SPEED_BELOW_10,2026-05-04 19:37:41.351538+05:30
1997,J1_KOLLUPITIYA,2026-05-04 19:37:35.134684+05:30,128,7.80,SPEED_BELOW_10,2026-05-04 19:37:41.351538+05:30
1996,J4_BORELLA,2026-05-04 19:37:34.125714+05:30,121,2.54,SPEED_BELOW_10,2026-05-04 19:37:41.351538+05:30
1995,J4_BORELLA,2026-05-04 19:37:32.335970+05:30,131,9.58,SPEED_BELOW_10,2026-05-04 19:37:41.351538+05:30
1999,J2_BAMBALAPITIYA,2026-05-04 19:37:32.332550+05:30,147,3.26,SPEED_BELOW_10,2026-05-04 19:37:41.369034+05:30
1994,J3_TOWN_HALL,2026-05-04 19:37:28.832888+05:30,101,5.99,SPEED_BELOW_10,2026-05-04 19:37:30.908331+05:30
1988,J2_BAMBALAPITIYA,2026-05-04 19:37:27.022902+05:30,119,5.67,SPEED_BELOW_10,2026-05-04 19:37:30.864373+05:30
1987,J2_BAMBALAPITIYA,2026-05-04 19:37:26.015041+05:30,126,9.55,SPEED_BELOW_10,2026-05-04 19:37:30.864373+05:30
1992,J4_BORELLA,2026-05-04 19:37:25.807095+05:30,121,2.78,SPEED_BELOW_10,2026-05-04 19:37:30.907135+05:30
1991,J4_BORELLA,2026-05-04 19:37:24.114165+05:30,128,2.10,SPEED_BELOW_10,2026-05-04 19:37:30.907135+05:30
1986,J2_BAMBALAPITIYA,2026-05-04 19:37:24.109092+05:30,146,4.83,SPEED_BELOW_10,2026-05-04 19:37:30.864373+05:30
1993,J3_TOWN_HALL,2026-05-04 19:37:23.990056+05:30,140,4.27,SPEED_BELOW_10,2026-05-04 19:37:30.908331+05:30
1985,J2_BAMBALAPITIYA,2026-05-04 19:37:23.766352+05:30,126,8.13,SPEED_BELOW_10,2026-05-04 19:37:30.864373+05:30
1990,J4_BORELLA,2026-05-04 19:37:23.102330+05:30,111,2.21,SPEED_BELOW_10,2026-05-04 19:37:30.907135+05:30
1989,J1_KOLLUPITIYA,2026-05-04 19:37:21.962356+05:30,102,3.55,SPEED_BELOW_10,2026-05-04 19:37:30.907135+05:30
1984,J2_BAMBALAPITIYA,2026-05-04 19:37:20.056596+05:30,107,5.46,SPEED_BELOW_10,2026-05-04 19:37:30.864373+05:30
1976,J3_TOWN_HALL,2026-05-04 19:37:17.910567+05:30,130,3.88,SPEED_BELOW_10,2026-05-04 19:37:20.919051+05:30
1979,J2_BAMBALAPITIYA,2026-05-04 19:37:17.899043+05:30,124,3.73,SPEED_BELOW_10,2026-05-04 19:37:20.920951+05:30
1983,J4_BORELLA,2026-05-04 19:37:17.687561+05:30,131,8.03,SPEED_BELOW_10,2026-05-04 19:37:20.964028+05:30
1982,J4_BORELLA,2026-05-04 19:37:15.992103+05:30,144,8.19,SPEED_BELOW_10,2026-05-04 19:37:20.964028+05:30
1975,J3_TOWN_HALL,2026-05-04 19:37:14.975047+05:30,103,6.46,SPEED_BELOW_10,2026-05-04 19:37:20.919051+05:30
1981,J4_BORELLA,2026-05-04 19:37:13.959021+05:30,139,3.98,SPEED_BELOW_10,2026-05-04 19:37:20.964028+05:30
1978,J2_BAMBALAPITIYA,2026-05-04 19:37:13.641371+05:30,94,9.73,SPEED_BELOW_10,2026-05-04 19:37:20.920951+05:30
1977,J2_BAMBALAPITIYA,2026-05-04 19:37:12.921779+05:30,134,6.38,SPEED_BELOW_10,2026-05-04 19:37:20.920951+05:30
1974,J3_TOWN_HALL,2026-05-04 19:37:11.781567+05:30,148,9.78,SPEED_BELOW_10,2026-05-04 19:37:20.919051+05:30
1980,J4_BORELLA,2026-05-04 19:37:10.586146+05:30,144,3.92,SPEED_BELOW_10,2026-05-04 19:37:20.964028+05:30
1969,J3_TOWN_HALL,2026-05-04 19:37:09.504776+05:30,113,6.54,SPEED_BELOW_10,2026-05-04 19:37:11.592384+05:30
1973,J4_BORELLA,2026-05-04 19:37:08.622137+05:30,123,7.78,SPEED_BELOW_10,2026-05-04 19:37:11.600916+05:30
1967,J3_TOWN_HALL,2026-05-04 19:37:07.792192+05:30,139,7.42,SPEED_BELOW_10,2026-05-04 19:37:11.592384+05:30
1972,J1_KOLLUPITIYA,2026-05-04 19:37:06.768608+05:30,115,8.16,SPEED_BELOW_10,2026-05-04 19:37:11.600916+05:30
1968,J2_BAMBALAPITIYA,2026-05-04 19:37:05.759917+05:30,115,8.50,SPEED_BELOW_10,2026-05-04 19:37:11.592636+05:30
1971,J1_KOLLUPITIYA,2026-05-04 19:37:05.588692+05:30,90,6.06,SPEED_BELOW_10,2026-05-04 19:37:11.600916+05:30
1970,J1_KOLLUPITIYA,2026-05-04 19:37:04.340850+05:30,114,8.89,SPEED_BELOW_10,2026-05-04 19:37:11.600916+05:30
1966,J4_BORELLA,2026-05-04 19:36:57.224321+05:30,142,5.83,SPEED_BELOW_10,2026-05-04 19:37:00.679008+05:30
1965,J1_KOLLUPITIYA,2026-05-04 19:36:56.463841+05:30,131,8.81,SPEED_BELOW_10,2026-05-04 19:37:00.679008+05:30
1964,J4_BORELLA,2026-05-04 19:36:53.439838+05:30,100,5.43,SPEED_BELOW_10,2026-05-04 19:37:00.679008+05:30
1962,J1_KOLLUPITIYA,2026-05-04 19:36:48.391675+05:30,94,3.57,SPEED_BELOW_10,2026-05-04 19:36:51.062827+05:30
1960,J2_BAMBALAPITIYA,2026-05-04 19:36:45.874184+05:30,143,9.38,SPEED_BELOW_10,2026-05-04 19:36:50.952181+05:30
1963,J3_TOWN_HALL,2026-05-04 19:36:45.354850+05:30,135,7.03,SPEED_BELOW_10,2026-05-04 19:36:51.065173+05:30
1961,J1_KOLLUPITIYA,2026-05-04 19:36:44.343158+05:30,102,2.77,SPEED_BELOW_10,2026-05-04 19:36:51.062827+05:30
1959,J2_BAMBALAPITIYA,2026-05-04 19:36:41.814712+05:30,107,8.95,SPEED_BELOW_10,2026-05-04 19:36:50.952181+05:30
1958,J2_BAMBALAPITIYA,2026-05-04 19:36:40.427113+05:30,103,5.48,SPEED_BELOW_10,2026-05-04 19:36:50.952181+05:30
1952,J2_BAMBALAPITIYA,2026-05-04 19:36:39.407672+05:30,121,3.69,SPEED_BELOW_10,2026-05-04 19:36:41.471119+05:30
1957,J4_BORELLA,2026-05-04 19:36:39.254440+05:30,125,7.45,SPEED_BELOW_10,2026-05-04 19:36:41.481867+05:30
1956,J3_TOWN_HALL,2026-05-04 19:36:35.533838+05:30,131,4.68,SPEED_BELOW_10,2026-05-04 19:36:41.498832+05:30
1954,J3_TOWN_HALL,2026-05-04 19:36:35.372464+05:30,107,4.21,SPEED_BELOW_10,2026-05-04 19:36:41.498832+05:30
1955,J1_KOLLUPITIYA,2026-05-04 19:36:35.294160+05:30,139,2.14,SPEED_BELOW_10,2026-05-04 19:36:41.481867+05:30
1953,J4_BORELLA,2026-05-04 19:36:35.192126+05:30,122,6.56,SPEED_BELOW_10,2026-05-04 19:36:41.481867+05:30
1951,J2_BAMBALAPITIYA,2026-05-04 19:36:34.172292+05:30,121,9.05,SPEED_BELOW_10,2026-05-04 19:36:41.471119+05:30
1950,J2_BAMBALAPITIYA,2026-05-04 19:36:32.461098+05:30,141,9.44,SPEED_BELOW_10,2026-05-04 19:36:41.471119+05:30
1949,J4_BORELLA,2026-05-04 19:36:17.624362+05:30,129,3.56,SPEED_BELOW_10,2026-05-04 19:36:20.332171+05:30
1946,J2_BAMBALAPITIYA,2026-05-04 19:36:13.868640+05:30,99,4.84,SPEED_BELOW_10,2026-05-04 19:36:20.331816+05:30
1948,J4_BORELLA,2026-05-04 19:36:11.861818+05:30,117,7.78,SPEED_BELOW_10,2026-05-04 19:36:20.332171+05:30
1947,J4_BORELLA,2026-05-04 19:36:10.855406+05:30,121,7.52,SPEED_BELOW_10,2026-05-04 19:36:20.332171+05:30
1945,J3_TOWN_HALL,2026-05-04 19:36:09.213474+05:30,103,4.69,SPEED_BELOW_10,2026-05-04 19:36:10.310740+05:30
1944,J3_TOWN_HALL,2026-05-04 19:36:08.832847+05:30,121,6.05,SPEED_BELOW_10,2026-05-04 19:36:10.310740+05:30
1943,J1_KOLLUPITIYA,2026-05-04 19:36:07.823115+05:30,140,3.43,SPEED_BELOW_10,2026-05-04 19:36:10.300239+05:30
1942,J4_BORELLA,2026-05-04 19:36:06.491729+05:30,145,6.73,SPEED_BELOW_10,2026-05-04 19:36:10.300239+05:30
1941,J4_BORELLA,2026-05-04 19:36:04.180887+05:30,130,7.69,SPEED_BELOW_10,2026-05-04 19:36:10.300239+05:30
1940,J4_BORELLA,2026-05-04 19:36:03.174271+05:30,137,8.52,SPEED_BELOW_10,2026-05-04 19:36:10.300239+05:30
1939,J1_KOLLUPITIYA,2026-05-04 19:36:03.171004+05:30,138,3.52,SPEED_BELOW_10,2026-05-04 19:36:10.300239+05:30
1938,J2_BAMBALAPITIYA,2026-05-04 19:36:01.454192+05:30,90,3.43,SPEED_BELOW_10,2026-05-04 19:36:10.300446+05:30
1936,J4_BORELLA,2026-05-04 19:35:59.304324+05:30,148,3.56,SPEED_BELOW_10,2026-05-04 19:36:00.444129+05:30
1935,J1_KOLLUPITIYA,2026-05-04 19:35:57.290400+05:30,135,7.48,SPEED_BELOW_10,2026-05-04 19:36:00.444129+05:30
1937,J3_TOWN_HALL,2026-05-04 19:35:57.132625+05:30,104,2.30,SPEED_BELOW_10,2026-05-04 19:36:00.482225+05:30
1934,J1_KOLLUPITIYA,2026-05-04 19:35:57.130545+05:30,136,4.85,SPEED_BELOW_10,2026-05-04 19:36:00.444129+05:30
1930,J2_BAMBALAPITIYA,2026-05-04 19:35:55.121403+05:30,143,5.09,SPEED_BELOW_10,2026-05-04 19:36:00.398044+05:30
1933,J4_BORELLA,2026-05-04 19:35:54.118731+05:30,99,5.19,SPEED_BELOW_10,2026-05-04 19:36:00.444129+05:30
1932,J1_KOLLUPITIYA,2026-05-04 19:35:54.116391+05:30,92,8.11,SPEED_BELOW_10,2026-05-04 19:36:00.444129+05:30
1931,J4_BORELLA,2026-05-04 19:35:53.114814+05:30,109,8.83,SPEED_BELOW_10,2026-05-04 19:36:00.444129+05:30
1929,J2_BAMBALAPITIYA,2026-05-04 19:35:51.261972+05:30,126,9.42,SPEED_BELOW_10,2026-05-04 19:36:00.398044+05:30
1928,J2_BAMBALAPITIYA,2026-05-04 19:35:50.706409+05:30,97,6.72,SPEED_BELOW_10,2026-05-04 19:36:00.398044+05:30
1926,J1_KOLLUPITIYA,2026-05-04 19:35:48.244900+05:30,142,2.59,SPEED_BELOW_10,2026-05-04 19:35:50.757078+05:30
1927,J2_BAMBALAPITIYA,2026-05-04 19:35:48.086773+05:30,121,5.84,SPEED_BELOW_10,2026-05-04 19:35:50.757228+05:30
1925,J1_KOLLUPITIYA,2026-05-04 19:35:47.682717+05:30,99,8.36,SPEED_BELOW_10,2026-05-04 19:35:50.757078+05:30
1924,J2_BAMBALAPITIYA,2026-05-04 19:35:47.081390+05:30,104,8.99,SPEED_BELOW_10,2026-05-04 19:35:50.757228+05:30
1923,J1_KOLLUPITIYA,2026-05-04 19:35:45.667624+05:30,127,2.58,SPEED_BELOW_10,2026-05-04 19:35:50.757078+05:30
1921,J2_BAMBALAPITIYA,2026-05-04 19:35:43.057451+05:30,105,5.91,SPEED_BELOW_10,2026-05-04 19:35:50.757228+05:30
1922,J1_KOLLUPITIYA,2026-05-04 19:35:42.654413+05:30,148,5.31,SPEED_BELOW_10,2026-05-04 19:35:50.757078+05:30
1920,J3_TOWN_HALL,2026-05-04 19:35:38.616437+05:30,148,8.31,SPEED_BELOW_10,2026-05-04 19:35:40.690661+05:30
1919,J3_TOWN_HALL,2026-05-04 19:35:37.599712+05:30,123,8.44,SPEED_BELOW_10,2026-05-04 19:35:40.690661+05:30
1918,J4_BORELLA,2026-05-04 19:35:37.181812+05:30,109,7.02,SPEED_BELOW_10,2026-05-04 19:35:40.689986+05:30
1917,J4_BORELLA,2026-05-04 19:35:34.164773+05:30,145,3.51,SPEED_BELOW_10,2026-05-04 19:35:40.689986+05:30
1916,J4_BORELLA,2026-05-04 19:35:32.569908+05:30,108,4.39,SPEED_BELOW_10,2026-05-04 19:35:40.689986+05:30
1915,J1_KOLLUPITIYA,2026-05-04 19:35:31.560262+05:30,141,4.53,SPEED_BELOW_10,2026-05-04 19:35:40.689986+05:30
1914,J4_BORELLA,2026-05-04 19:35:28.135499+05:30,108,9.11,SPEED_BELOW_10,2026-05-04 19:35:30.559732+05:30
1913,J4_BORELLA,2026-05-04 19:35:25.941138+05:30,113,7.91,SPEED_BELOW_10,2026-05-04 19:35:30.559732+05:30
1912,J4_BORELLA,2026-05-04 19:35:23.112587+05:30,112,2.62,SPEED_BELOW_10,2026-05-04 19:35:30.559732+05:30
1911,J1_KOLLUPITIYA,2026-05-04 19:35:20.499824+05:30,114,7.93,SPEED_BELOW_10,2026-05-04 19:35:30.559732+05:30
1909,J3_TOWN_HALL,2026-05-04 19:35:17.082517+05:30,138,2.74,SPEED_BELOW_10,2026-05-04 19:35:20.555953+05:30
1907,J1_KOLLUPITIYA,2026-05-04 19:35:16.477507+05:30,109,8.20,SPEED_BELOW_10,2026-05-04 19:35:20.505990+05:30
1906,J1_KOLLUPITIYA,2026-05-04 19:35:13.052405+05:30,106,2.54,SPEED_BELOW_10,2026-05-04 19:35:20.505990+05:30
1910,J2_BAMBALAPITIYA,2026-05-04 19:35:12.831388+05:30,90,7.04,SPEED_BELOW_10,2026-05-04 19:35:20.558470+05:30
1908,J3_TOWN_HALL,2026-05-04 19:35:11.043269+05:30,98,7.61,SPEED_BELOW_10,2026-05-04 19:35:20.555953+05:30
1905,J1_KOLLUPITIYA,2026-05-04 19:35:10.037026+05:30,139,7.62,SPEED_BELOW_10,2026-05-04 19:35:20.505990+05:30
1902,J4_BORELLA,2026-05-04 19:35:09.438660+05:30,107,8.13,SPEED_BELOW_10,2026-05-04 19:35:10.492765+05:30
1903,J3_TOWN_HALL,2026-05-04 19:35:09.437280+05:30,143,7.62,SPEED_BELOW_10,2026-05-04 19:35:10.500823+05:30
1901,J4_BORELLA,2026-05-04 19:35:06.420955+05:30,119,7.08,SPEED_BELOW_10,2026-05-04 19:35:10.492765+05:30
1900,J4_BORELLA,2026-05-04 19:35:05.016748+05:30,122,5.06,SPEED_BELOW_10,2026-05-04 19:35:10.492765+05:30
1904,J2_BAMBALAPITIYA,2026-05-04 19:35:00.991922+05:30,112,6.12,SPEED_BELOW_10,2026-05-04 19:35:10.501638+05:30
1899,J1_KOLLUPITIYA,2026-05-04 19:35:00.762072+05:30,144,8.80,SPEED_BELOW_10,2026-05-04 19:35:10.492765+05:30
1896,J2_BAMBALAPITIYA,2026-05-04 19:34:59.984143+05:30,144,3.69,SPEED_BELOW_10,2026-05-04 19:35:00.430756+05:30
1895,J2_BAMBALAPITIYA,2026-05-04 19:34:59.374670+05:30,144,8.85,SPEED_BELOW_10,2026-05-04 19:35:00.430756+05:30
1898,J4_BORELLA,2026-05-04 19:34:56.726475+05:30,149,2.75,SPEED_BELOW_10,2026-05-04 19:35:00.431510+05:30
1894,J2_BAMBALAPITIYA,2026-05-04 19:34:55.720379+05:30,97,5.03,SPEED_BELOW_10,2026-05-04 19:35:00.430756+05:30
1893,J3_TOWN_HALL,2026-05-04 19:34:54.355122+05:30,104,8.09,SPEED_BELOW_10,2026-05-04 19:35:00.430715+05:30
1897,J4_BORELLA,2026-05-04 19:34:51.950914+05:30,148,5.46,SPEED_BELOW_10,2026-05-04 19:35:00.431510+05:30
1892,J2_BAMBALAPITIYA,2026-05-04 19:34:48.684020+05:30,125,2.62,SPEED_BELOW_10,2026-05-04 19:34:50.388900+05:30
1891,J3_TOWN_HALL,2026-05-04 19:34:46.675445+05:30,119,7.84,SPEED_BELOW_10,2026-05-04 19:34:50.388927+05:30
1890,J2_BAMBALAPITIYA,2026-05-04 19:34:44.913888+05:30,133,4.96,SPEED_BELOW_10,2026-05-04 19:34:50.388900+05:30
1889,J3_TOWN_HALL,2026-05-04 19:34:44.306896+05:30,115,2.54,SPEED_BELOW_10,2026-05-04 19:34:50.388927+05:30
1886,J4_BORELLA,2026-05-04 19:34:34.607800+05:30,90,7.82,SPEED_BELOW_10,2026-05-04 19:34:40.331105+05:30
1887,J2_BAMBALAPITIYA,2026-05-04 19:34:34.604808+05:30,144,3.43,SPEED_BELOW_10,2026-05-04 19:34:40.335913+05:30
1885,J4_BORELLA,2026-05-04 19:34:31.236383+05:30,92,8.52,SPEED_BELOW_10,2026-05-04 19:34:40.331105+05:30
1884,J1_KOLLUPITIYA,2026-05-04 19:34:31.231953+05:30,114,7.73,SPEED_BELOW_10,2026-05-04 19:34:40.331105+05:30
1888,J3_TOWN_HALL,2026-05-04 19:34:30.580304+05:30,101,2.79,SPEED_BELOW_10,2026-05-04 19:34:40.336331+05:30
1880,J3_TOWN_HALL,2026-05-04 19:34:29.571104+05:30,93,7.75,SPEED_BELOW_10,2026-05-04 19:34:30.269297+05:30
1883,J4_BORELLA,2026-05-04 19:34:26.820767+05:30,105,2.48,SPEED_BELOW_10,2026-05-04 19:34:30.271160+05:30
1882,J1_KOLLUPITIYA,2026-05-04 19:34:26.551032+05:30,105,6.55,SPEED_BELOW_10,2026-05-04 19:34:30.271160+05:30
1879,J3_TOWN_HALL,2026-05-04 19:34:22.794860+05:30,142,4.35,SPEED_BELOW_10,2026-05-04 19:34:30.269297+05:30
1881,J1_KOLLUPITIYA,2026-05-04 19:34:21.774286+05:30,122,2.60,SPEED_BELOW_10,2026-05-04 19:34:30.271160+05:30
1877,J2_BAMBALAPITIYA,2026-05-04 19:34:19.509663+05:30,131,7.13,SPEED_BELOW_10,2026-05-04 19:34:20.255138+05:30
1876,J2_BAMBALAPITIYA,2026-05-04 19:34:18.161367+05:30,103,6.93,SPEED_BELOW_10,2026-05-04 19:34:20.255138+05:30
1873,J4_BORELLA,2026-05-04 19:34:16.733207+05:30,117,8.41,SPEED_BELOW_10,2026-05-04 19:34:20.251202+05:30
1875,J2_BAMBALAPITIYA,2026-05-04 19:34:14.480367+05:30,127,3.24,SPEED_BELOW_10,2026-05-04 19:34:20.255138+05:30
1878,J3_TOWN_HALL,2026-05-04 19:34:13.473907+05:30,132,4.57,SPEED_BELOW_10,2026-05-04 19:34:20.267650+05:30
1872,J4_BORELLA,2026-05-04 19:34:12.711698+05:30,125,8.23,SPEED_BELOW_10,2026-05-04 19:34:20.251202+05:30
1874,J2_BAMBALAPITIYA,2026-05-04 19:34:11.124289+05:30,125,3.10,SPEED_BELOW_10,2026-05-04 19:34:20.255138+05:30
1870,J4_BORELLA,2026-05-04 19:34:09.693602+05:30,149,8.80,SPEED_BELOW_10,2026-05-04 19:34:10.507427+05:30
1871,J2_BAMBALAPITIYA,2026-05-04 19:34:07.673913+05:30,123,5.38,SPEED_BELOW_10,2026-05-04 19:34:10.507456+05:30
1869,J3_TOWN_HALL,2026-05-04 19:34:05.425519+05:30,147,8.56,SPEED_BELOW_10,2026-05-04 19:34:10.504935+05:30
1867,J3_TOWN_HALL,2026-05-04 19:33:56.375328+05:30,125,2.74,SPEED_BELOW_10,2026-05-04 19:34:00.454410+05:30
1868,J1_KOLLUPITIYA,2026-05-04 19:33:55.367974+05:30,145,3.65,SPEED_BELOW_10,2026-05-04 19:34:00.454410+05:30
1866,J1_KOLLUPITIYA,2026-05-04 19:33:53.018434+05:30,110,8.46,SPEED_BELOW_10,2026-05-04 19:34:00.454410+05:30
1865,J3_TOWN_HALL,2026-05-04 19:33:51.005248+05:30,106,6.13,SPEED_BELOW_10,2026-05-04 19:34:00.454410+05:30
1861,J4_BORELLA,2026-05-04 19:33:49.333425+05:30,115,3.57,SPEED_BELOW_10,2026-05-04 19:33:50.389453+05:30
1864,J2_BAMBALAPITIYA,2026-05-04 19:33:46.312157+05:30,149,2.32,SPEED_BELOW_10,2026-05-04 19:33:50.392018+05:30
1863,J2_BAMBALAPITIYA,2026-05-04 19:33:45.304100+05:30,96,9.14,SPEED_BELOW_10,2026-05-04 19:33:50.392018+05:30
1862,J2_BAMBALAPITIYA,2026-05-04 19:33:42.287084+05:30,110,7.98,SPEED_BELOW_10,2026-05-04 19:33:50.392018+05:30
1860,J4_BORELLA,2026-05-04 19:33:40.944026+05:30,139,3.80,SPEED_BELOW_10,2026-05-04 19:33:50.389453+05:30
1859,J1_KOLLUPITIYA,2026-05-04 19:33:39.499164+05:30,132,9.25,SPEED_BELOW_10,2026-05-04 19:33:40.379915+05:30
1855,J3_TOWN_HALL,2026-05-04 19:33:38.933322+05:30,139,6.26,SPEED_BELOW_10,2026-05-04 19:33:40.372462+05:30
1857,J2_BAMBALAPITIYA,2026-05-04 19:33:37.924446+05:30,109,9.75,SPEED_BELOW_10,2026-05-04 19:33:40.374393+05:30
1854,J3_TOWN_HALL,2026-05-04 19:33:36.919772+05:30,119,7.50,SPEED_BELOW_10,2026-05-04 19:33:40.372462+05:30
1856,J2_BAMBALAPITIYA,2026-05-04 19:33:35.477944+05:30,131,8.68,SPEED_BELOW_10,2026-05-04 19:33:40.374393+05:30
1858,J4_BORELLA,2026-05-04 19:33:34.907873+05:30,137,4.23,SPEED_BELOW_10,2026-05-04 19:33:40.379915+05:30
1853,J3_TOWN_HALL,2026-05-04 19:33:30.452780+05:30,95,5.43,SPEED_BELOW_10,2026-05-04 19:33:40.372462+05:30
1852,J1_KOLLUPITIYA,2026-05-04 19:33:29.441165+05:30,134,8.18,SPEED_BELOW_10,2026-05-04 19:33:30.258986+05:30
1851,J3_TOWN_HALL,2026-05-04 19:33:28.872644+05:30,101,3.23,SPEED_BELOW_10,2026-05-04 19:33:30.257192+05:30
1850,J3_TOWN_HALL,2026-05-04 19:33:24.183235+05:30,100,7.36,SPEED_BELOW_10,2026-05-04 19:33:30.257192+05:30
1849,J3_TOWN_HALL,2026-05-04 19:33:20.388555+05:30,131,5.04,SPEED_BELOW_10,2026-05-04 19:33:30.257192+05:30
1847,J3_TOWN_HALL,2026-05-04 19:33:17.131811+05:30,146,4.14,SPEED_BELOW_10,2026-05-04 19:33:20.211938+05:30
1848,J4_BORELLA,2026-05-04 19:33:12.345305+05:30,108,5.80,SPEED_BELOW_10,2026-05-04 19:33:20.231129+05:30
1846,J3_TOWN_HALL,2026-05-04 19:33:06.052359+05:30,108,6.99,SPEED_BELOW_10,2026-05-04 19:33:10.377689+05:30
1844,J1_KOLLUPITIYA,2026-05-04 19:33:04.733496+05:30,109,3.80,SPEED_BELOW_10,2026-05-04 19:33:10.373882+05:30
1843,J1_KOLLUPITIYA,2026-05-04 19:33:04.295907+05:30,119,6.08,SPEED_BELOW_10,2026-05-04 19:33:10.373882+05:30
1842,J4_BORELLA,2026-05-04 19:33:02.030655+05:30,114,7.12,SPEED_BELOW_10,2026-05-04 19:33:10.373882+05:30
1845,J3_TOWN_HALL,2026-05-04 19:33:00.712389+05:30,138,3.02,SPEED_BELOW_10,2026-05-04 19:33:10.377689+05:30
1839,J1_KOLLUPITIYA,2026-05-04 19:32:59.258604+05:30,137,5.07,SPEED_BELOW_10,2026-05-04 19:33:00.315401+05:30
1840,J2_BAMBALAPITIYA,2026-05-04 19:32:57.001740+05:30,92,5.85,SPEED_BELOW_10,2026-05-04 19:33:00.318071+05:30
1838,J1_KOLLUPITIYA,2026-05-04 19:32:56.686272+05:30,104,8.86,SPEED_BELOW_10,2026-05-04 19:33:00.315401+05:30
1841,J3_TOWN_HALL,2026-05-04 19:32:56.241730+05:30,107,6.52,SPEED_BELOW_10,2026-05-04 19:33:00.320846+05:30
1837,J1_KOLLUPITIYA,2026-05-04 19:32:55.679513+05:30,132,4.32,SPEED_BELOW_10,2026-05-04 19:33:00.315401+05:30
1836,J4_BORELLA,2026-05-04 19:32:55.236070+05:30,116,2.86,SPEED_BELOW_10,2026-05-04 19:33:00.315401+05:30
1835,J4_BORELLA,2026-05-04 19:32:53.223044+05:30,95,9.58,SPEED_BELOW_10,2026-05-04 19:33:00.315401+05:30
1834,J4_BORELLA,2026-05-04 19:32:48.961182+05:30,110,4.54,SPEED_BELOW_10,2026-05-04 19:32:50.274524+05:30
1828,J3_TOWN_HALL,2026-05-04 19:32:48.200637+05:30,109,9.86,SPEED_BELOW_10,2026-05-04 19:32:50.269236+05:30
1833,J1_KOLLUPITIYA,2026-05-04 19:32:47.951608+05:30,149,2.36,SPEED_BELOW_10,2026-05-04 19:32:50.274524+05:30
1830,J2_BAMBALAPITIYA,2026-05-04 19:32:47.193345+05:30,141,5.67,SPEED_BELOW_10,2026-05-04 19:32:50.270665+05:30
1832,J1_KOLLUPITIYA,2026-05-04 19:32:46.188370+05:30,98,3.79,SPEED_BELOW_10,2026-05-04 19:32:50.274524+05:30
1827,J3_TOWN_HALL,2026-05-04 19:32:45.942226+05:30,141,6.93,SPEED_BELOW_10,2026-05-04 19:32:50.269236+05:30
1831,J4_BORELLA,2026-05-04 19:32:41.575635+05:30,144,2.58,SPEED_BELOW_10,2026-05-04 19:32:50.274524+05:30
1829,J2_BAMBALAPITIYA,2026-05-04 19:32:40.906456+05:30,114,4.90,SPEED_BELOW_10,2026-05-04 19:32:50.270665+05:30
1822,J2_BAMBALAPITIYA,2026-05-04 19:32:37.545887+05:30,142,4.06,SPEED_BELOW_10,2026-05-04 19:32:40.208039+05:30
1826,J4_BORELLA,2026-05-04 19:32:35.875336+05:30,118,9.51,SPEED_BELOW_10,2026-05-04 19:32:40.211604+05:30
1825,J4_BORELLA,2026-05-04 19:32:34.867734+05:30,146,2.49,SPEED_BELOW_10,2026-05-04 19:32:40.211604+05:30
1821,J2_BAMBALAPITIYA,2026-05-04 19:32:33.524214+05:30,149,5.50,SPEED_BELOW_10,2026-05-04 19:32:40.208039+05:30
1824,J4_BORELLA,2026-05-04 19:32:32.112729+05:30,139,9.83,SPEED_BELOW_10,2026-05-04 19:32:40.211604+05:30
1823,J1_KOLLUPITIYA,2026-05-04 19:32:32.108324+05:30,100,7.37,SPEED_BELOW_10,2026-05-04 19:32:40.211604+05:30
1820,J3_TOWN_HALL,2026-05-04 19:32:25.801664+05:30,146,7.92,SPEED_BELOW_10,2026-05-04 19:32:30.573447+05:30
1818,J2_BAMBALAPITIYA,2026-05-04 19:32:25.074257+05:30,94,8.36,SPEED_BELOW_10,2026-05-04 19:32:30.566914+05:30
1819,J1_KOLLUPITIYA,2026-05-04 19:32:23.474751+05:30,116,9.15,SPEED_BELOW_10,2026-05-04 19:32:30.564767+05:30
1817,J4_BORELLA,2026-05-04 19:32:21.055405+05:30,121,9.43,SPEED_BELOW_10,2026-05-04 19:32:30.564767+05:30
1816,J1_KOLLUPITIYA,2026-05-04 19:32:17.329984+05:30,95,9.41,SPEED_BELOW_10,2026-05-04 19:32:20.514107+05:30
1815,J2_BAMBALAPITIYA,2026-05-04 19:32:13.281239+05:30,90,8.92,SPEED_BELOW_10,2026-05-04 19:32:20.511808+05:30
1814,J2_BAMBALAPITIYA,2026-05-04 19:32:07.242326+05:30,125,2.51,SPEED_BELOW_10,2026-05-04 19:32:10.320787+05:30
1808,J1_KOLLUPITIYA,2026-05-04 19:32:07.241044+05:30,127,5.13,SPEED_BELOW_10,2026-05-04 19:32:10.310662+05:30
1813,J2_BAMBALAPITIYA,2026-05-04 19:32:06.625256+05:30,135,7.24,SPEED_BELOW_10,2026-05-04 19:32:10.320787+05:30
1807,J4_BORELLA,2026-05-04 19:32:05.621209+05:30,94,6.51,SPEED_BELOW_10,2026-05-04 19:32:10.310662+05:30
1812,J2_BAMBALAPITIYA,2026-05-04 19:32:05.618604+05:30,146,6.64,SPEED_BELOW_10,2026-05-04 19:32:10.320787+05:30
1811,J2_BAMBALAPITIYA,2026-05-04 19:32:03.957383+05:30,99,2.12,SPEED_BELOW_10,2026-05-04 19:32:10.320787+05:30
1810,J2_BAMBALAPITIYA,2026-05-04 19:32:03.609409+05:30,147,8.39,SPEED_BELOW_10,2026-05-04 19:32:10.320787+05:30
1809,J2_BAMBALAPITIYA,2026-05-04 19:32:01.208946+05:30,149,3.78,SPEED_BELOW_10,2026-05-04 19:32:10.320787+05:30
1806,J4_BORELLA,2026-05-04 19:32:00.596221+05:30,136,3.60,SPEED_BELOW_10,2026-05-04 19:32:10.310662+05:30
1800,J3_TOWN_HALL,2026-05-04 19:31:55.922633+05:30,125,5.56,SPEED_BELOW_10,2026-05-04 19:32:00.259876+05:30
1805,J1_KOLLUPITIYA,2026-05-04 19:31:55.919795+05:30,118,4.65,SPEED_BELOW_10,2026-05-04 19:32:00.259703+05:30
1804,J4_BORELLA,2026-05-04 19:31:54.552535+05:30,115,4.64,SPEED_BELOW_10,2026-05-04 19:32:00.259703+05:30
1803,J1_KOLLUPITIYA,2026-05-04 19:31:54.547855+05:30,119,7.59,SPEED_BELOW_10,2026-05-04 19:32:00.259703+05:30
1802,J4_BORELLA,2026-05-04 19:31:53.169710+05:30,116,4.78,SPEED_BELOW_10,2026-05-04 19:32:00.259703+05:30
1799,J2_BAMBALAPITIYA,2026-05-04 19:31:52.155977+05:30,90,6.33,SPEED_BELOW_10,2026-05-04 19:32:00.257842+05:30
1801,J4_BORELLA,2026-05-04 19:31:50.875071+05:30,143,3.48,SPEED_BELOW_10,2026-05-04 19:32:00.259703+05:30
1798,J1_KOLLUPITIYA,2026-05-04 19:31:48.514097+05:30,139,7.33,SPEED_BELOW_10,2026-05-04 19:31:50.595510+05:30
1794,J2_BAMBALAPITIYA,2026-05-04 19:31:47.127646+05:30,129,9.78,SPEED_BELOW_10,2026-05-04 19:31:50.595012+05:30
1797,J1_KOLLUPITIYA,2026-05-04 19:31:46.504294+05:30,98,8.12,SPEED_BELOW_10,2026-05-04 19:31:50.595510+05:30
1796,J1_KOLLUPITIYA,2026-05-04 19:31:46.122304+05:30,118,5.15,SPEED_BELOW_10,2026-05-04 19:31:50.595510+05:30
1795,J4_BORELLA,2026-05-04 19:31:45.853047+05:30,90,4.49,SPEED_BELOW_10,2026-05-04 19:31:50.595510+05:30
1792,J2_BAMBALAPITIYA,2026-05-04 19:31:43.844416+05:30,104,5.17,SPEED_BELOW_10,2026-05-04 19:31:50.595012+05:30
1793,J4_BORELLA,2026-05-04 19:31:40.450487+05:30,117,8.65,SPEED_BELOW_10,2026-05-04 19:31:50.595510+05:30
1789,J2_BAMBALAPITIYA,2026-05-04 19:31:39.438975+05:30,145,4.23,SPEED_BELOW_10,2026-05-04 19:31:40.536291+05:30
1788,J3_TOWN_HALL,2026-05-04 19:31:35.415748+05:30,93,2.29,SPEED_BELOW_10,2026-05-04 19:31:40.531040+05:30
1791,J4_BORELLA,2026-05-04 19:31:32.057754+05:30,131,3.16,SPEED_BELOW_10,2026-05-04 19:31:40.531189+05:30
1790,J4_BORELLA,2026-05-04 19:31:30.768960+05:30,112,5.26,SPEED_BELOW_10,2026-05-04 19:31:40.531189+05:30
1783,J2_BAMBALAPITIYA,2026-05-04 19:31:29.386429+05:30,136,5.40,SPEED_BELOW_10,2026-05-04 19:31:30.448281+05:30
1784,J1_KOLLUPITIYA,2026-05-04 19:31:28.379933+05:30,118,4.58,SPEED_BELOW_10,2026-05-04 19:31:30.457456+05:30
1787,J3_TOWN_HALL,2026-05-04 19:31:26.373130+05:30,128,3.34,SPEED_BELOW_10,2026-05-04 19:31:30.457545+05:30
1782,J2_BAMBALAPITIYA,2026-05-04 19:31:26.023900+05:30,107,2.30,SPEED_BELOW_10,2026-05-04 19:31:30.448281+05:30
1786,J3_TOWN_HALL,2026-05-04 19:31:25.367380+05:30,128,2.65,SPEED_BELOW_10,2026-05-04 19:31:30.457545+05:30
1785,J3_TOWN_HALL,2026-05-04 19:31:23.008825+05:30,130,8.68,SPEED_BELOW_10,2026-05-04 19:31:30.457545+05:30
1781,J3_TOWN_HALL,2026-05-04 19:31:19.332820+05:30,141,3.88,SPEED_BELOW_10,2026-05-04 19:31:20.398985+05:30
1779,J4_BORELLA,2026-05-04 19:31:18.326906+05:30,149,2.36,SPEED_BELOW_10,2026-05-04 19:31:20.400180+05:30
1775,J2_BAMBALAPITIYA,2026-05-04 19:31:18.325105+05:30,127,6.36,SPEED_BELOW_10,2026-05-04 19:31:20.351307+05:30
1778,J4_BORELLA,2026-05-04 19:31:16.316395+05:30,114,2.41,SPEED_BELOW_10,2026-05-04 19:31:20.400180+05:30
1777,J4_BORELLA,2026-05-04 19:31:15.679917+05:30,91,6.95,SPEED_BELOW_10,2026-05-04 19:31:20.400180+05:30
1780,J3_TOWN_HALL,2026-05-04 19:31:14.972356+05:30,146,8.13,SPEED_BELOW_10,2026-05-04 19:31:20.398985+05:30
1776,J3_TOWN_HALL,2026-05-04 19:31:12.959122+05:30,122,9.78,SPEED_BELOW_10,2026-05-04 19:31:20.398985+05:30
1774,J2_BAMBALAPITIYA,2026-05-04 19:31:10.274730+05:30,92,5.96,SPEED_BELOW_10,2026-05-04 19:31:20.351307+05:30
1773,J2_BAMBALAPITIYA,2026-05-04 19:31:08.930116+05:30,118,8.00,SPEED_BELOW_10,2026-05-04 19:31:10.315008+05:30
1772,J3_TOWN_HALL,2026-05-04 19:30:56.193296+05:30,101,4.56,SPEED_BELOW_10,2026-05-04 19:31:00.288895+05:30
1771,J3_TOWN_HALL,2026-05-04 19:30:53.850041+05:30,121,2.04,SPEED_BELOW_10,2026-05-04 19:31:00.288895+05:30
1770,J2_BAMBALAPITIYA,2026-05-04 19:30:49.484474+05:30,101,8.02,SPEED_BELOW_10,2026-05-04 19:30:50.529345+05:30
1769,J2_BAMBALAPITIYA,2026-05-04 19:30:41.772617+05:30,97,7.53,SPEED_BELOW_10,2026-05-04 19:30:50.529345+05:30
1768,J3_TOWN_HALL,2026-05-04 19:30:41.432373+05:30,97,6.55,SPEED_BELOW_10,2026-05-04 19:30:50.205562+05:30
1765,J4_BORELLA,2026-05-04 19:30:38.411256+05:30,132,6.63,SPEED_BELOW_10,2026-05-04 19:30:40.493480+05:30
1764,J1_KOLLUPITIYA,2026-05-04 19:30:38.406258+05:30,101,9.42,SPEED_BELOW_10,2026-05-04 19:30:40.493480+05:30
1767,J3_TOWN_HALL,2026-05-04 19:30:37.747652+05:30,116,8.10,SPEED_BELOW_10,2026-05-04 19:30:40.509116+05:30
1766,J2_BAMBALAPITIYA,2026-05-04 19:30:37.066934+05:30,119,9.65,SPEED_BELOW_10,2026-05-04 19:30:40.505492+05:30
1763,J1_KOLLUPITIYA,2026-05-04 19:30:35.391344+05:30,149,4.47,SPEED_BELOW_10,2026-05-04 19:30:40.493480+05:30
1762,J1_KOLLUPITIYA,2026-05-04 19:30:33.044736+05:30,120,4.78,SPEED_BELOW_10,2026-05-04 19:30:40.493480+05:30
1759,J1_KOLLUPITIYA,2026-05-04 19:30:29.964911+05:30,120,7.22,SPEED_BELOW_10,2026-05-04 19:30:30.422342+05:30
1761,J2_BAMBALAPITIYA,2026-05-04 19:30:27.595277+05:30,143,7.47,SPEED_BELOW_10,2026-05-04 19:30:30.424403+05:30
1758,J4_BORELLA,2026-05-04 19:30:23.576856+05:30,107,4.77,SPEED_BELOW_10,2026-05-04 19:30:30.422342+05:30
1755,J3_TOWN_HALL,2026-05-04 19:30:23.060153+05:30,115,9.54,SPEED_BELOW_10,2026-05-04 19:30:30.412896+05:30
1760,J2_BAMBALAPITIYA,2026-05-04 19:30:22.053354+05:30,119,8.29,SPEED_BELOW_10,2026-05-04 19:30:30.424403+05:30
1757,J4_BORELLA,2026-05-04 19:30:21.048328+05:30,123,8.94,SPEED_BELOW_10,2026-05-04 19:30:30.422342+05:30
1756,J4_BORELLA,2026-05-04 19:30:20.546072+05:30,127,8.18,SPEED_BELOW_10,2026-05-04 19:30:30.422342+05:30
1754,J1_KOLLUPITIYA,2026-05-04 19:30:19.032906+05:30,136,2.35,SPEED_BELOW_10,2026-05-04 19:30:20.604066+05:30
1753,J4_BORELLA,2026-05-04 19:30:18.030823+05:30,134,2.31,SPEED_BELOW_10,2026-05-04 19:30:20.604066+05:30
1748,J3_TOWN_HALL,2026-05-04 19:30:17.527224+05:30,103,9.26,SPEED_BELOW_10,2026-05-04 19:30:20.601048+05:30
1747,J3_TOWN_HALL,2026-05-04 19:30:17.025895+05:30,94,7.39,SPEED_BELOW_10,2026-05-04 19:30:20.601048+05:30
1752,J1_KOLLUPITIYA,2026-05-04 19:30:16.517014+05:30,142,7.96,SPEED_BELOW_10,2026-05-04 19:30:20.604066+05:30
1746,J3_TOWN_HALL,2026-05-04 19:30:16.019153+05:30,122,2.40,SPEED_BELOW_10,2026-05-04 19:30:20.601048+05:30
1751,J1_KOLLUPITIYA,2026-05-04 19:30:14.736826+05:30,125,7.74,SPEED_BELOW_10,2026-05-04 19:30:20.604066+05:30
1745,J3_TOWN_HALL,2026-05-04 19:30:14.504206+05:30,133,9.79,SPEED_BELOW_10,2026-05-04 19:30:20.601048+05:30
1744,J3_TOWN_HALL,2026-05-04 19:30:13.494538+05:30,141,4.90,SPEED_BELOW_10,2026-05-04 19:30:20.601048+05:30
1750,J1_KOLLUPITIYA,2026-05-04 19:30:12.489234+05:30,137,6.35,SPEED_BELOW_10,2026-05-04 19:30:20.604066+05:30
1749,J4_BORELLA,2026-05-04 19:30:10.716833+05:30,91,5.23,SPEED_BELOW_10,2026-05-04 19:30:20.604066+05:30
1742,J4_BORELLA,2026-05-04 19:30:07.929693+05:30,95,5.53,SPEED_BELOW_10,2026-05-04 19:30:10.539107+05:30
1741,J4_BORELLA,2026-05-04 19:30:07.461651+05:30,135,9.28,SPEED_BELOW_10,2026-05-04 19:30:10.539107+05:30
1739,J3_TOWN_HALL,2026-05-04 19:30:06.845831+05:30,139,6.45,SPEED_BELOW_10,2026-05-04 19:30:10.540014+05:30
1737,J3_TOWN_HALL,2026-05-04 19:30:04.681875+05:30,139,4.43,SPEED_BELOW_10,2026-05-04 19:30:10.540014+05:30
1743,J2_BAMBALAPITIYA,2026-05-04 19:30:01.428547+05:30,131,5.60,SPEED_BELOW_10,2026-05-04 19:30:10.551825+05:30
1740,J1_KOLLUPITIYA,2026-05-04 19:30:00.815010+05:30,133,4.22,SPEED_BELOW_10,2026-05-04 19:30:10.539107+05:30
1738,J4_BORELLA,2026-05-04 19:30:00.420182+05:30,148,8.34,SPEED_BELOW_10,2026-05-04 19:30:10.539107+05:30
1734,J1_KOLLUPITIYA,2026-05-04 19:29:57.393377+05:30,123,6.06,SPEED_BELOW_10,2026-05-04 19:30:00.474015+05:30
1735,J3_TOWN_HALL,2026-05-04 19:29:55.794869+05:30,130,6.98,SPEED_BELOW_10,2026-05-04 19:30:00.481445+05:30
1736,J2_BAMBALAPITIYA,2026-05-04 19:29:55.609040+05:30,107,6.56,SPEED_BELOW_10,2026-05-04 19:30:00.483387+05:30
1732,J1_KOLLUPITIYA,2026-05-04 19:29:49.749107+05:30,93,2.05,SPEED_BELOW_10,2026-05-04 19:29:50.575822+05:30
1727,J2_BAMBALAPITIYA,2026-05-04 19:29:49.327422+05:30,149,8.81,SPEED_BELOW_10,2026-05-04 19:29:50.565947+05:30
1731,J1_KOLLUPITIYA,2026-05-04 19:29:49.325037+05:30,133,6.90,SPEED_BELOW_10,2026-05-04 19:29:50.575822+05:30
1730,J4_BORELLA,2026-05-04 19:29:46.428925+05:30,130,8.85,SPEED_BELOW_10,2026-05-04 19:29:50.575822+05:30
1729,J1_KOLLUPITIYA,2026-05-04 19:29:43.292671+05:30,99,3.85,SPEED_BELOW_10,2026-05-04 19:29:50.575822+05:30
1728,J4_BORELLA,2026-05-04 19:29:41.407494+05:30,98,6.60,SPEED_BELOW_10,2026-05-04 19:29:50.575822+05:30
1733,J3_TOWN_HALL,2026-05-04 19:29:41.405593+05:30,115,8.65,SPEED_BELOW_10,2026-05-04 19:29:50.646787+05:30
1724,J3_TOWN_HALL,2026-05-04 19:29:38.389022+05:30,121,5.52,SPEED_BELOW_10,2026-05-04 19:29:40.336863+05:30
1723,J1_KOLLUPITIYA,2026-05-04 19:29:37.262175+05:30,142,3.18,SPEED_BELOW_10,2026-05-04 19:29:40.332670+05:30
1722,J1_KOLLUPITIYA,2026-05-04 19:29:35.371465+05:30,111,7.55,SPEED_BELOW_10,2026-05-04 19:29:40.332670+05:30
1726,J2_BAMBALAPITIYA,2026-05-04 19:29:32.666485+05:30,104,6.72,SPEED_BELOW_10,2026-05-04 19:29:40.337408+05:30
1725,J2_BAMBALAPITIYA,2026-05-04 19:29:32.358748+05:30,95,2.75,SPEED_BELOW_10,2026-05-04 19:29:40.337408+05:30
1720,J3_TOWN_HALL,2026-05-04 19:29:29.343126+05:30,139,8.58,SPEED_BELOW_10,2026-05-04 19:29:30.287423+05:30
1719,J3_TOWN_HALL,2026-05-04 19:29:28.646250+05:30,111,3.92,SPEED_BELOW_10,2026-05-04 19:29:30.287423+05:30
1716,J4_BORELLA,2026-05-04 19:29:28.331656+05:30,110,8.06,SPEED_BELOW_10,2026-05-04 19:29:30.283758+05:30
1718,J3_TOWN_HALL,2026-05-04 19:29:28.330597+05:30,135,4.41,SPEED_BELOW_10,2026-05-04 19:29:30.287423+05:30
1721,J2_BAMBALAPITIYA,2026-05-04 19:29:27.632479+05:30,116,3.05,SPEED_BELOW_10,2026-05-04 19:29:30.289340+05:30
1715,J4_BORELLA,2026-05-04 19:29:26.627982+05:30,118,5.37,SPEED_BELOW_10,2026-05-04 19:29:30.283758+05:30
1717,J3_TOWN_HALL,2026-05-04 19:29:23.280326+05:30,143,5.16,SPEED_BELOW_10,2026-05-04 19:29:30.287423+05:30
1714,J1_KOLLUPITIYA,2026-05-04 19:29:19.256383+05:30,148,2.23,SPEED_BELOW_10,2026-05-04 19:29:20.307691+05:30
1713,J1_KOLLUPITIYA,2026-05-04 19:29:11.217756+05:30,148,9.53,SPEED_BELOW_10,2026-05-04 19:29:20.307691+05:30
1709,J3_TOWN_HALL,2026-05-04 19:29:07.986512+05:30,114,5.17,SPEED_BELOW_10,2026-05-04 19:29:10.254256+05:30
1712,J2_BAMBALAPITIYA,2026-05-04 19:29:06.529142+05:30,119,3.59,SPEED_BELOW_10,2026-05-04 19:29:10.259660+05:30
1711,J1_KOLLUPITIYA,2026-05-04 19:29:06.526032+05:30,90,6.98,SPEED_BELOW_10,2026-05-04 19:29:10.256036+05:30
1710,J1_KOLLUPITIYA,2026-05-04 19:29:04.962798+05:30,141,8.75,SPEED_BELOW_10,2026-05-04 19:29:10.256036+05:30
1708,J4_BORELLA,2026-05-04 19:28:56.461729+05:30,140,7.73,SPEED_BELOW_10,2026-05-04 19:29:00.203069+05:30
1707,J1_KOLLUPITIYA,2026-05-04 19:28:54.885561+05:30,108,3.41,SPEED_BELOW_10,2026-05-04 19:29:00.203069+05:30
1706,J4_BORELLA,2026-05-04 19:28:52.109667+05:30,146,7.77,SPEED_BELOW_10,2026-05-04 19:29:00.203069+05:30
1705,J1_KOLLUPITIYA,2026-05-04 19:28:48.400500+05:30,142,4.66,SPEED_BELOW_10,2026-05-04 19:28:50.481138+05:30
1704,J2_BAMBALAPITIYA,2026-05-04 19:28:47.851104+05:30,102,4.26,SPEED_BELOW_10,2026-05-04 19:28:50.476588+05:30
1702,J3_TOWN_HALL,2026-05-04 19:28:37.311625+05:30,91,7.07,SPEED_BELOW_10,2026-05-04 19:28:40.433021+05:30
1701,J3_TOWN_HALL,2026-05-04 19:28:36.007454+05:30,142,6.38,SPEED_BELOW_10,2026-05-04 19:28:40.433021+05:30
1703,J2_BAMBALAPITIYA,2026-05-04 19:28:32.188820+05:30,136,8.39,SPEED_BELOW_10,2026-05-04 19:28:40.438319+05:30
1700,J2_BAMBALAPITIYA,2026-05-04 19:28:28.167564+05:30,120,4.38,SPEED_BELOW_10,2026-05-04 19:28:30.240451+05:30
1699,J4_BORELLA,2026-05-04 19:28:27.948954+05:30,136,3.59,SPEED_BELOW_10,2026-05-04 19:28:30.231769+05:30
1698,J4_BORELLA,2026-05-04 19:28:26.942096+05:30,114,3.58,SPEED_BELOW_10,2026-05-04 19:28:30.231769+05:30
1696,J4_BORELLA,2026-05-04 19:28:12.068514+05:30,146,3.65,SPEED_BELOW_10,2026-05-04 19:28:20.680457+05:30
1695,J4_BORELLA,2026-05-04 19:28:11.784889+05:30,109,5.46,SPEED_BELOW_10,2026-05-04 19:28:20.680457+05:30
1697,J3_TOWN_HALL,2026-05-04 19:28:10.608813+05:30,145,3.37,SPEED_BELOW_10,2026-05-04 19:28:20.692029+05:30
1693,J2_BAMBALAPITIYA,2026-05-04 19:28:08.713259+05:30,90,4.11,SPEED_BELOW_10,2026-05-04 19:28:10.677022+05:30
1690,J4_BORELLA,2026-05-04 19:28:08.046172+05:30,103,3.38,SPEED_BELOW_10,2026-05-04 19:28:10.614122+05:30
1694,J3_TOWN_HALL,2026-05-04 19:28:07.036200+05:30,96,8.96,SPEED_BELOW_10,2026-05-04 19:28:10.681186+05:30
1692,J2_BAMBALAPITIYA,2026-05-04 19:28:06.165572+05:30,104,6.62,SPEED_BELOW_10,2026-05-04 19:28:10.677022+05:30
1691,J2_BAMBALAPITIYA,2026-05-04 19:28:04.138056+05:30,112,2.66,SPEED_BELOW_10,2026-05-04 19:28:10.677022+05:30
1689,J1_KOLLUPITIYA,2026-05-04 19:28:04.018237+05:30,146,8.91,SPEED_BELOW_10,2026-05-04 19:28:10.614122+05:30
1688,J4_BORELLA,2026-05-04 19:28:00.114844+05:30,106,4.10,SPEED_BELOW_10,2026-05-04 19:28:10.614122+05:30
1685,J1_KOLLUPITIYA,2026-05-04 19:27:59.106667+05:30,102,6.28,SPEED_BELOW_10,2026-05-04 19:28:00.676467+05:30
1684,J4_BORELLA,2026-05-04 19:27:56.982715+05:30,99,6.98,SPEED_BELOW_10,2026-05-04 19:28:00.676467+05:30
1683,J4_BORELLA,2026-05-04 19:27:52.963799+05:30,104,6.20,SPEED_BELOW_10,2026-05-04 19:28:00.676467+05:30
1686,J2_BAMBALAPITIYA,2026-05-04 19:27:51.058136+05:30,118,8.45,SPEED_BELOW_10,2026-05-04 19:28:00.704480+05:30
1687,J3_TOWN_HALL,2026-05-04 19:27:50.953746+05:30,124,8.69,SPEED_BELOW_10,2026-05-04 19:28:00.711124+05:30
1682,J4_BORELLA,2026-05-04 19:27:50.051661+05:30,109,6.12,SPEED_BELOW_10,2026-05-04 19:28:00.676467+05:30
1677,J2_BAMBALAPITIYA,2026-05-04 19:27:48.940138+05:30,134,5.84,SPEED_BELOW_10,2026-05-04 19:27:50.678934+05:30
1681,J3_TOWN_HALL,2026-05-04 19:27:47.024392+05:30,148,6.34,SPEED_BELOW_10,2026-05-04 19:27:50.687140+05:30
1680,J4_BORELLA,2026-05-04 19:27:46.021293+05:30,128,7.67,SPEED_BELOW_10,2026-05-04 19:27:50.687239+05:30
1679,J3_TOWN_HALL,2026-05-04 19:27:45.565336+05:30,148,8.73,SPEED_BELOW_10,2026-05-04 19:27:50.687140+05:30
1676,J2_BAMBALAPITIYA,2026-05-04 19:27:44.921004+05:30,99,6.65,SPEED_BELOW_10,2026-05-04 19:27:50.678934+05:30
1678,J1_KOLLUPITIYA,2026-05-04 19:27:40.992659+05:30,144,7.80,SPEED_BELOW_10,2026-05-04 19:27:50.687239+05:30
1668,J1_KOLLUPITIYA,2026-05-04 19:27:39.893483+05:30,130,4.41,SPEED_BELOW_10,2026-05-04 19:27:40.622057+05:30
1670,J2_BAMBALAPITIYA,2026-05-04 19:27:38.885389+05:30,102,9.61,SPEED_BELOW_10,2026-05-04 19:27:40.629684+05:30
1667,J4_BORELLA,2026-05-04 19:27:38.520597+05:30,96,7.11,SPEED_BELOW_10,2026-05-04 19:27:40.622057+05:30
1675,J3_TOWN_HALL,2026-05-04 19:27:37.975496+05:30,116,3.54,SPEED_BELOW_10,2026-05-04 19:27:40.638813+05:30
1674,J3_TOWN_HALL,2026-05-04 19:27:36.966545+05:30,150,3.10,SPEED_BELOW_10,2026-05-04 19:27:40.638813+05:30
1669,J2_BAMBALAPITIYA,2026-05-04 19:27:36.410188+05:30,104,8.92,SPEED_BELOW_10,2026-05-04 19:27:40.629684+05:30
1673,J3_TOWN_HALL,2026-05-04 19:27:35.951858+05:30,114,3.25,SPEED_BELOW_10,2026-05-04 19:27:40.638813+05:30
1666,J4_BORELLA,2026-05-04 19:27:35.399824+05:30,137,2.10,SPEED_BELOW_10,2026-05-04 19:27:40.622057+05:30
1672,J3_TOWN_HALL,2026-05-04 19:27:34.381234+05:30,91,6.42,SPEED_BELOW_10,2026-05-04 19:27:40.638813+05:30
1671,J3_TOWN_HALL,2026-05-04 19:27:33.935459+05:30,115,6.72,SPEED_BELOW_10,2026-05-04 19:27:40.638813+05:30
1665,J3_TOWN_HALL,2026-05-04 19:27:29.283933+05:30,102,7.70,SPEED_BELOW_10,2026-05-04 19:27:30.963946+05:30
1662,J2_BAMBALAPITIYA,2026-05-04 19:27:28.801430+05:30,96,5.44,SPEED_BELOW_10,2026-05-04 19:27:30.851553+05:30
1661,J1_KOLLUPITIYA,2026-05-04 19:27:26.681543+05:30,146,5.99,SPEED_BELOW_10,2026-05-04 19:27:30.817241+05:30
1664,J3_TOWN_HALL,2026-05-04 19:27:26.243044+05:30,97,8.79,SPEED_BELOW_10,2026-05-04 19:27:30.963946+05:30
1663,J3_TOWN_HALL,2026-05-04 19:27:23.760327+05:30,116,5.65,SPEED_BELOW_10,2026-05-04 19:27:30.963946+05:30
1659,J2_BAMBALAPITIYA,2026-05-04 17:31:24.331579+05:30,92,5.22,SPEED_BELOW_10,2026-05-04 19:27:20.272370+05:30
1660,J1_KOLLUPITIYA,2026-05-04 17:31:20.768709+05:30,95,9.51,SPEED_BELOW_10,2026-05-04 19:27:20.286918+05:30
1657,J1_KOLLUPITIYA,2026-05-04 17:31:17.929821+05:30,141,8.38,SPEED_BELOW_10,2026-05-04 17:31:20.361772+05:30
1656,J4_BORELLA,2026-05-04 17:31:16.924159+05:30,111,7.65,SPEED_BELOW_10,2026-05-04 17:31:20.361772+05:30
1658,J2_BAMBALAPITIYA,2026-05-04 17:31:13.720386+05:30,146,9.73,SPEED_BELOW_10,2026-05-04 17:31:20.361677+05:30
1655,J2_BAMBALAPITIYA,2026-05-04 17:31:11.706520+05:30,136,8.29,SPEED_BELOW_10,2026-05-04 17:31:20.361677+05:30
1654,J4_BORELLA,2026-05-04 17:31:10.701175+05:30,132,7.10,SPEED_BELOW_10,2026-05-04 17:31:20.361772+05:30
1653,J3_TOWN_HALL,2026-05-04 17:31:10.235372+05:30,144,3.35,SPEED_BELOW_10,2026-05-04 17:31:20.313350+05:30
1652,J2_BAMBALAPITIYA,2026-05-04 17:31:06.211933+05:30,96,2.42,SPEED_BELOW_10,2026-05-04 17:31:10.282017+05:30
1649,J2_BAMBALAPITIYA,2026-05-04 17:30:59.800823+05:30,130,9.26,SPEED_BELOW_10,2026-05-04 17:31:00.220438+05:30
1648,J4_BORELLA,2026-05-04 17:30:57.789542+05:30,143,2.18,SPEED_BELOW_10,2026-05-04 17:31:00.214853+05:30
1647,J4_BORELLA,2026-05-04 17:30:54.599853+05:30,150,4.03,SPEED_BELOW_10,2026-05-04 17:31:00.214853+05:30
1651,J3_TOWN_HALL,2026-05-04 17:30:54.597676+05:30,139,9.37,SPEED_BELOW_10,2026-05-04 17:31:00.220760+05:30
1650,J3_TOWN_HALL,2026-05-04 17:30:53.124954+05:30,107,4.30,SPEED_BELOW_10,2026-05-04 17:31:00.220760+05:30
1646,J1_KOLLUPITIYA,2026-05-04 17:30:51.741405+05:30,123,8.63,SPEED_BELOW_10,2026-05-04 17:31:00.214853+05:30
1643,J3_TOWN_HALL,2026-05-04 17:30:49.553587+05:30,126,3.43,SPEED_BELOW_10,2026-05-04 17:30:50.608622+05:30
1642,J3_TOWN_HALL,2026-05-04 17:30:47.535798+05:30,145,5.54,SPEED_BELOW_10,2026-05-04 17:30:50.608622+05:30
1638,J1_KOLLUPITIYA,2026-05-04 17:30:47.079771+05:30,145,5.79,SPEED_BELOW_10,2026-05-04 17:30:50.601738+05:30
1641,J3_TOWN_HALL,2026-05-04 17:30:43.680171+05:30,124,5.93,SPEED_BELOW_10,2026-05-04 17:30:50.608622+05:30
1639,J3_TOWN_HALL,2026-05-04 17:30:43.500997+05:30,112,7.43,SPEED_BELOW_10,2026-05-04 17:30:50.608622+05:30
1645,J2_BAMBALAPITIYA,2026-05-04 17:30:43.044652+05:30,130,9.79,SPEED_BELOW_10,2026-05-04 17:30:50.608933+05:30
1644,J2_BAMBALAPITIYA,2026-05-04 17:30:42.490821+05:30,112,8.55,SPEED_BELOW_10,2026-05-04 17:30:50.608933+05:30
1640,J2_BAMBALAPITIYA,2026-05-04 17:30:41.484520+05:30,146,3.37,SPEED_BELOW_10,2026-05-04 17:30:50.608933+05:30
1637,J4_BORELLA,2026-05-04 17:30:39.469102+05:30,100,8.46,SPEED_BELOW_10,2026-05-04 17:30:40.520662+05:30
1636,J1_KOLLUPITIYA,2026-05-04 17:30:37.449070+05:30,95,6.09,SPEED_BELOW_10,2026-05-04 17:30:40.520662+05:30
1635,J1_KOLLUPITIYA,2026-05-04 17:30:34.985415+05:30,101,3.95,SPEED_BELOW_10,2026-05-04 17:30:40.520662+05:30
1634,J1_KOLLUPITIYA,2026-05-04 17:30:33.600284+05:30,136,7.78,SPEED_BELOW_10,2026-05-04 17:30:40.520662+05:30
1633,J1_KOLLUPITIYA,2026-05-04 17:30:33.419287+05:30,111,8.99,SPEED_BELOW_10,2026-05-04 17:30:40.520662+05:30
1631,J3_TOWN_HALL,2026-05-04 17:30:32.596141+05:30,140,3.94,SPEED_BELOW_10,2026-05-04 17:30:40.516944+05:30
1632,J1_KOLLUPITIYA,2026-05-04 17:30:32.593598+05:30,96,6.18,SPEED_BELOW_10,2026-05-04 17:30:40.520662+05:30
1630,J3_TOWN_HALL,2026-05-04 17:30:31.586548+05:30,120,9.26,SPEED_BELOW_10,2026-05-04 17:30:40.516944+05:30
1627,J3_TOWN_HALL,2026-05-04 17:30:28.561535+05:30,100,8.99,SPEED_BELOW_10,2026-05-04 17:30:30.439911+05:30
1625,J2_BAMBALAPITIYA,2026-05-04 17:30:26.546077+05:30,108,5.47,SPEED_BELOW_10,2026-05-04 17:30:30.406935+05:30
1629,J1_KOLLUPITIYA,2026-05-04 17:30:25.919542+05:30,140,3.08,SPEED_BELOW_10,2026-05-04 17:30:30.443395+05:30
1624,J2_BAMBALAPITIYA,2026-05-04 17:30:23.907782+05:30,147,8.42,SPEED_BELOW_10,2026-05-04 17:30:30.406935+05:30
1626,J3_TOWN_HALL,2026-05-04 17:30:23.520487+05:30,116,6.91,SPEED_BELOW_10,2026-05-04 17:30:30.439911+05:30
1628,J4_BORELLA,2026-05-04 17:30:21.335129+05:30,99,4.85,SPEED_BELOW_10,2026-05-04 17:30:30.443395+05:30
1623,J2_BAMBALAPITIYA,2026-05-04 17:30:20.314185+05:30,119,2.19,SPEED_BELOW_10,2026-05-04 17:30:30.406935+05:30
1621,J4_BORELLA,2026-05-04 17:30:16.856979+05:30,103,9.48,SPEED_BELOW_10,2026-05-04 17:30:20.365237+05:30
1622,J2_BAMBALAPITIYA,2026-05-04 17:30:12.461570+05:30,131,9.39,SPEED_BELOW_10,2026-05-04 17:30:20.369848+05:30
1616,J4_BORELLA,2026-05-04 17:30:09.445286+05:30,102,2.85,SPEED_BELOW_10,2026-05-04 17:30:10.308991+05:30
1619,J2_BAMBALAPITIYA,2026-05-04 17:30:06.784593+05:30,91,4.80,SPEED_BELOW_10,2026-05-04 17:30:10.309426+05:30
1618,J2_BAMBALAPITIYA,2026-05-04 17:30:06.227874+05:30,138,3.90,SPEED_BELOW_10,2026-05-04 17:30:10.309426+05:30
1617,J2_BAMBALAPITIYA,2026-05-04 17:30:03.203010+05:30,149,8.34,SPEED_BELOW_10,2026-05-04 17:30:10.309426+05:30
1620,J3_TOWN_HALL,2026-05-04 17:30:02.394055+05:30,139,2.58,SPEED_BELOW_10,2026-05-04 17:30:10.318160+05:30
1615,J1_KOLLUPITIYA,2026-05-04 17:30:00.739313+05:30,137,9.70,SPEED_BELOW_10,2026-05-04 17:30:10.308991+05:30
1614,J4_BORELLA,2026-05-04 17:29:52.133742+05:30,95,2.16,SPEED_BELOW_10,2026-05-04 17:30:00.233996+05:30
1613,J3_TOWN_HALL,2026-05-04 17:29:49.661848+05:30,127,7.16,SPEED_BELOW_10,2026-05-04 17:29:50.366535+05:30
1609,J1_KOLLUPITIYA,2026-05-04 17:29:49.657065+05:30,131,2.66,SPEED_BELOW_10,2026-05-04 17:29:50.362359+05:30
1605,J2_BAMBALAPITIYA,2026-05-04 17:29:47.644708+05:30,99,6.97,SPEED_BELOW_10,2026-05-04 17:29:50.326526+05:30
1608,J4_BORELLA,2026-05-04 17:29:47.292459+05:30,127,3.35,SPEED_BELOW_10,2026-05-04 17:29:50.362359+05:30
1612,J3_TOWN_HALL,2026-05-04 17:29:46.640188+05:30,146,9.20,SPEED_BELOW_10,2026-05-04 17:29:50.366535+05:30
1604,J2_BAMBALAPITIYA,2026-05-04 17:29:46.282738+05:30,133,4.05,SPEED_BELOW_10,2026-05-04 17:29:50.326526+05:30
1611,J3_TOWN_HALL,2026-05-04 17:29:46.097593+05:30,107,6.65,SPEED_BELOW_10,2026-05-04 17:29:50.366535+05:30
1607,J1_KOLLUPITIYA,2026-05-04 17:29:44.622773+05:30,107,9.41,SPEED_BELOW_10,2026-05-04 17:29:50.362359+05:30
1606,J4_BORELLA,2026-05-04 17:29:43.616203+05:30,148,2.67,SPEED_BELOW_10,2026-05-04 17:29:50.362359+05:30
1610,J3_TOWN_HALL,2026-05-04 17:29:41.250703+05:30,112,5.11,SPEED_BELOW_10,2026-05-04 17:29:50.366535+05:30
1603,J2_BAMBALAPITIYA,2026-05-04 17:29:40.240326+05:30,94,7.48,SPEED_BELOW_10,2026-05-04 17:29:50.326526+05:30
1602,J3_TOWN_HALL,2026-05-04 17:29:39.230529+05:30,143,3.24,SPEED_BELOW_10,2026-05-04 17:29:40.293187+05:30
1598,J4_BORELLA,2026-05-04 17:29:38.040224+05:30,115,4.66,SPEED_BELOW_10,2026-05-04 17:29:40.291292+05:30
1601,J3_TOWN_HALL,2026-05-04 17:29:36.024590+05:30,103,4.83,SPEED_BELOW_10,2026-05-04 17:29:40.293187+05:30
1597,J1_KOLLUPITIYA,2026-05-04 17:29:34.554905+05:30,127,5.61,SPEED_BELOW_10,2026-05-04 17:29:40.291292+05:30
1600,J2_BAMBALAPITIYA,2026-05-04 17:29:32.996710+05:30,144,3.43,SPEED_BELOW_10,2026-05-04 17:29:40.292246+05:30
1599,J2_BAMBALAPITIYA,2026-05-04 17:29:32.177796+05:30,138,5.32,SPEED_BELOW_10,2026-05-04 17:29:40.292246+05:30
1593,J1_KOLLUPITIYA,2026-05-04 17:29:29.967745+05:30,106,2.52,SPEED_BELOW_10,2026-05-04 17:29:30.215324+05:30
1595,J2_BAMBALAPITIYA,2026-05-04 17:29:28.510116+05:30,94,7.44,SPEED_BELOW_10,2026-05-04 17:29:30.216757+05:30
1596,J3_TOWN_HALL,2026-05-04 17:29:28.151959+05:30,145,5.35,SPEED_BELOW_10,2026-05-04 17:29:30.221416+05:30
1592,J4_BORELLA,2026-05-04 17:29:27.953416+05:30,111,6.72,SPEED_BELOW_10,2026-05-04 17:29:30.215324+05:30
1591,J1_KOLLUPITIYA,2026-05-04 17:29:27.141613+05:30,107,2.89,SPEED_BELOW_10,2026-05-04 17:29:30.215324+05:30
1590,J4_BORELLA,2026-05-04 17:29:24.487184+05:30,94,6.06,SPEED_BELOW_10,2026-05-04 17:29:30.215324+05:30
1594,J2_BAMBALAPITIYA,2026-05-04 17:29:21.102348+05:30,125,8.18,SPEED_BELOW_10,2026-05-04 17:29:30.216757+05:30
1589,J3_TOWN_HALL,2026-05-04 17:29:18.084700+05:30,143,6.37,SPEED_BELOW_10,2026-05-04 17:29:20.500401+05:30
1588,J3_TOWN_HALL,2026-05-04 17:29:13.046699+05:30,110,7.48,SPEED_BELOW_10,2026-05-04 17:29:20.500401+05:30
1587,J3_TOWN_HALL,2026-05-04 17:29:12.837773+05:30,112,5.95,SPEED_BELOW_10,2026-05-04 17:29:20.500401+05:30
1586,J4_BORELLA,2026-05-04 17:29:12.394721+05:30,138,6.58,SPEED_BELOW_10,2026-05-04 17:29:20.467873+05:30
1585,J4_BORELLA,2026-05-04 17:29:11.389401+05:30,131,2.40,SPEED_BELOW_10,2026-05-04 17:29:20.467873+05:30
1584,J4_BORELLA,2026-05-04 17:29:10.026928+05:30,127,2.27,SPEED_BELOW_10,2026-05-04 17:29:20.467873+05:30
1580,J2_BAMBALAPITIYA,2026-05-04 17:29:08.352345+05:30,132,2.66,SPEED_BELOW_10,2026-05-04 17:29:10.441546+05:30
1582,J1_KOLLUPITIYA,2026-05-04 17:29:08.342607+05:30,101,2.04,SPEED_BELOW_10,2026-05-04 17:29:10.452220+05:30
1583,J3_TOWN_HALL,2026-05-04 17:29:07.338644+05:30,150,4.39,SPEED_BELOW_10,2026-05-04 17:29:10.460301+05:30
1581,J1_KOLLUPITIYA,2026-05-04 17:29:07.005323+05:30,138,8.13,SPEED_BELOW_10,2026-05-04 17:29:10.452220+05:30
1578,J4_BORELLA,2026-05-04 17:28:59.955303+05:30,98,7.00,SPEED_BELOW_10,2026-05-04 17:29:00.342760+05:30
1577,J4_BORELLA,2026-05-04 17:28:59.754657+05:30,125,2.02,SPEED_BELOW_10,2026-05-04 17:29:00.342760+05:30
1579,J3_TOWN_HALL,2026-05-04 17:28:56.934878+05:30,102,5.82,SPEED_BELOW_10,2026-05-04 17:29:00.346909+05:30
1576,J1_KOLLUPITIYA,2026-05-04 17:28:55.722537+05:30,112,2.48,SPEED_BELOW_10,2026-05-04 17:29:00.342760+05:30
1572,J2_BAMBALAPITIYA,2026-05-04 17:28:49.878425+05:30,131,5.15,SPEED_BELOW_10,2026-05-04 17:28:50.271295+05:30
1575,J3_TOWN_HALL,2026-05-04 17:28:46.184053+05:30,115,9.15,SPEED_BELOW_10,2026-05-04 17:28:50.274615+05:30
1571,J2_BAMBALAPITIYA,2026-05-04 17:28:46.181674+05:30,150,9.16,SPEED_BELOW_10,2026-05-04 17:28:50.271295+05:30
1570,J4_BORELLA,2026-05-04 17:28:45.853489+05:30,148,4.45,SPEED_BELOW_10,2026-05-04 17:28:50.266662+05:30
1574,J3_TOWN_HALL,2026-05-04 17:28:45.654316+05:30,123,7.79,SPEED_BELOW_10,2026-05-04 17:28:50.274615+05:30
1569,J4_BORELLA,2026-05-04 17:28:44.647559+05:30,140,2.46,SPEED_BELOW_10,2026-05-04 17:28:50.266662+05:30
1573,J3_TOWN_HALL,2026-05-04 17:28:40.617133+05:30,135,7.14,SPEED_BELOW_10,2026-05-04 17:28:50.274615+05:30
1568,J4_BORELLA,2026-05-04 17:28:39.817188+05:30,148,7.59,SPEED_BELOW_10,2026-05-04 17:28:40.213182+05:30
1566,J3_TOWN_HALL,2026-05-04 17:28:37.116161+05:30,130,9.61,SPEED_BELOW_10,2026-05-04 17:28:40.215679+05:30
1565,J2_BAMBALAPITIYA,2026-05-04 17:28:36.592984+05:30,131,2.87,SPEED_BELOW_10,2026-05-04 17:28:40.201133+05:30
1567,J1_KOLLUPITIYA,2026-05-04 17:28:35.784549+05:30,131,9.52,SPEED_BELOW_10,2026-05-04 17:28:40.213182+05:30
1564,J2_BAMBALAPITIYA,2026-05-04 17:28:32.566216+05:30,127,7.82,SPEED_BELOW_10,2026-05-04 17:28:40.201133+05:30
1563,J3_TOWN_HALL,2026-05-04 17:28:29.539933+05:30,132,3.96,SPEED_BELOW_10,2026-05-04 17:28:30.594836+05:30
1561,J4_BORELLA,2026-05-04 17:28:27.746318+05:30,117,7.73,SPEED_BELOW_10,2026-05-04 17:28:30.560716+05:30
1560,J1_KOLLUPITIYA,2026-05-04 17:28:23.708344+05:30,138,3.52,SPEED_BELOW_10,2026-05-04 17:28:30.560716+05:30
1559,J1_KOLLUPITIYA,2026-05-04 17:28:23.498463+05:30,138,2.68,SPEED_BELOW_10,2026-05-04 17:28:30.560716+05:30
1562,J3_TOWN_HALL,2026-05-04 17:28:22.492392+05:30,100,4.72,SPEED_BELOW_10,2026-05-04 17:28:30.594836+05:30
1558,J1_KOLLUPITIYA,2026-05-04 17:28:22.487675+05:30,121,9.71,SPEED_BELOW_10,2026-05-04 17:28:30.560716+05:30
1557,J1_KOLLUPITIYA,2026-05-04 17:28:20.464420+05:30,92,9.53,SPEED_BELOW_10,2026-05-04 17:28:30.560716+05:30
1556,J1_KOLLUPITIYA,2026-05-04 17:28:17.985912+05:30,126,3.45,SPEED_BELOW_10,2026-05-04 17:28:20.534668+05:30
1554,J4_BORELLA,2026-05-04 17:28:13.630638+05:30,100,5.55,SPEED_BELOW_10,2026-05-04 17:28:20.534668+05:30
1555,J2_BAMBALAPITIYA,2026-05-04 17:28:12.934924+05:30,133,5.72,SPEED_BELOW_10,2026-05-04 17:28:20.535048+05:30
1553,J1_KOLLUPITIYA,2026-05-04 17:28:09.920975+05:30,147,4.59,SPEED_BELOW_10,2026-05-04 17:28:10.446710+05:30
1552,J1_KOLLUPITIYA,2026-05-04 17:28:03.554488+05:30,142,5.62,SPEED_BELOW_10,2026-05-04 17:28:10.446710+05:30
1549,J2_BAMBALAPITIYA,2026-05-04 17:28:01.307148+05:30,150,7.47,SPEED_BELOW_10,2026-05-04 17:28:10.442584+05:30
1551,J1_KOLLUPITIYA,2026-05-04 17:28:01.304749+05:30,108,3.51,SPEED_BELOW_10,2026-05-04 17:28:10.446710+05:30
1550,J1_KOLLUPITIYA,2026-05-04 17:28:00.529930+05:30,100,7.25,SPEED_BELOW_10,2026-05-04 17:28:10.446710+05:30
1548,J3_TOWN_HALL,2026-05-04 17:27:59.288343+05:30,94,5.76,SPEED_BELOW_10,2026-05-04 17:28:00.363351+05:30
1547,J3_TOWN_HALL,2026-05-04 17:27:58.277263+05:30,120,5.60,SPEED_BELOW_10,2026-05-04 17:28:00.363351+05:30
1543,J2_BAMBALAPITIYA,2026-05-04 17:27:57.509012+05:30,141,9.17,SPEED_BELOW_10,2026-05-04 17:28:00.360522+05:30
1542,J2_BAMBALAPITIYA,2026-05-04 17:27:56.843400+05:30,147,9.87,SPEED_BELOW_10,2026-05-04 17:28:00.360522+05:30
1541,J1_KOLLUPITIYA,2026-05-04 17:27:56.499276+05:30,137,5.82,SPEED_BELOW_10,2026-05-04 17:28:00.360532+05:30
1546,J3_TOWN_HALL,2026-05-04 17:27:54.490253+05:30,98,3.66,SPEED_BELOW_10,2026-05-04 17:28:00.363351+05:30
1545,J3_TOWN_HALL,2026-05-04 17:27:54.233791+05:30,148,2.55,SPEED_BELOW_10,2026-05-04 17:28:00.363351+05:30
1544,J3_TOWN_HALL,2026-05-04 17:27:51.811566+05:30,94,3.27,SPEED_BELOW_10,2026-05-04 17:28:00.363351+05:30
1540,J3_TOWN_HALL,2026-05-04 17:27:49.454042+05:30,110,7.79,SPEED_BELOW_10,2026-05-04 17:27:50.250427+05:30
1539,J3_TOWN_HALL,2026-05-04 17:27:46.778592+05:30,117,6.00,SPEED_BELOW_10,2026-05-04 17:27:50.250427+05:30
1538,J4_BORELLA,2026-05-04 17:27:40.134939+05:30,150,6.86,SPEED_BELOW_10,2026-05-04 17:27:50.219606+05:30
1537,J4_BORELLA,2026-05-04 17:27:39.729106+05:30,109,5.44,SPEED_BELOW_10,2026-05-04 17:27:40.447337+05:30
1536,J4_BORELLA,2026-05-04 17:27:34.696985+05:30,131,3.42,SPEED_BELOW_10,2026-05-04 17:27:40.447337+05:30
1534,J3_TOWN_HALL,2026-05-04 17:27:29.659001+05:30,149,8.98,SPEED_BELOW_10,2026-05-04 17:27:30.405402+05:30
1535,J2_BAMBALAPITIYA,2026-05-04 17:27:27.643757+05:30,99,4.47,SPEED_BELOW_10,2026-05-04 17:27:30.405448+05:30
1533,J3_TOWN_HALL,2026-05-04 17:27:25.021765+05:30,133,6.85,SPEED_BELOW_10,2026-05-04 17:27:30.405402+05:30
1530,J4_BORELLA,2026-05-04 17:27:24.288738+05:30,142,7.02,SPEED_BELOW_10,2026-05-04 17:27:30.395753+05:30
1532,J2_BAMBALAPITIYA,2026-05-04 17:27:23.001505+05:30,138,3.36,SPEED_BELOW_10,2026-05-04 17:27:30.405448+05:30
1531,J3_TOWN_HALL,2026-05-04 17:27:20.983080+05:30,135,8.51,SPEED_BELOW_10,2026-05-04 17:27:30.405402+05:30
1529,J4_BORELLA,2026-05-04 17:27:18.580733+05:30,131,8.20,SPEED_BELOW_10,2026-05-04 17:27:20.277482+05:30
1528,J4_BORELLA,2026-05-04 17:27:10.905029+05:30,121,6.65,SPEED_BELOW_10,2026-05-04 17:27:20.277482+05:30
1527,J1_KOLLUPITIYA,2026-05-04 17:27:10.200084+05:30,132,8.12,SPEED_BELOW_10,2026-05-04 17:27:20.277482+05:30
1525,J3_TOWN_HALL,2026-05-04 17:27:07.175888+05:30,92,4.47,SPEED_BELOW_10,2026-05-04 17:27:10.237051+05:30
1526,J1_KOLLUPITIYA,2026-05-04 17:27:06.488805+05:30,115,6.55,SPEED_BELOW_10,2026-05-04 17:27:10.237051+05:30
1524,J1_KOLLUPITIYA,2026-05-04 17:27:05.866671+05:30,138,2.85,SPEED_BELOW_10,2026-05-04 17:27:10.237051+05:30
1523,J3_TOWN_HALL,2026-05-04 17:27:03.475974+05:30,134,4.27,SPEED_BELOW_10,2026-05-04 17:27:10.237051+05:30
1521,J3_TOWN_HALL,2026-05-04 17:26:58.815553+05:30,127,8.27,SPEED_BELOW_10,2026-05-04 17:27:00.494825+05:30
1522,J1_KOLLUPITIYA,2026-05-04 17:26:54.066488+05:30,95,9.38,SPEED_BELOW_10,2026-05-04 17:27:00.499218+05:30
1520,J1_KOLLUPITIYA,2026-05-04 17:26:49.740215+05:30,117,9.11,SPEED_BELOW_10,2026-05-04 17:26:50.424108+05:30
1519,J4_BORELLA,2026-05-04 17:26:46.360742+05:30,91,4.10,SPEED_BELOW_10,2026-05-04 17:26:50.424108+05:30
1517,J2_BAMBALAPITIYA,2026-05-04 17:26:46.022220+05:30,97,5.91,SPEED_BELOW_10,2026-05-04 17:26:50.419869+05:30
1518,J1_KOLLUPITIYA,2026-05-04 17:26:44.715392+05:30,147,5.74,SPEED_BELOW_10,2026-05-04 17:26:50.424108+05:30
1515,J4_BORELLA,2026-05-04 17:26:36.663464+05:30,97,5.15,SPEED_BELOW_10,2026-05-04 17:26:40.461565+05:30
1516,J3_TOWN_HALL,2026-05-04 17:26:34.261914+05:30,119,2.22,SPEED_BELOW_10,2026-05-04 17:26:40.493100+05:30
1513,J2_BAMBALAPITIYA,2026-05-04 17:26:32.631427+05:30,143,5.43,SPEED_BELOW_10,2026-05-04 17:26:40.409400+05:30
1514,J4_BORELLA,2026-05-04 17:26:31.624732+05:30,105,4.27,SPEED_BELOW_10,2026-05-04 17:26:40.461565+05:30
1512,J1_KOLLUPITIYA,2026-05-04 17:26:25.882004+05:30,94,9.38,SPEED_BELOW_10,2026-05-04 17:26:30.276120+05:30
1511,J4_BORELLA,2026-05-04 17:26:21.852655+05:30,99,2.68,SPEED_BELOW_10,2026-05-04 17:26:30.276120+05:30
1510,J4_BORELLA,2026-05-04 17:26:21.166457+05:30,106,6.82,SPEED_BELOW_10,2026-05-04 17:26:30.276120+05:30
1505,J3_TOWN_HALL,2026-05-04 17:26:14.796478+05:30,97,5.35,SPEED_BELOW_10,2026-05-04 17:26:20.203939+05:30
1508,J1_KOLLUPITIYA,2026-05-04 17:26:14.792264+05:30,118,8.38,SPEED_BELOW_10,2026-05-04 17:26:20.209167+05:30
1507,J4_BORELLA,2026-05-04 17:26:14.122019+05:30,105,7.65,SPEED_BELOW_10,2026-05-04 17:26:20.209167+05:30
1506,J1_KOLLUPITIYA,2026-05-04 17:26:14.114532+05:30,124,9.05,SPEED_BELOW_10,2026-05-04 17:26:20.209167+05:30
1509,J2_BAMBALAPITIYA,2026-05-04 17:26:12.499262+05:30,98,6.63,SPEED_BELOW_10,2026-05-04 17:26:20.212419+05:30
1502,J1_KOLLUPITIYA,2026-05-04 17:26:09.752694+05:30,130,3.28,SPEED_BELOW_10,2026-05-04 17:26:10.524196+05:30
1501,J4_BORELLA,2026-05-04 17:26:06.735597+05:30,117,5.95,SPEED_BELOW_10,2026-05-04 17:26:10.524196+05:30
1500,J4_BORELLA,2026-05-04 17:26:05.729783+05:30,134,2.15,SPEED_BELOW_10,2026-05-04 17:26:10.524196+05:30
1499,J4_BORELLA,2026-05-04 17:26:04.725726+05:30,95,8.23,SPEED_BELOW_10,2026-05-04 17:26:10.524196+05:30
1504,J2_BAMBALAPITIYA,2026-05-04 17:26:04.721575+05:30,131,2.89,SPEED_BELOW_10,2026-05-04 17:26:10.527833+05:30
1498,J4_BORELLA,2026-05-04 17:26:02.710847+05:30,149,5.94,SPEED_BELOW_10,2026-05-04 17:26:10.524196+05:30
1503,J3_TOWN_HALL,2026-05-04 17:26:01.024713+05:30,125,9.11,SPEED_BELOW_10,2026-05-04 17:26:10.525232+05:30
1497,J4_BORELLA,2026-05-04 17:26:00.694224+05:30,142,8.66,SPEED_BELOW_10,2026-05-04 17:26:10.524196+05:30
1495,J4_BORELLA,2026-05-04 17:25:58.398976+05:30,99,2.36,SPEED_BELOW_10,2026-05-04 17:26:00.478194+05:30
1494,J1_KOLLUPITIYA,2026-05-04 17:25:55.982191+05:30,139,6.98,SPEED_BELOW_10,2026-05-04 17:26:00.478194+05:30
1493,J4_BORELLA,2026-05-04 17:25:55.379201+05:30,97,7.57,SPEED_BELOW_10,2026-05-04 17:26:00.478194+05:30
1496,J2_BAMBALAPITIYA,2026-05-04 17:25:52.961269+05:30,134,5.71,SPEED_BELOW_10,2026-05-04 17:26:00.479691+05:30
1492,J3_TOWN_HALL,2026-05-04 17:25:50.943978+05:30,132,5.33,SPEED_BELOW_10,2026-05-04 17:26:00.475225+05:30
1491,J2_BAMBALAPITIYA,2026-05-04 17:25:48.605160+05:30,116,3.42,SPEED_BELOW_10,2026-05-04 17:25:50.407075+05:30
1490,J4_BORELLA,2026-05-04 17:25:44.907628+05:30,105,2.41,SPEED_BELOW_10,2026-05-04 17:25:50.404165+05:30
1489,J1_KOLLUPITIYA,2026-05-04 17:25:42.891032+05:30,103,7.39,SPEED_BELOW_10,2026-05-04 17:25:50.404165+05:30
1488,J4_BORELLA,2026-05-04 17:25:39.556498+05:30,123,8.74,SPEED_BELOW_10,2026-05-04 17:25:40.339703+05:30
1487,J1_KOLLUPITIYA,2026-05-04 17:25:37.852654+05:30,91,7.06,SPEED_BELOW_10,2026-05-04 17:25:40.339703+05:30
1486,J4_BORELLA,2026-05-04 17:25:35.254999+05:30,122,8.95,SPEED_BELOW_10,2026-05-04 17:25:40.339703+05:30
1484,J3_TOWN_HALL,2026-05-04 17:25:32.812873+05:30,90,2.86,SPEED_BELOW_10,2026-05-04 17:25:40.337822+05:30
1485,J4_BORELLA,2026-05-04 17:25:30.797232+05:30,96,6.57,SPEED_BELOW_10,2026-05-04 17:25:40.339703+05:30
1483,J4_BORELLA,2026-05-04 17:25:28.210303+05:30,142,3.76,SPEED_BELOW_10,2026-05-04 17:25:30.271888+05:30
1482,J1_KOLLUPITIYA,2026-05-04 17:25:24.738075+05:30,137,4.51,SPEED_BELOW_10,2026-05-04 17:25:30.271888+05:30
1481,J3_TOWN_HALL,2026-05-04 17:25:23.170068+05:30,142,9.04,SPEED_BELOW_10,2026-05-04 17:25:30.271952+05:30
1479,J3_TOWN_HALL,2026-05-04 17:25:21.428436+05:30,135,7.42,SPEED_BELOW_10,2026-05-04 17:25:30.271952+05:30
1480,J4_BORELLA,2026-05-04 17:25:20.153864+05:30,93,5.62,SPEED_BELOW_10,2026-05-04 17:25:30.271888+05:30
1478,J4_BORELLA,2026-05-04 17:25:16.691223+05:30,91,4.04,SPEED_BELOW_10,2026-05-04 17:25:20.226310+05:30
1475,J3_TOWN_HALL,2026-05-04 17:25:16.688166+05:30,118,3.11,SPEED_BELOW_10,2026-05-04 17:25:20.207093+05:30
1477,J1_KOLLUPITIYA,2026-05-04 17:25:16.394311+05:30,143,4.16,SPEED_BELOW_10,2026-05-04 17:25:20.226310+05:30
1474,J3_TOWN_HALL,2026-05-04 17:25:16.120938+05:30,101,6.74,SPEED_BELOW_10,2026-05-04 17:25:20.207093+05:30
1476,J2_BAMBALAPITIYA,2026-05-04 17:25:11.652270+05:30,132,3.44,SPEED_BELOW_10,2026-05-04 17:25:20.225697+05:30
1472,J3_TOWN_HALL,2026-05-04 17:25:06.330548+05:30,143,9.55,SPEED_BELOW_10,2026-05-04 17:25:10.421868+05:30
1473,J4_BORELLA,2026-05-04 17:25:02.594274+05:30,114,5.12,SPEED_BELOW_10,2026-05-04 17:25:10.426827+05:30
1471,J2_BAMBALAPITIYA,2026-05-04 17:25:00.009609+05:30,138,2.26,SPEED_BELOW_10,2026-05-04 17:25:10.368705+05:30
1470,J1_KOLLUPITIYA,2026-05-04 17:24:56.260302+05:30,113,5.92,SPEED_BELOW_10,2026-05-04 17:25:00.338095+05:30
1465,J2_BAMBALAPITIYA,2026-05-04 17:24:55.981126+05:30,98,3.80,SPEED_BELOW_10,2026-05-04 17:25:00.334472+05:30
1464,J2_BAMBALAPITIYA,2026-05-04 17:24:55.539960+05:30,92,6.37,SPEED_BELOW_10,2026-05-04 17:25:00.334472+05:30
1469,J1_KOLLUPITIYA,2026-05-04 17:24:53.960970+05:30,134,7.95,SPEED_BELOW_10,2026-05-04 17:25:00.338095+05:30
1467,J3_TOWN_HALL,2026-05-04 17:24:53.527629+05:30,121,4.64,SPEED_BELOW_10,2026-05-04 17:25:00.338547+05:30
1468,J4_BORELLA,2026-05-04 17:24:52.955355+05:30,133,8.25,SPEED_BELOW_10,2026-05-04 17:25:00.338095+05:30
1466,J4_BORELLA,2026-05-04 17:24:52.233789+05:30,139,4.21,SPEED_BELOW_10,2026-05-04 17:25:00.338095+05:30
1462,J3_TOWN_HALL,2026-05-04 17:24:43.890806+05:30,138,7.99,SPEED_BELOW_10,2026-05-04 17:24:50.257606+05:30
1463,J4_BORELLA,2026-05-04 17:24:40.448677+05:30,104,8.84,SPEED_BELOW_10,2026-05-04 17:24:50.257744+05:30
1461,J3_TOWN_HALL,2026-05-04 17:24:36.423709+05:30,117,8.37,SPEED_BELOW_10,2026-05-04 17:24:40.203724+05:30
1460,J3_TOWN_HALL,2026-05-04 17:24:34.409733+05:30,93,8.01,SPEED_BELOW_10,2026-05-04 17:24:40.203724+05:30
1459,J3_TOWN_HALL,2026-05-04 17:24:31.393005+05:30,110,8.81,SPEED_BELOW_10,2026-05-04 17:24:40.203724+05:30
1457,J1_KOLLUPITIYA,2026-05-04 17:24:29.378821+05:30,92,4.13,SPEED_BELOW_10,2026-05-04 17:24:30.434400+05:30
1456,J1_KOLLUPITIYA,2026-05-04 17:24:27.784163+05:30,140,6.24,SPEED_BELOW_10,2026-05-04 17:24:30.434400+05:30
1458,J3_TOWN_HALL,2026-05-04 17:24:25.357846+05:30,134,9.28,SPEED_BELOW_10,2026-05-04 17:24:30.437458+05:30
1455,J2_BAMBALAPITIYA,2026-05-04 17:24:23.752547+05:30,115,3.05,SPEED_BELOW_10,2026-05-04 17:24:30.432050+05:30
1454,J3_TOWN_HALL,2026-05-04 17:24:19.317339+05:30,117,5.73,SPEED_BELOW_10,2026-05-04 17:24:20.376266+05:30
1452,J4_BORELLA,2026-05-04 17:24:17.717154+05:30,147,6.59,SPEED_BELOW_10,2026-05-04 17:24:20.373750+05:30
1453,J3_TOWN_HALL,2026-05-04 17:24:17.301382+05:30,106,3.59,SPEED_BELOW_10,2026-05-04 17:24:20.376266+05:30
1451,J4_BORELLA,2026-05-04 17:24:15.996743+05:30,92,3.06,SPEED_BELOW_10,2026-05-04 17:24:20.373750+05:30
1450,J2_BAMBALAPITIYA,2026-05-04 17:24:14.281537+05:30,119,4.41,SPEED_BELOW_10,2026-05-04 17:24:20.369713+05:30
1449,J2_BAMBALAPITIYA,2026-05-04 17:24:11.964311+05:30,130,5.51,SPEED_BELOW_10,2026-05-04 17:24:20.369713+05:30
1448,J2_BAMBALAPITIYA,2026-05-04 17:24:11.671316+05:30,102,3.31,SPEED_BELOW_10,2026-05-04 17:24:20.369713+05:30
1447,J3_TOWN_HALL,2026-05-04 17:24:08.655188+05:30,133,5.27,SPEED_BELOW_10,2026-05-04 17:24:10.305316+05:30
1446,J3_TOWN_HALL,2026-05-04 17:24:07.233569+05:30,131,7.84,SPEED_BELOW_10,2026-05-04 17:24:10.305316+05:30
1445,J3_TOWN_HALL,2026-05-04 17:24:06.223376+05:30,130,4.26,SPEED_BELOW_10,2026-05-04 17:24:10.305316+05:30
1444,J3_TOWN_HALL,2026-05-04 17:24:04.914587+05:30,137,4.35,SPEED_BELOW_10,2026-05-04 17:24:10.305316+05:30
1440,J2_BAMBALAPITIYA,2026-05-04 17:24:04.624070+05:30,147,7.13,SPEED_BELOW_10,2026-05-04 17:24:10.297780+05:30
1443,J4_BORELLA,2026-05-04 17:24:03.905043+05:30,139,8.85,SPEED_BELOW_10,2026-05-04 17:24:10.303745+05:30
1439,J2_BAMBALAPITIYA,2026-05-04 17:24:03.899112+05:30,97,5.88,SPEED_BELOW_10,2026-05-04 17:24:10.297780+05:30
1442,J4_BORELLA,2026-05-04 17:24:03.199986+05:30,132,5.22,SPEED_BELOW_10,2026-05-04 17:24:10.303745+05:30
1441,J1_KOLLUPITIYA,2026-05-04 17:24:02.887889+05:30,120,5.59,SPEED_BELOW_10,2026-05-04 17:24:10.303745+05:30
1438,J1_KOLLUPITIYA,2026-05-04 17:23:58.863258+05:30,143,6.25,SPEED_BELOW_10,2026-05-04 17:24:00.652217+05:30
1437,J1_KOLLUPITIYA,2026-05-04 17:23:56.143107+05:30,110,7.96,SPEED_BELOW_10,2026-05-04 17:24:00.652217+05:30
1436,J1_KOLLUPITIYA,2026-05-04 17:23:53.829513+05:30,148,4.12,SPEED_BELOW_10,2026-05-04 17:24:00.652217+05:30
1434,J2_BAMBALAPITIYA,2026-05-04 17:23:51.815496+05:30,138,8.95,SPEED_BELOW_10,2026-05-04 17:24:00.652121+05:30
1435,J4_BORELLA,2026-05-04 17:23:51.106541+05:30,113,5.00,SPEED_BELOW_10,2026-05-04 17:24:00.652217+05:30
1433,J4_BORELLA,2026-05-04 17:23:49.803622+05:30,95,7.76,SPEED_BELOW_10,2026-05-04 17:23:50.578842+05:30
1428,J2_BAMBALAPITIYA,2026-05-04 17:23:47.786568+05:30,116,8.34,SPEED_BELOW_10,2026-05-04 17:23:50.577809+05:30
1432,J1_KOLLUPITIYA,2026-05-04 17:23:46.507067+05:30,102,6.54,SPEED_BELOW_10,2026-05-04 17:23:50.578842+05:30
1429,J3_TOWN_HALL,2026-05-04 17:23:42.746312+05:30,98,8.41,SPEED_BELOW_10,2026-05-04 17:23:50.578179+05:30
1431,J1_KOLLUPITIYA,2026-05-04 17:23:42.474742+05:30,122,5.47,SPEED_BELOW_10,2026-05-04 17:23:50.578842+05:30
1430,J1_KOLLUPITIYA,2026-05-04 17:23:40.725522+05:30,139,4.05,SPEED_BELOW_10,2026-05-04 17:23:50.578842+05:30
1427,J3_TOWN_HALL,2026-05-04 17:23:39.450264+05:30,92,8.69,SPEED_BELOW_10,2026-05-04 17:23:40.505525+05:30
1426,J3_TOWN_HALL,2026-05-04 17:23:37.002604+05:30,138,5.53,SPEED_BELOW_10,2026-05-04 17:23:40.505525+05:30
1425,J3_TOWN_HALL,2026-05-04 17:23:34.421876+05:30,143,7.50,SPEED_BELOW_10,2026-05-04 17:23:40.505525+05:30
1424,J1_KOLLUPITIYA,2026-05-04 17:23:33.975482+05:30,110,2.00,SPEED_BELOW_10,2026-05-04 17:23:40.505518+05:30
1422,J4_BORELLA,2026-05-04 17:23:27.929306+05:30,136,8.24,SPEED_BELOW_10,2026-05-04 17:23:30.449712+05:30
1421,J4_BORELLA,2026-05-04 17:23:27.638128+05:30,147,9.22,SPEED_BELOW_10,2026-05-04 17:23:30.449712+05:30
1420,J3_TOWN_HALL,2026-05-04 17:23:26.919227+05:30,91,5.85,SPEED_BELOW_10,2026-05-04 17:23:30.449741+05:30
1423,J2_BAMBALAPITIYA,2026-05-04 17:23:25.620885+05:30,125,9.39,SPEED_BELOW_10,2026-05-04 17:23:30.452787+05:30
1418,J3_TOWN_HALL,2026-05-04 17:23:24.332602+05:30,120,6.05,SPEED_BELOW_10,2026-05-04 17:23:30.449741+05:30
1419,J1_KOLLUPITIYA,2026-05-04 17:23:20.870359+05:30,109,8.10,SPEED_BELOW_10,2026-05-04 17:23:30.449712+05:30
1415,J2_BAMBALAPITIYA,2026-05-04 17:23:19.579312+05:30,97,8.63,SPEED_BELOW_10,2026-05-04 17:23:20.361767+05:30
1417,J1_KOLLUPITIYA,2026-05-04 17:23:18.287043+05:30,136,8.54,SPEED_BELOW_10,2026-05-04 17:23:20.362948+05:30
1414,J2_BAMBALAPITIYA,2026-05-04 17:23:17.851771+05:30,140,8.96,SPEED_BELOW_10,2026-05-04 17:23:20.361767+05:30
1413,J3_TOWN_HALL,2026-05-04 17:23:16.843158+05:30,118,6.99,SPEED_BELOW_10,2026-05-04 17:23:20.356820+05:30
1416,J1_KOLLUPITIYA,2026-05-04 17:23:14.546357+05:30,141,7.37,SPEED_BELOW_10,2026-05-04 17:23:20.362948+05:30
1412,J3_TOWN_HALL,2026-05-04 17:23:13.256157+05:30,101,8.58,SPEED_BELOW_10,2026-05-04 17:23:20.356820+05:30
1411,J3_TOWN_HALL,2026-05-04 17:23:03.767161+05:30,99,5.93,SPEED_BELOW_10,2026-05-04 17:23:10.314545+05:30
1410,J1_KOLLUPITIYA,2026-05-04 17:23:03.762869+05:30,140,2.48,SPEED_BELOW_10,2026-05-04 17:23:10.312319+05:30
1408,J3_TOWN_HALL,2026-05-04 17:22:59.458494+05:30,148,8.90,SPEED_BELOW_10,2026-05-04 17:23:00.508588+05:30
1405,J2_BAMBALAPITIYA,2026-05-04 17:22:53.126408+05:30,97,3.21,SPEED_BELOW_10,2026-05-04 17:23:00.505810+05:30
1407,J3_TOWN_HALL,2026-05-04 17:22:52.683723+05:30,140,4.74,SPEED_BELOW_10,2026-05-04 17:23:00.508588+05:30
1406,J3_TOWN_HALL,2026-05-04 17:22:51.675426+05:30,118,7.84,SPEED_BELOW_10,2026-05-04 17:23:00.508588+05:30
1409,J1_KOLLUPITIYA,2026-05-04 17:22:50.664021+05:30,119,8.64,SPEED_BELOW_10,2026-05-04 17:23:00.512701+05:30
1401,J2_BAMBALAPITIYA,2026-05-04 17:22:49.657048+05:30,145,8.97,SPEED_BELOW_10,2026-05-04 17:22:50.449700+05:30
1404,J4_BORELLA,2026-05-04 17:22:46.369231+05:30,102,2.82,SPEED_BELOW_10,2026-05-04 17:22:50.458574+05:30
1403,J4_BORELLA,2026-05-04 17:22:46.078850+05:30,96,7.94,SPEED_BELOW_10,2026-05-04 17:22:50.458574+05:30
1402,J3_TOWN_HALL,2026-05-04 17:22:41.599772+05:30,98,9.18,SPEED_BELOW_10,2026-05-04 17:22:50.453048+05:30
1397,J4_BORELLA,2026-05-04 17:22:39.585923+05:30,109,7.45,SPEED_BELOW_10,2026-05-04 17:22:40.390893+05:30
1395,J2_BAMBALAPITIYA,2026-05-04 17:22:38.317815+05:30,115,2.83,SPEED_BELOW_10,2026-05-04 17:22:40.388633+05:30
1400,J3_TOWN_HALL,2026-05-04 17:22:38.020477+05:30,142,3.41,SPEED_BELOW_10,2026-05-04 17:22:40.392113+05:30
1396,J4_BORELLA,2026-05-04 17:22:37.533926+05:30,96,7.88,SPEED_BELOW_10,2026-05-04 17:22:40.390893+05:30
1399,J3_TOWN_HALL,2026-05-04 17:22:37.311270+05:30,97,6.19,SPEED_BELOW_10,2026-05-04 17:22:40.392113+05:30
1398,J3_TOWN_HALL,2026-05-04 17:22:34.471713+05:30,150,5.85,SPEED_BELOW_10,2026-05-04 17:22:40.392113+05:30
1394,J2_BAMBALAPITIYA,2026-05-04 17:22:30.965375+05:30,108,8.24,SPEED_BELOW_10,2026-05-04 17:22:40.388633+05:30
1391,J2_BAMBALAPITIYA,2026-05-04 17:22:27.941061+05:30,97,3.47,SPEED_BELOW_10,2026-05-04 17:22:30.315576+05:30
1390,J2_BAMBALAPITIYA,2026-05-04 17:22:27.418066+05:30,114,4.37,SPEED_BELOW_10,2026-05-04 17:22:30.315576+05:30
1392,J3_TOWN_HALL,2026-05-04 17:22:25.226768+05:30,108,8.01,SPEED_BELOW_10,2026-05-04 17:22:30.318400+05:30
1393,J1_KOLLUPITIYA,2026-05-04 17:22:20.366772+05:30,135,3.84,SPEED_BELOW_10,2026-05-04 17:22:30.319392+05:30
1389,J4_BORELLA,2026-05-04 17:22:19.883032+05:30,127,4.59,SPEED_BELOW_10,2026-05-04 17:22:20.248116+05:30
1388,J4_BORELLA,2026-05-04 17:22:17.171524+05:30,129,3.84,SPEED_BELOW_10,2026-05-04 17:22:20.248116+05:30
1387,J1_KOLLUPITIYA,2026-05-04 17:22:14.325254+05:30,118,2.76,SPEED_BELOW_10,2026-05-04 17:22:20.248116+05:30
1386,J1_KOLLUPITIYA,2026-05-04 17:22:13.147194+05:30,108,5.45,SPEED_BELOW_10,2026-05-04 17:22:20.248116+05:30
1385,J2_BAMBALAPITIYA,2026-05-04 17:22:12.141412+05:30,95,7.37,SPEED_BELOW_10,2026-05-04 17:22:20.247580+05:30
1384,J4_BORELLA,2026-05-04 17:22:09.812012+05:30,129,6.77,SPEED_BELOW_10,2026-05-04 17:22:10.355846+05:30
1379,J3_TOWN_HALL,2026-05-04 17:22:09.810309+05:30,139,8.49,SPEED_BELOW_10,2026-05-04 17:22:10.350278+05:30
1378,J3_TOWN_HALL,2026-05-04 17:22:08.804003+05:30,148,3.64,SPEED_BELOW_10,2026-05-04 17:22:10.350278+05:30
1377,J3_TOWN_HALL,2026-05-04 17:22:08.292576+05:30,103,3.27,SPEED_BELOW_10,2026-05-04 17:22:10.350278+05:30
1376,J3_TOWN_HALL,2026-05-04 17:22:08.115807+05:30,103,9.32,SPEED_BELOW_10,2026-05-04 17:22:10.350278+05:30
1383,J1_KOLLUPITIYA,2026-05-04 17:22:06.278856+05:30,133,4.03,SPEED_BELOW_10,2026-05-04 17:22:10.355846+05:30
1382,J1_KOLLUPITIYA,2026-05-04 17:22:04.082023+05:30,112,8.24,SPEED_BELOW_10,2026-05-04 17:22:10.355846+05:30
1381,J4_BORELLA,2026-05-04 17:22:02.073183+05:30,113,7.82,SPEED_BELOW_10,2026-05-04 17:22:10.355846+05:30
1380,J2_BAMBALAPITIYA,2026-05-04 17:22:01.245992+05:30,147,9.69,SPEED_BELOW_10,2026-05-04 17:22:10.352007+05:30
1375,J3_TOWN_HALL,2026-05-04 17:22:01.063834+05:30,90,7.77,SPEED_BELOW_10,2026-05-04 17:22:10.350278+05:30
1373,J2_BAMBALAPITIYA,2026-05-04 17:21:59.049727+05:30,100,9.84,SPEED_BELOW_10,2026-05-04 17:22:00.364343+05:30
1372,J2_BAMBALAPITIYA,2026-05-04 17:21:57.035645+05:30,115,6.02,SPEED_BELOW_10,2026-05-04 17:22:00.364343+05:30
1370,J2_BAMBALAPITIYA,2026-05-04 17:21:53.182660+05:30,147,2.61,SPEED_BELOW_10,2026-05-04 17:22:00.364343+05:30
1374,J3_TOWN_HALL,2026-05-04 17:21:51.171405+05:30,133,5.78,SPEED_BELOW_10,2026-05-04 17:22:00.364339+05:30
1371,J3_TOWN_HALL,2026-05-04 17:21:50.988537+05:30,133,5.29,SPEED_BELOW_10,2026-05-04 17:22:00.364339+05:30
1369,J2_BAMBALAPITIYA,2026-05-04 17:21:48.973316+05:30,104,4.13,SPEED_BELOW_10,2026-05-04 17:21:50.723468+05:30
1368,J3_TOWN_HALL,2026-05-04 17:21:47.653955+05:30,98,8.18,SPEED_BELOW_10,2026-05-04 17:21:50.717819+05:30
1366,J1_KOLLUPITIYA,2026-05-04 17:21:47.146996+05:30,137,2.56,SPEED_BELOW_10,2026-05-04 17:21:50.675900+05:30
1367,J3_TOWN_HALL,2026-05-04 17:21:44.129520+05:30,138,2.79,SPEED_BELOW_10,2026-05-04 17:21:50.717819+05:30
1365,J4_BORELLA,2026-05-04 17:21:43.939329+05:30,119,4.13,SPEED_BELOW_10,2026-05-04 17:21:50.675900+05:30
1364,J1_KOLLUPITIYA,2026-05-04 17:21:41.105229+05:30,115,8.43,SPEED_BELOW_10,2026-05-04 17:21:50.675900+05:30
1363,J1_KOLLUPITIYA,2026-05-04 17:21:40.599882+05:30,101,5.40,SPEED_BELOW_10,2026-05-04 17:21:50.675900+05:30
1362,J1_KOLLUPITIYA,2026-05-04 17:21:40.099106+05:30,145,2.30,SPEED_BELOW_10,2026-05-04 17:21:50.675900+05:30
1361,J2_BAMBALAPITIYA,2026-05-04 17:21:37.900724+05:30,136,3.34,SPEED_BELOW_10,2026-05-04 17:21:40.685839+05:30
1360,J2_BAMBALAPITIYA,2026-05-04 17:21:36.891838+05:30,90,5.40,SPEED_BELOW_10,2026-05-04 17:21:40.685839+05:30
1359,J1_KOLLUPITIYA,2026-05-04 17:21:35.069172+05:30,119,8.44,SPEED_BELOW_10,2026-05-04 17:21:40.670244+05:30
1358,J3_TOWN_HALL,2026-05-04 17:21:25.497510+05:30,148,2.29,SPEED_BELOW_10,2026-05-04 17:21:30.582704+05:30
1356,J2_BAMBALAPITIYA,2026-05-04 17:21:24.991042+05:30,106,7.00,SPEED_BELOW_10,2026-05-04 17:21:30.582735+05:30
1357,J3_TOWN_HALL,2026-05-04 17:21:24.802214+05:30,147,3.05,SPEED_BELOW_10,2026-05-04 17:21:30.582704+05:30
1355,J1_KOLLUPITIYA,2026-05-04 17:21:21.775619+05:30,99,9.36,SPEED_BELOW_10,2026-05-04 17:21:30.578322+05:30
1351,J3_TOWN_HALL,2026-05-04 17:21:19.951108+05:30,111,2.38,SPEED_BELOW_10,2026-05-04 17:21:20.519382+05:30
1354,J4_BORELLA,2026-05-04 17:21:17.749931+05:30,103,9.19,SPEED_BELOW_10,2026-05-04 17:21:20.520905+05:30
1353,J4_BORELLA,2026-05-04 17:21:16.741566+05:30,145,9.35,SPEED_BELOW_10,2026-05-04 17:21:20.520905+05:30
1350,J3_TOWN_HALL,2026-05-04 17:21:16.740329+05:30,106,3.31,SPEED_BELOW_10,2026-05-04 17:21:20.519382+05:30
1349,J3_TOWN_HALL,2026-05-04 17:21:13.909121+05:30,95,7.68,SPEED_BELOW_10,2026-05-04 17:21:20.519382+05:30
1348,J2_BAMBALAPITIYA,2026-05-04 17:21:13.905691+05:30,124,4.00,SPEED_BELOW_10,2026-05-04 17:21:20.514375+05:30
1352,J4_BORELLA,2026-05-04 17:21:11.706177+05:30,133,4.66,SPEED_BELOW_10,2026-05-04 17:21:20.520905+05:30
1345,J4_BORELLA,2026-05-04 17:21:09.879213+05:30,129,8.59,SPEED_BELOW_10,2026-05-04 17:21:10.427813+05:30
1347,J2_BAMBALAPITIYA,2026-05-04 17:21:08.685962+05:30,121,8.64,SPEED_BELOW_10,2026-05-04 17:21:10.430490+05:30
1344,J1_KOLLUPITIYA,2026-05-04 17:21:08.682860+05:30,134,4.64,SPEED_BELOW_10,2026-05-04 17:21:10.427813+05:30
1343,J4_BORELLA,2026-05-04 17:21:08.362629+05:30,105,3.67,SPEED_BELOW_10,2026-05-04 17:21:10.427813+05:30
1346,J2_BAMBALAPITIYA,2026-05-04 17:21:06.671154+05:30,125,6.84,SPEED_BELOW_10,2026-05-04 17:21:10.430490+05:30
1341,J4_BORELLA,2026-05-04 17:20:57.791681+05:30,123,8.12,SPEED_BELOW_10,2026-05-04 17:21:00.359996+05:30
1339,J2_BAMBALAPITIYA,2026-05-04 17:20:57.278315+05:30,93,4.34,SPEED_BELOW_10,2026-05-04 17:21:00.317679+05:30
1338,J2_BAMBALAPITIYA,2026-05-04 17:20:56.606060+05:30,145,5.30,SPEED_BELOW_10,2026-05-04 17:21:00.317679+05:30
1340,J4_BORELLA,2026-05-04 17:20:55.602480+05:30,111,5.21,SPEED_BELOW_10,2026-05-04 17:21:00.359996+05:30
1342,J3_TOWN_HALL,2026-05-04 17:20:53.586133+05:30,134,5.30,SPEED_BELOW_10,2026-05-04 17:21:00.363499+05:30
1337,J2_BAMBALAPITIYA,2026-05-04 17:20:50.225411+05:30,123,5.35,SPEED_BELOW_10,2026-05-04 17:21:00.317679+05:30
1332,J1_KOLLUPITIYA,2026-05-04 17:20:48.552193+05:30,148,4.04,SPEED_BELOW_10,2026-05-04 17:20:50.231980+05:30
1336,J2_BAMBALAPITIYA,2026-05-04 17:20:47.719579+05:30,104,3.06,SPEED_BELOW_10,2026-05-04 17:20:50.275968+05:30
1331,J4_BORELLA,2026-05-04 17:20:46.544689+05:30,143,8.66,SPEED_BELOW_10,2026-05-04 17:20:50.231980+05:30
1335,J2_BAMBALAPITIYA,2026-05-04 17:20:43.179293+05:30,114,8.84,SPEED_BELOW_10,2026-05-04 17:20:50.275968+05:30
1334,J3_TOWN_HALL,2026-05-04 17:20:42.521934+05:30,96,7.34,SPEED_BELOW_10,2026-05-04 17:20:50.269341+05:30
1330,J4_BORELLA,2026-05-04 17:20:41.515952+05:30,120,9.16,SPEED_BELOW_10,2026-05-04 17:20:50.231980+05:30
1333,J3_TOWN_HALL,2026-05-04 17:20:40.677282+05:30,97,9.17,SPEED_BELOW_10,2026-05-04 17:20:50.269341+05:30
1329,J1_KOLLUPITIYA,2026-05-04 17:20:40.161903+05:30,141,7.38,SPEED_BELOW_10,2026-05-04 17:20:50.231980+05:30
1328,J2_BAMBALAPITIYA,2026-05-04 17:20:36.482384+05:30,101,8.08,SPEED_BELOW_10,2026-05-04 17:20:40.571656+05:30
1325,J4_BORELLA,2026-05-04 17:20:34.468471+05:30,127,4.71,SPEED_BELOW_10,2026-05-04 17:20:40.565067+05:30
1326,J3_TOWN_HALL,2026-05-04 17:20:34.117300+05:30,95,5.21,SPEED_BELOW_10,2026-05-04 17:20:40.569947+05:30
1327,J2_BAMBALAPITIYA,2026-05-04 17:20:31.611970+05:30,100,7.36,SPEED_BELOW_10,2026-05-04 17:20:40.571656+05:30
1322,J4_BORELLA,2026-05-04 17:20:29.082425+05:30,108,6.08,SPEED_BELOW_10,2026-05-04 17:20:30.485196+05:30
1324,J2_BAMBALAPITIYA,2026-05-04 17:20:27.585305+05:30,92,4.16,SPEED_BELOW_10,2026-05-04 17:20:30.486509+05:30
1321,J1_KOLLUPITIYA,2026-05-04 17:20:26.412233+05:30,116,5.04,SPEED_BELOW_10,2026-05-04 17:20:30.485196+05:30
1320,J4_BORELLA,2026-05-04 17:20:24.401998+05:30,119,6.93,SPEED_BELOW_10,2026-05-04 17:20:30.485196+05:30
1319,J3_TOWN_HALL,2026-05-04 17:20:23.395838+05:30,148,2.74,SPEED_BELOW_10,2026-05-04 17:20:30.482612+05:30
1323,J2_BAMBALAPITIYA,2026-05-04 17:20:22.549399+05:30,92,4.05,SPEED_BELOW_10,2026-05-04 17:20:30.486509+05:30
1318,J3_TOWN_HALL,2026-05-04 17:20:16.508560+05:30,101,9.76,SPEED_BELOW_10,2026-05-04 17:20:20.426141+05:30
1317,J3_TOWN_HALL,2026-05-04 17:20:14.491264+05:30,116,3.20,SPEED_BELOW_10,2026-05-04 17:20:20.426141+05:30
1316,J4_BORELLA,2026-05-04 17:20:14.313004+05:30,140,4.18,SPEED_BELOW_10,2026-05-04 17:20:20.418117+05:30
1312,J3_TOWN_HALL,2026-05-04 17:20:07.443910+05:30,92,5.38,SPEED_BELOW_10,2026-05-04 17:20:10.340648+05:30
1313,J2_BAMBALAPITIYA,2026-05-04 17:20:05.935360+05:30,149,3.60,SPEED_BELOW_10,2026-05-04 17:20:10.340647+05:30
1309,J2_BAMBALAPITIYA,2026-05-04 17:20:04.927664+05:30,137,7.68,SPEED_BELOW_10,2026-05-04 17:20:10.340647+05:30
1310,J3_TOWN_HALL,2026-05-04 17:20:04.422418+05:30,91,8.03,SPEED_BELOW_10,2026-05-04 17:20:10.340648+05:30
1315,J4_BORELLA,2026-05-04 17:20:04.236061+05:30,143,9.10,SPEED_BELOW_10,2026-05-04 17:20:10.340744+05:30
1314,J4_BORELLA,2026-05-04 17:20:02.220067+05:30,93,6.60,SPEED_BELOW_10,2026-05-04 17:20:10.340744+05:30
1311,J1_KOLLUPITIYA,2026-05-04 17:20:00.388537+05:30,97,4.93,SPEED_BELOW_10,2026-05-04 17:20:10.340744+05:30
1305,J2_BAMBALAPITIYA,2026-05-04 17:19:58.376585+05:30,134,5.34,SPEED_BELOW_10,2026-05-04 17:20:00.250882+05:30
1304,J2_BAMBALAPITIYA,2026-05-04 17:19:57.369325+05:30,100,4.42,SPEED_BELOW_10,2026-05-04 17:20:00.250882+05:30
1308,J4_BORELLA,2026-05-04 17:19:56.362850+05:30,94,6.10,SPEED_BELOW_10,2026-05-04 17:20:00.253627+05:30
1307,J1_KOLLUPITIYA,2026-05-04 17:19:55.864781+05:30,121,3.23,SPEED_BELOW_10,2026-05-04 17:20:00.253627+05:30
1302,J3_TOWN_HALL,2026-05-04 17:19:55.168475+05:30,122,2.79,SPEED_BELOW_10,2026-05-04 17:20:00.250929+05:30
1303,J2_BAMBALAPITIYA,2026-05-04 17:19:55.164336+05:30,129,2.17,SPEED_BELOW_10,2026-05-04 17:20:00.250882+05:30
1306,J1_KOLLUPITIYA,2026-05-04 17:19:51.327028+05:30,92,2.28,SPEED_BELOW_10,2026-05-04 17:20:00.253627+05:30
1301,J3_TOWN_HALL,2026-05-04 17:19:47.812581+05:30,117,2.14,SPEED_BELOW_10,2026-05-04 17:19:50.373903+05:30
1298,J1_KOLLUPITIYA,2026-05-04 17:19:45.792932+05:30,110,4.01,SPEED_BELOW_10,2026-05-04 17:19:50.372224+05:30
1300,J3_TOWN_HALL,2026-05-04 17:19:45.028369+05:30,109,4.48,SPEED_BELOW_10,2026-05-04 17:19:50.373903+05:30
1297,J4_BORELLA,2026-05-04 17:19:44.280234+05:30,135,2.27,SPEED_BELOW_10,2026-05-04 17:19:50.372224+05:30
1296,J2_BAMBALAPITIYA,2026-05-04 17:19:43.991646+05:30,94,2.58,SPEED_BELOW_10,2026-05-04 17:19:50.370853+05:30
1299,J3_TOWN_HALL,2026-05-04 17:19:41.258120+05:30,97,6.67,SPEED_BELOW_10,2026-05-04 17:19:50.373903+05:30
1294,J3_TOWN_HALL,2026-05-04 17:19:35.728789+05:30,111,9.02,SPEED_BELOW_10,2026-05-04 17:19:40.305697+05:30
1295,J2_BAMBALAPITIYA,2026-05-04 17:19:35.725387+05:30,142,9.09,SPEED_BELOW_10,2026-05-04 17:19:40.308298+05:30
1292,J1_KOLLUPITIYA,2026-05-04 17:19:31.698711+05:30,133,9.29,SPEED_BELOW_10,2026-05-04 17:19:40.305630+05:30
1293,J3_TOWN_HALL,2026-05-04 17:19:30.907771+05:30,100,2.27,SPEED_BELOW_10,2026-05-04 17:19:40.305697+05:30
1289,J1_KOLLUPITIYA,2026-05-04 17:19:28.681709+05:30,140,2.31,SPEED_BELOW_10,2026-05-04 17:19:30.244210+05:30
1288,J4_BORELLA,2026-05-04 17:19:26.667892+05:30,137,5.59,SPEED_BELOW_10,2026-05-04 17:19:30.244210+05:30
1291,J2_BAMBALAPITIYA,2026-05-04 17:19:25.653688+05:30,106,5.15,SPEED_BELOW_10,2026-05-04 17:19:30.245637+05:30
1290,J2_BAMBALAPITIYA,2026-05-04 17:19:24.643289+05:30,144,6.27,SPEED_BELOW_10,2026-05-04 17:19:30.245637+05:30
1287,J4_BORELLA,2026-05-04 17:19:18.800178+05:30,131,4.02,SPEED_BELOW_10,2026-05-04 17:19:20.684881+05:30
1286,J3_TOWN_HALL,2026-05-04 17:19:18.797668+05:30,102,3.47,SPEED_BELOW_10,2026-05-04 17:19:20.685857+05:30
1285,J4_BORELLA,2026-05-04 17:19:12.065696+05:30,100,4.36,SPEED_BELOW_10,2026-05-04 17:19:20.684881+05:30
1283,J3_TOWN_HALL,2026-05-04 17:19:05.017211+05:30,144,3.42,SPEED_BELOW_10,2026-05-04 17:19:10.578301+05:30
1282,J3_TOWN_HALL,2026-05-04 17:19:04.489821+05:30,97,5.54,SPEED_BELOW_10,2026-05-04 17:19:10.578301+05:30
1284,J2_BAMBALAPITIYA,2026-05-04 17:19:04.007800+05:30,91,8.85,SPEED_BELOW_10,2026-05-04 17:19:10.579252+05:30
1280,J4_BORELLA,2026-05-04 17:18:57.961572+05:30,91,2.15,SPEED_BELOW_10,2026-05-04 17:19:00.508593+05:30
1279,J1_KOLLUPITIYA,2026-05-04 17:18:57.436705+05:30,125,4.18,SPEED_BELOW_10,2026-05-04 17:19:00.508593+05:30
1273,J3_TOWN_HALL,2026-05-04 17:18:56.954278+05:30,110,5.80,SPEED_BELOW_10,2026-05-04 17:19:00.507900+05:30
1278,J4_BORELLA,2026-05-04 17:18:56.654114+05:30,133,4.89,SPEED_BELOW_10,2026-05-04 17:19:00.508593+05:30
1277,J1_KOLLUPITIYA,2026-05-04 17:18:53.629358+05:30,121,6.57,SPEED_BELOW_10,2026-05-04 17:19:00.508593+05:30
1281,J2_BAMBALAPITIYA,2026-05-04 17:18:53.408126+05:30,143,7.35,SPEED_BELOW_10,2026-05-04 17:19:00.510225+05:30
1276,J1_KOLLUPITIYA,2026-05-04 17:18:51.612170+05:30,95,7.16,SPEED_BELOW_10,2026-05-04 17:19:00.508593+05:30
1275,J4_BORELLA,2026-05-04 17:18:51.394209+05:30,137,7.53,SPEED_BELOW_10,2026-05-04 17:19:00.508593+05:30
1274,J1_KOLLUPITIYA,2026-05-04 17:18:51.388356+05:30,93,2.99,SPEED_BELOW_10,2026-05-04 17:19:00.508593+05:30
1272,J3_TOWN_HALL,2026-05-04 17:18:48.368189+05:30,118,5.09,SPEED_BELOW_10,2026-05-04 17:18:50.428298+05:30
1270,J1_KOLLUPITIYA,2026-05-04 17:18:47.586529+05:30,141,6.66,SPEED_BELOW_10,2026-05-04 17:18:50.425234+05:30
1269,J4_BORELLA,2026-05-04 17:18:46.582364+05:30,125,4.17,SPEED_BELOW_10,2026-05-04 17:18:50.425234+05:30
1268,J1_KOLLUPITIYA,2026-05-04 17:18:45.347825+05:30,128,9.89,SPEED_BELOW_10,2026-05-04 17:18:50.425234+05:30
1271,J3_TOWN_HALL,2026-05-04 17:18:43.337999+05:30,103,5.18,SPEED_BELOW_10,2026-05-04 17:18:50.428298+05:30
1267,J1_KOLLUPITIYA,2026-05-04 17:18:42.855628+05:30,90,8.98,SPEED_BELOW_10,2026-05-04 17:18:50.425234+05:30
1266,J3_TOWN_HALL,2026-05-04 17:18:39.836375+05:30,139,8.66,SPEED_BELOW_10,2026-05-04 17:18:40.380980+05:30
1265,J3_TOWN_HALL,2026-05-04 17:18:37.817954+05:30,139,7.87,SPEED_BELOW_10,2026-05-04 17:18:40.380980+05:30
1263,J2_BAMBALAPITIYA,2026-05-04 17:18:37.518740+05:30,108,4.78,SPEED_BELOW_10,2026-05-04 17:18:40.376800+05:30
1262,J1_KOLLUPITIYA,2026-05-04 17:18:36.506163+05:30,138,2.85,SPEED_BELOW_10,2026-05-04 17:18:40.376803+05:30
1260,J1_KOLLUPITIYA,2026-05-04 17:18:35.798249+05:30,134,2.95,SPEED_BELOW_10,2026-05-04 17:18:40.376803+05:30
1264,J3_TOWN_HALL,2026-05-04 17:18:34.271814+05:30,97,5.05,SPEED_BELOW_10,2026-05-04 17:18:40.380980+05:30
1261,J2_BAMBALAPITIYA,2026-05-04 17:18:30.769179+05:30,95,4.87,SPEED_BELOW_10,2026-05-04 17:18:40.376800+05:30
1256,J3_TOWN_HALL,2026-05-04 17:18:29.457890+05:30,143,3.43,SPEED_BELOW_10,2026-05-04 17:18:30.309526+05:30
1254,J1_KOLLUPITIYA,2026-05-04 17:18:27.431692+05:30,91,3.56,SPEED_BELOW_10,2026-05-04 17:18:30.258501+05:30
1253,J4_BORELLA,2026-05-04 17:18:25.736587+05:30,94,5.35,SPEED_BELOW_10,2026-05-04 17:18:30.258501+05:30
1259,J2_BAMBALAPITIYA,2026-05-04 17:18:25.208442+05:30,102,5.63,SPEED_BELOW_10,2026-05-04 17:18:30.309567+05:30
1258,J2_BAMBALAPITIYA,2026-05-04 17:18:23.409699+05:30,120,5.10,SPEED_BELOW_10,2026-05-04 17:18:30.309567+05:30
1257,J2_BAMBALAPITIYA,2026-05-04 17:18:22.401984+05:30,112,6.14,SPEED_BELOW_10,2026-05-04 17:18:30.309567+05:30
1255,J3_TOWN_HALL,2026-05-04 17:18:20.698658+05:30,120,2.83,SPEED_BELOW_10,2026-05-04 17:18:30.309526+05:30
1252,J1_KOLLUPITIYA,2026-05-04 17:18:20.173817+05:30,150,7.72,SPEED_BELOW_10,2026-05-04 17:18:30.258501+05:30
1251,J2_BAMBALAPITIYA,2026-05-04 17:18:17.153683+05:30,148,4.08,SPEED_BELOW_10,2026-05-04 17:18:20.266515+05:30
1244,J4_BORELLA,2026-05-04 17:18:16.368674+05:30,131,3.43,SPEED_BELOW_10,2026-05-04 17:18:20.258322+05:30
1250,J2_BAMBALAPITIYA,2026-05-04 17:18:16.365260+05:30,99,5.74,SPEED_BELOW_10,2026-05-04 17:18:20.266515+05:30
1247,J3_TOWN_HALL,2026-05-04 17:18:16.146450+05:30,118,4.91,SPEED_BELOW_10,2026-05-04 17:18:20.264724+05:30
1246,J3_TOWN_HALL,2026-05-04 17:18:15.660662+05:30,90,6.28,SPEED_BELOW_10,2026-05-04 17:18:20.264724+05:30
1249,J2_BAMBALAPITIYA,2026-05-04 17:18:15.657800+05:30,147,9.05,SPEED_BELOW_10,2026-05-04 17:18:20.266515+05:30
1243,J1_KOLLUPITIYA,2026-05-04 17:18:12.633555+05:30,98,9.55,SPEED_BELOW_10,2026-05-04 17:18:20.258322+05:30
1248,J2_BAMBALAPITIYA,2026-05-04 17:18:12.337281+05:30,133,2.77,SPEED_BELOW_10,2026-05-04 17:18:20.266515+05:30
1242,J1_KOLLUPITIYA,2026-05-04 17:18:12.113024+05:30,91,7.10,SPEED_BELOW_10,2026-05-04 17:18:20.258322+05:30
1245,J3_TOWN_HALL,2026-05-04 17:18:10.619835+05:30,130,5.37,SPEED_BELOW_10,2026-05-04 17:18:20.264724+05:30
1241,J1_KOLLUPITIYA,2026-05-04 17:18:10.616116+05:30,119,3.84,SPEED_BELOW_10,2026-05-04 17:18:20.258322+05:30
1238,J3_TOWN_HALL,2026-05-04 17:18:07.603418+05:30,98,4.07,SPEED_BELOW_10,2026-05-04 17:18:10.378392+05:30
1240,J2_BAMBALAPITIYA,2026-05-04 17:18:07.307425+05:30,137,8.52,SPEED_BELOW_10,2026-05-04 17:18:10.379737+05:30
1236,J1_KOLLUPITIYA,2026-05-04 17:18:05.067571+05:30,147,4.62,SPEED_BELOW_10,2026-05-04 17:18:10.329351+05:30
1239,J2_BAMBALAPITIYA,2026-05-04 17:18:04.059272+05:30,122,6.88,SPEED_BELOW_10,2026-05-04 17:18:10.379737+05:30
1237,J3_TOWN_HALL,2026-05-04 17:18:01.033795+05:30,133,4.54,SPEED_BELOW_10,2026-05-04 17:18:10.378392+05:30
1235,J1_KOLLUPITIYA,2026-05-04 17:18:00.022159+05:30,109,4.84,SPEED_BELOW_10,2026-05-04 17:18:10.329351+05:30
1229,J1_KOLLUPITIYA,2026-05-04 17:17:58.251303+05:30,108,3.68,SPEED_BELOW_10,2026-05-04 17:18:00.315395+05:30
1234,J2_BAMBALAPITIYA,2026-05-04 17:17:57.536439+05:30,148,9.18,SPEED_BELOW_10,2026-05-04 17:18:00.319762+05:30
1228,J1_KOLLUPITIYA,2026-05-04 17:17:57.245520+05:30,139,4.95,SPEED_BELOW_10,2026-05-04 17:18:00.315395+05:30
1232,J3_TOWN_HALL,2026-05-04 17:17:57.003442+05:30,140,2.95,SPEED_BELOW_10,2026-05-04 17:18:00.319778+05:30
1233,J2_BAMBALAPITIYA,2026-05-04 17:17:55.235591+05:30,122,3.18,SPEED_BELOW_10,2026-05-04 17:18:00.319762+05:30
1231,J3_TOWN_HALL,2026-05-04 17:17:51.949340+05:30,124,8.08,SPEED_BELOW_10,2026-05-04 17:18:00.319778+05:30
1227,J4_BORELLA,2026-05-04 17:17:51.481628+05:30,131,4.10,SPEED_BELOW_10,2026-05-04 17:18:00.315395+05:30
1230,J2_BAMBALAPITIYA,2026-05-04 17:17:51.202234+05:30,92,8.50,SPEED_BELOW_10,2026-05-04 17:18:00.319762+05:30
1226,J1_KOLLUPITIYA,2026-05-04 17:17:51.199829+05:30,99,8.40,SPEED_BELOW_10,2026-05-04 17:18:00.315395+05:30
1225,J4_BORELLA,2026-05-04 17:17:50.471076+05:30,148,4.97,SPEED_BELOW_10,2026-05-04 17:18:00.315395+05:30
1224,J2_BAMBALAPITIYA,2026-05-04 17:17:49.187576+05:30,142,9.36,SPEED_BELOW_10,2026-05-04 17:17:50.267420+05:30
1221,J3_TOWN_HALL,2026-05-04 17:17:47.918779+05:30,150,5.70,SPEED_BELOW_10,2026-05-04 17:17:50.255487+05:30
1223,J2_BAMBALAPITIYA,2026-05-04 17:17:47.173538+05:30,96,8.59,SPEED_BELOW_10,2026-05-04 17:17:50.267420+05:30
1220,J3_TOWN_HALL,2026-05-04 17:17:46.167333+05:30,119,4.56,SPEED_BELOW_10,2026-05-04 17:17:50.255487+05:30
1222,J1_KOLLUPITIYA,2026-05-04 17:17:44.428595+05:30,142,7.63,SPEED_BELOW_10,2026-05-04 17:17:50.259127+05:30
1219,J2_BAMBALAPITIYA,2026-05-04 17:17:37.852549+05:30,135,2.97,SPEED_BELOW_10,2026-05-04 17:17:40.450532+05:30
1218,J4_BORELLA,2026-05-04 17:17:33.076011+05:30,140,5.53,SPEED_BELOW_10,2026-05-04 17:17:40.449043+05:30
1214,J1_KOLLUPITIYA,2026-05-04 17:17:29.318764+05:30,131,8.60,SPEED_BELOW_10,2026-05-04 17:17:30.372204+05:30
1217,J3_TOWN_HALL,2026-05-04 17:17:27.307409+05:30,141,7.85,SPEED_BELOW_10,2026-05-04 17:17:30.378907+05:30
1216,J3_TOWN_HALL,2026-05-04 17:17:27.038657+05:30,149,8.77,SPEED_BELOW_10,2026-05-04 17:17:30.378907+05:30
1213,J4_BORELLA,2026-05-04 17:17:26.301543+05:30,92,5.34,SPEED_BELOW_10,2026-05-04 17:17:30.372204+05:30
1212,J1_KOLLUPITIYA,2026-05-04 17:17:25.767201+05:30,91,2.97,SPEED_BELOW_10,2026-05-04 17:17:30.372204+05:30
1215,J2_BAMBALAPITIYA,2026-05-04 17:17:20.737785+05:30,122,8.90,SPEED_BELOW_10,2026-05-04 17:17:30.374984+05:30
1207,J3_TOWN_HALL,2026-05-04 17:17:19.992938+05:30,105,2.33,SPEED_BELOW_10,2026-05-04 17:17:20.264954+05:30
1211,J1_KOLLUPITIYA,2026-05-04 17:17:19.246014+05:30,116,9.43,SPEED_BELOW_10,2026-05-04 17:17:20.306463+05:30
1206,J3_TOWN_HALL,2026-05-04 17:17:17.975716+05:30,112,2.02,SPEED_BELOW_10,2026-05-04 17:17:20.264954+05:30
1210,J1_KOLLUPITIYA,2026-05-04 17:17:15.214193+05:30,93,9.89,SPEED_BELOW_10,2026-05-04 17:17:20.306463+05:30
1209,J1_KOLLUPITIYA,2026-05-04 17:17:12.932733+05:30,126,8.86,SPEED_BELOW_10,2026-05-04 17:17:20.306463+05:30
1208,J2_BAMBALAPITIYA,2026-05-04 17:17:11.927620+05:30,95,9.41,SPEED_BELOW_10,2026-05-04 17:17:20.305903+05:30
1205,J3_TOWN_HALL,2026-05-04 17:17:10.187921+05:30,133,9.78,SPEED_BELOW_10,2026-05-04 17:17:20.264954+05:30
1204,J2_BAMBALAPITIYA,2026-05-04 17:17:07.165120+05:30,138,2.95,SPEED_BELOW_10,2026-05-04 17:17:10.714303+05:30
1203,J2_BAMBALAPITIYA,2026-05-04 17:17:03.136974+05:30,149,6.69,SPEED_BELOW_10,2026-05-04 17:17:10.714303+05:30
1202,J3_TOWN_HALL,2026-05-04 17:16:59.589061+05:30,108,8.07,SPEED_BELOW_10,2026-05-04 17:17:00.649247+05:30
1200,J1_KOLLUPITIYA,2026-05-04 17:16:55.559825+05:30,138,8.58,SPEED_BELOW_10,2026-05-04 17:17:00.647247+05:30
1199,J1_KOLLUPITIYA,2026-05-04 17:16:53.812756+05:30,131,9.76,SPEED_BELOW_10,2026-05-04 17:17:00.647247+05:30
1201,J3_TOWN_HALL,2026-05-04 17:16:52.806371+05:30,141,4.78,SPEED_BELOW_10,2026-05-04 17:17:00.649247+05:30
1198,J4_BORELLA,2026-05-04 17:16:50.522792+05:30,148,5.27,SPEED_BELOW_10,2026-05-04 17:17:00.647247+05:30
1197,J2_BAMBALAPITIYA,2026-05-04 17:16:50.518936+05:30,109,7.73,SPEED_BELOW_10,2026-05-04 17:17:00.606949+05:30
1193,J3_TOWN_HALL,2026-05-04 17:16:48.509201+05:30,100,3.88,SPEED_BELOW_10,2026-05-04 17:16:50.566168+05:30
1196,J1_KOLLUPITIYA,2026-05-04 17:16:48.046408+05:30,104,7.25,SPEED_BELOW_10,2026-05-04 17:16:50.565336+05:30
1195,J4_BORELLA,2026-05-04 17:16:46.777813+05:30,138,7.89,SPEED_BELOW_10,2026-05-04 17:16:50.565336+05:30
1194,J4_BORELLA,2026-05-04 17:16:43.752906+05:30,91,5.06,SPEED_BELOW_10,2026-05-04 17:16:50.565336+05:30
1192,J1_KOLLUPITIYA,2026-05-04 17:16:43.479920+05:30,120,2.59,SPEED_BELOW_10,2026-05-04 17:16:50.565336+05:30
1188,J4_BORELLA,2026-05-04 17:16:39.997151+05:30,110,9.70,SPEED_BELOW_10,2026-05-04 17:16:40.466961+05:30
1191,J3_TOWN_HALL,2026-05-04 17:16:38.441244+05:30,125,5.01,SPEED_BELOW_10,2026-05-04 17:16:40.502393+05:30
1190,J2_BAMBALAPITIYA,2026-05-04 17:16:37.431191+05:30,113,9.15,SPEED_BELOW_10,2026-05-04 17:16:40.501632+05:30
1187,J4_BORELLA,2026-05-04 17:16:35.707121+05:30,150,2.22,SPEED_BELOW_10,2026-05-04 17:16:40.466961+05:30
1186,J4_BORELLA,2026-05-04 17:16:34.418090+05:30,112,4.11,SPEED_BELOW_10,2026-05-04 17:16:40.466961+05:30
1185,J1_KOLLUPITIYA,2026-05-04 17:16:33.952757+05:30,144,2.11,SPEED_BELOW_10,2026-05-04 17:16:40.466961+05:30
1189,J2_BAMBALAPITIYA,2026-05-04 17:16:30.930212+05:30,147,8.54,SPEED_BELOW_10,2026-05-04 17:16:40.501632+05:30
1184,J1_KOLLUPITIYA,2026-05-04 17:16:30.384541+05:30,91,5.97,SPEED_BELOW_10,2026-05-04 17:16:40.466961+05:30
1183,J3_TOWN_HALL,2026-05-04 17:16:26.358092+05:30,132,7.28,SPEED_BELOW_10,2026-05-04 17:16:30.437759+05:30
1179,J2_BAMBALAPITIYA,2026-05-04 17:16:24.640743+05:30,101,2.73,SPEED_BELOW_10,2026-05-04 17:16:30.435159+05:30
1182,J1_KOLLUPITIYA,2026-05-04 17:16:24.637894+05:30,116,5.97,SPEED_BELOW_10,2026-05-04 17:16:30.435080+05:30
1181,J1_KOLLUPITIYA,2026-05-04 17:16:24.344595+05:30,93,2.21,SPEED_BELOW_10,2026-05-04 17:16:30.435080+05:30
1180,J4_BORELLA,2026-05-04 17:16:22.335666+05:30,143,4.03,SPEED_BELOW_10,2026-05-04 17:16:30.435080+05:30
1176,J3_TOWN_HALL,2026-05-04 17:16:19.610448+05:30,121,4.04,SPEED_BELOW_10,2026-05-04 17:16:20.369599+05:30
1174,J3_TOWN_HALL,2026-05-04 17:16:16.286234+05:30,123,6.05,SPEED_BELOW_10,2026-05-04 17:16:20.369599+05:30
1178,J1_KOLLUPITIYA,2026-05-04 17:16:15.822289+05:30,106,4.40,SPEED_BELOW_10,2026-05-04 17:16:20.370526+05:30
1173,J3_TOWN_HALL,2026-05-04 17:16:14.579314+05:30,112,2.50,SPEED_BELOW_10,2026-05-04 17:16:20.369599+05:30
1177,J1_KOLLUPITIYA,2026-05-04 17:16:14.575552+05:30,139,5.81,SPEED_BELOW_10,2026-05-04 17:16:20.370526+05:30
1175,J2_BAMBALAPITIYA,2026-05-04 17:16:13.571289+05:30,92,6.73,SPEED_BELOW_10,2026-05-04 17:16:20.369599+05:30
1171,J3_TOWN_HALL,2026-05-04 17:16:11.256272+05:30,125,3.21,SPEED_BELOW_10,2026-05-04 17:16:20.369599+05:30
1172,J2_BAMBALAPITIYA,2026-05-04 17:16:10.789361+05:30,108,6.32,SPEED_BELOW_10,2026-05-04 17:16:20.369599+05:30
1170,J2_BAMBALAPITIYA,2026-05-04 17:16:06.225305+05:30,123,2.65,SPEED_BELOW_10,2026-05-04 17:16:10.303486+05:30
1168,J1_KOLLUPITIYA,2026-05-04 17:16:04.741049+05:30,145,9.12,SPEED_BELOW_10,2026-05-04 17:16:10.301401+05:30
1169,J2_BAMBALAPITIYA,2026-05-04 17:16:03.494829+05:30,133,2.86,SPEED_BELOW_10,2026-05-04 17:16:10.303486+05:30
1167,J4_BORELLA,2026-05-04 17:16:01.481067+05:30,91,7.85,SPEED_BELOW_10,2026-05-04 17:16:10.301401+05:30
1166,J3_TOWN_HALL,2026-05-04 17:15:58.708440+05:30,117,5.54,SPEED_BELOW_10,2026-05-04 17:16:00.234344+05:30
1162,J2_BAMBALAPITIYA,2026-05-04 17:15:57.698445+05:30,125,8.03,SPEED_BELOW_10,2026-05-04 17:16:00.232881+05:30
1164,J3_TOWN_HALL,2026-05-04 17:15:56.160808+05:30,131,8.24,SPEED_BELOW_10,2026-05-04 17:16:00.234344+05:30
1165,J4_BORELLA,2026-05-04 17:15:54.677717+05:30,92,9.31,SPEED_BELOW_10,2026-05-04 17:16:00.234110+05:30
1163,J1_KOLLUPITIYA,2026-05-04 17:15:54.433470+05:30,125,3.78,SPEED_BELOW_10,2026-05-04 17:16:00.234110+05:30
1161,J2_BAMBALAPITIYA,2026-05-04 17:15:49.641046+05:30,112,7.10,SPEED_BELOW_10,2026-05-04 17:15:50.455403+05:30
1159,J4_BORELLA,2026-05-04 17:15:49.112413+05:30,139,8.67,SPEED_BELOW_10,2026-05-04 17:15:50.455533+05:30
1160,J2_BAMBALAPITIYA,2026-05-04 17:15:47.386338+05:30,150,6.38,SPEED_BELOW_10,2026-05-04 17:15:50.455403+05:30
1156,J3_TOWN_HALL,2026-05-04 17:15:47.093384+05:30,102,7.63,SPEED_BELOW_10,2026-05-04 17:15:50.416759+05:30
1158,J2_BAMBALAPITIYA,2026-05-04 17:15:45.077336+05:30,104,7.17,SPEED_BELOW_10,2026-05-04 17:15:50.455403+05:30
1157,J1_KOLLUPITIYA,2026-05-04 17:15:41.343243+05:30,130,5.05,SPEED_BELOW_10,2026-05-04 17:15:50.455533+05:30
1155,J3_TOWN_HALL,2026-05-04 17:15:40.042828+05:30,127,5.55,SPEED_BELOW_10,2026-05-04 17:15:50.416759+05:30
1152,J2_BAMBALAPITIYA,2026-05-04 17:15:36.556081+05:30,126,6.44,SPEED_BELOW_10,2026-05-04 17:15:40.393707+05:30
1154,J3_TOWN_HALL,2026-05-04 17:15:35.295938+05:30,150,2.57,SPEED_BELOW_10,2026-05-04 17:15:40.393738+05:30
1153,J3_TOWN_HALL,2026-05-04 17:15:34.003036+05:30,104,3.15,SPEED_BELOW_10,2026-05-04 17:15:40.393738+05:30
1151,J3_TOWN_HALL,2026-05-04 17:15:33.279055+05:30,103,7.21,SPEED_BELOW_10,2026-05-04 17:15:40.393738+05:30
1150,J2_BAMBALAPITIYA,2026-05-04 17:15:31.986205+05:30,101,4.80,SPEED_BELOW_10,2026-05-04 17:15:40.393707+05:30
1149,J1_KOLLUPITIYA,2026-05-04 17:15:31.984445+05:30,133,3.50,SPEED_BELOW_10,2026-05-04 17:15:40.390490+05:30
1148,J2_BAMBALAPITIYA,2026-05-04 17:15:29.488740+05:30,146,3.15,SPEED_BELOW_10,2026-05-04 17:15:30.317762+05:30
1145,J1_KOLLUPITIYA,2026-05-04 17:15:29.485695+05:30,128,6.39,SPEED_BELOW_10,2026-05-04 17:15:30.311579+05:30
1147,J2_BAMBALAPITIYA,2026-05-04 17:15:27.468053+05:30,150,3.41,SPEED_BELOW_10,2026-05-04 17:15:30.317762+05:30
1146,J3_TOWN_HALL,2026-05-04 17:15:24.940026+05:30,113,3.66,SPEED_BELOW_10,2026-05-04 17:15:30.313964+05:30
1144,J1_KOLLUPITIYA,2026-05-04 17:15:24.446782+05:30,127,6.24,SPEED_BELOW_10,2026-05-04 17:15:30.311579+05:30
1143,J4_BORELLA,2026-05-04 17:15:20.907894+05:30,95,5.15,SPEED_BELOW_10,2026-05-04 17:15:30.311579+05:30
1142,J1_KOLLUPITIYA,2026-05-04 17:15:20.420933+05:30,109,3.65,SPEED_BELOW_10,2026-05-04 17:15:30.311579+05:30
1139,J1_KOLLUPITIYA,2026-05-04 17:15:19.177073+05:30,136,2.07,SPEED_BELOW_10,2026-05-04 17:15:20.243967+05:30
1138,J4_BORELLA,2026-05-04 17:15:16.152390+05:30,128,9.53,SPEED_BELOW_10,2026-05-04 17:15:20.243967+05:30
1141,J2_BAMBALAPITIYA,2026-05-04 17:15:15.390455+05:30,148,4.75,SPEED_BELOW_10,2026-05-04 17:15:20.252046+05:30
1140,J3_TOWN_HALL,2026-05-04 17:15:15.141115+05:30,91,3.63,SPEED_BELOW_10,2026-05-04 17:15:20.250981+05:30
1137,J4_BORELLA,2026-05-04 17:15:12.119859+05:30,91,8.30,SPEED_BELOW_10,2026-05-04 17:15:20.243967+05:30
1136,J3_TOWN_HALL,2026-05-04 17:15:06.079587+05:30,128,2.86,SPEED_BELOW_10,2026-05-04 17:15:10.434144+05:30
1135,J3_TOWN_HALL,2026-05-04 17:15:04.327800+05:30,95,3.21,SPEED_BELOW_10,2026-05-04 17:15:10.434144+05:30
1134,J3_TOWN_HALL,2026-05-04 17:15:02.053173+05:30,98,5.49,SPEED_BELOW_10,2026-05-04 17:15:10.434144+05:30
1133,J2_BAMBALAPITIYA,2026-05-04 17:15:02.050260+05:30,137,9.02,SPEED_BELOW_10,2026-05-04 17:15:10.430233+05:30
1132,J4_BORELLA,2026-05-04 17:15:00.037255+05:30,147,8.09,SPEED_BELOW_10,2026-05-04 17:15:10.374360+05:30
1128,J2_BAMBALAPITIYA,2026-05-04 17:14:57.016278+05:30,146,6.82,SPEED_BELOW_10,2026-05-04 17:15:00.357406+05:30
1130,J4_BORELLA,2026-05-04 17:14:56.728124+05:30,111,4.64,SPEED_BELOW_10,2026-05-04 17:15:00.358847+05:30
1131,J3_TOWN_HALL,2026-05-04 17:14:55.000596+05:30,107,5.93,SPEED_BELOW_10,2026-05-04 17:15:00.363893+05:30
1127,J2_BAMBALAPITIYA,2026-05-04 17:14:53.707336+05:30,140,4.69,SPEED_BELOW_10,2026-05-04 17:15:00.357406+05:30
1126,J2_BAMBALAPITIYA,2026-05-04 17:14:52.981363+05:30,97,8.40,SPEED_BELOW_10,2026-05-04 17:15:00.357406+05:30
1129,J4_BORELLA,2026-05-04 17:14:52.198501+05:30,94,7.87,SPEED_BELOW_10,2026-05-04 17:15:00.358847+05:30
1119,J4_BORELLA,2026-05-04 17:14:48.953470+05:30,121,4.27,SPEED_BELOW_10,2026-05-04 17:14:50.219223+05:30
1125,J2_BAMBALAPITIYA,2026-05-04 17:14:47.940674+05:30,125,3.69,SPEED_BELOW_10,2026-05-04 17:14:50.227605+05:30
1124,J3_TOWN_HALL,2026-05-04 17:14:46.653611+05:30,96,3.43,SPEED_BELOW_10,2026-05-04 17:14:50.226761+05:30
1118,J1_KOLLUPITIYA,2026-05-04 17:14:46.649310+05:30,120,2.02,SPEED_BELOW_10,2026-05-04 17:14:50.219223+05:30
1117,J4_BORELLA,2026-05-04 17:14:46.154209+05:30,119,6.93,SPEED_BELOW_10,2026-05-04 17:14:50.219223+05:30
1122,J3_TOWN_HALL,2026-05-04 17:14:46.150858+05:30,142,3.16,SPEED_BELOW_10,2026-05-04 17:14:50.226761+05:30
1116,J1_KOLLUPITIYA,2026-05-04 17:14:46.145475+05:30,114,4.33,SPEED_BELOW_10,2026-05-04 17:14:50.219223+05:30
1123,J2_BAMBALAPITIYA,2026-05-04 17:14:44.131366+05:30,109,4.33,SPEED_BELOW_10,2026-05-04 17:14:50.227605+05:30
1121,J3_TOWN_HALL,2026-05-04 17:14:43.628895+05:30,118,5.54,SPEED_BELOW_10,2026-05-04 17:14:50.226761+05:30
1115,J4_BORELLA,2026-05-04 17:14:43.127456+05:30,111,4.62,SPEED_BELOW_10,2026-05-04 17:14:50.219223+05:30
1120,J3_TOWN_HALL,2026-05-04 17:14:41.112412+05:30,123,5.86,SPEED_BELOW_10,2026-05-04 17:14:50.226761+05:30
1114,J4_BORELLA,2026-05-04 17:14:39.591972+05:30,95,4.09,SPEED_BELOW_10,2026-05-04 17:14:40.639462+05:30
1113,J4_BORELLA,2026-05-04 17:14:38.887476+05:30,92,4.91,SPEED_BELOW_10,2026-05-04 17:14:40.639462+05:30
1112,J4_BORELLA,2026-05-04 17:14:36.872455+05:30,147,5.12,SPEED_BELOW_10,2026-05-04 17:14:40.639462+05:30
1111,J4_BORELLA,2026-05-04 17:14:34.553645+05:30,117,9.51,SPEED_BELOW_10,2026-05-04 17:14:40.639462+05:30
1110,J1_KOLLUPITIYA,2026-05-04 17:14:32.840740+05:30,91,5.23,SPEED_BELOW_10,2026-05-04 17:14:40.639462+05:30
1109,J4_BORELLA,2026-05-04 17:14:31.525009+05:30,139,7.10,SPEED_BELOW_10,2026-05-04 17:14:40.639462+05:30
1108,J2_BAMBALAPITIYA,2026-05-04 17:14:30.514394+05:30,117,7.31,SPEED_BELOW_10,2026-05-04 17:14:40.606178+05:30
1101,J1_KOLLUPITIYA,2026-05-04 17:14:27.491743+05:30,108,3.65,SPEED_BELOW_10,2026-05-04 17:14:30.575670+05:30
1105,J2_BAMBALAPITIYA,2026-05-04 17:14:27.022183+05:30,150,2.77,SPEED_BELOW_10,2026-05-04 17:14:30.575670+05:30
1107,J3_TOWN_HALL,2026-05-04 17:14:26.015935+05:30,95,5.28,SPEED_BELOW_10,2026-05-04 17:14:30.585828+05:30
1104,J2_BAMBALAPITIYA,2026-05-04 17:14:25.476365+05:30,130,2.39,SPEED_BELOW_10,2026-05-04 17:14:30.575670+05:30
1099,J4_BORELLA,2026-05-04 17:14:23.779270+05:30,121,3.54,SPEED_BELOW_10,2026-05-04 17:14:30.575670+05:30
1103,J2_BAMBALAPITIYA,2026-05-04 17:14:23.773790+05:30,139,6.51,SPEED_BELOW_10,2026-05-04 17:14:30.575670+05:30
1106,J3_TOWN_HALL,2026-05-04 17:14:23.461578+05:30,108,9.72,SPEED_BELOW_10,2026-05-04 17:14:30.585828+05:30
1102,J2_BAMBALAPITIYA,2026-05-04 17:14:22.452483+05:30,99,7.58,SPEED_BELOW_10,2026-05-04 17:14:30.575670+05:30
1100,J2_BAMBALAPITIYA,2026-05-04 17:14:21.757911+05:30,113,6.52,SPEED_BELOW_10,2026-05-04 17:14:30.575670+05:30
1097,J1_KOLLUPITIYA,2026-05-04 17:14:16.719580+05:30,149,6.52,SPEED_BELOW_10,2026-05-04 17:14:20.490281+05:30
1096,J4_BORELLA,2026-05-04 17:14:14.708413+05:30,101,7.11,SPEED_BELOW_10,2026-05-04 17:14:20.490281+05:30
1098,J2_BAMBALAPITIYA,2026-05-04 17:14:13.694447+05:30,121,8.10,SPEED_BELOW_10,2026-05-04 17:14:20.492828+05:30
1095,J3_TOWN_HALL,2026-05-04 17:14:10.357293+05:30,143,5.46,SPEED_BELOW_10,2026-05-04 17:14:20.447592+05:30
1093,J2_BAMBALAPITIYA,2026-05-04 17:14:06.864622+05:30,100,7.19,SPEED_BELOW_10,2026-05-04 17:14:10.396251+05:30
1092,J2_BAMBALAPITIYA,2026-05-04 17:14:05.856724+05:30,142,7.70,SPEED_BELOW_10,2026-05-04 17:14:10.396251+05:30
1091,J1_KOLLUPITIYA,2026-05-04 17:14:04.309074+05:30,106,2.48,SPEED_BELOW_10,2026-05-04 17:14:10.360242+05:30
1090,J4_BORELLA,2026-05-04 17:14:03.628661+05:30,140,2.22,SPEED_BELOW_10,2026-05-04 17:14:10.360242+05:30
1089,J4_BORELLA,2026-05-04 17:14:01.609214+05:30,144,9.28,SPEED_BELOW_10,2026-05-04 17:14:10.360242+05:30
1094,J3_TOWN_HALL,2026-05-04 17:14:00.821076+05:30,135,3.47,SPEED_BELOW_10,2026-05-04 17:14:10.401449+05:30
1088,J1_KOLLUPITIYA,2026-05-04 17:14:00.277401+05:30,98,2.70,SPEED_BELOW_10,2026-05-04 17:14:10.360242+05:30
1087,J1_KOLLUPITIYA,2026-05-04 17:13:56.790090+05:30,103,8.80,SPEED_BELOW_10,2026-05-04 17:14:00.334042+05:30
1086,J1_KOLLUPITIYA,2026-05-04 17:13:52.544727+05:30,98,3.31,SPEED_BELOW_10,2026-05-04 17:14:00.334042+05:30
1084,J2_BAMBALAPITIYA,2026-05-04 17:13:51.537046+05:30,120,8.91,SPEED_BELOW_10,2026-05-04 17:14:00.334411+05:30
1085,J4_BORELLA,2026-05-04 17:13:50.530061+05:30,90,7.87,SPEED_BELOW_10,2026-05-04 17:14:00.334042+05:30
1083,J4_BORELLA,2026-05-04 17:13:49.750615+05:30,101,2.73,SPEED_BELOW_10,2026-05-04 17:13:50.259896+05:30
1082,J4_BORELLA,2026-05-04 17:13:48.744138+05:30,148,3.21,SPEED_BELOW_10,2026-05-04 17:13:50.259896+05:30
1080,J4_BORELLA,2026-05-04 17:13:47.504884+05:30,137,4.02,SPEED_BELOW_10,2026-05-04 17:13:50.259896+05:30
1081,J3_TOWN_HALL,2026-05-04 17:13:45.491470+05:30,99,8.08,SPEED_BELOW_10,2026-05-04 17:13:50.260727+05:30
1075,J3_TOWN_HALL,2026-05-04 17:13:39.676333+05:30,147,9.07,SPEED_BELOW_10,2026-05-04 17:13:40.508971+05:30
1078,J4_BORELLA,2026-05-04 17:13:38.131495+05:30,135,2.50,SPEED_BELOW_10,2026-05-04 17:13:40.509834+05:30
1074,J3_TOWN_HALL,2026-05-04 17:13:37.657428+05:30,95,3.95,SPEED_BELOW_10,2026-05-04 17:13:40.508971+05:30
1079,J2_BAMBALAPITIYA,2026-05-04 17:13:37.121348+05:30,116,8.93,SPEED_BELOW_10,2026-05-04 17:13:40.509768+05:30
1073,J3_TOWN_HALL,2026-05-04 17:13:36.429805+05:30,149,5.10,SPEED_BELOW_10,2026-05-04 17:13:40.508971+05:30
1076,J1_KOLLUPITIYA,2026-05-04 17:13:35.638558+05:30,128,8.12,SPEED_BELOW_10,2026-05-04 17:13:40.509834+05:30
1077,J2_BAMBALAPITIYA,2026-05-04 17:13:32.397581+05:30,100,8.79,SPEED_BELOW_10,2026-05-04 17:13:40.509768+05:30
1072,J3_TOWN_HALL,2026-05-04 17:13:32.088565+05:30,92,2.81,SPEED_BELOW_10,2026-05-04 17:13:40.508971+05:30
1071,J1_KOLLUPITIYA,2026-05-04 17:13:27.586384+05:30,126,8.35,SPEED_BELOW_10,2026-05-04 17:13:30.432116+05:30
1068,J2_BAMBALAPITIYA,2026-05-04 17:13:27.351372+05:30,144,2.91,SPEED_BELOW_10,2026-05-04 17:13:30.428718+05:30
1067,J3_TOWN_HALL,2026-05-04 17:13:26.041293+05:30,100,5.34,SPEED_BELOW_10,2026-05-04 17:13:30.423528+05:30
1070,J4_BORELLA,2026-05-04 17:13:25.340360+05:30,136,8.11,SPEED_BELOW_10,2026-05-04 17:13:30.432116+05:30
1069,J4_BORELLA,2026-05-04 17:13:24.331302+05:30,137,5.01,SPEED_BELOW_10,2026-05-04 17:13:30.432116+05:30
1066,J3_TOWN_HALL,2026-05-04 17:13:15.513737+05:30,147,3.74,SPEED_BELOW_10,2026-05-04 17:13:20.357984+05:30
1065,J1_KOLLUPITIYA,2026-05-04 17:13:13.489905+05:30,98,3.99,SPEED_BELOW_10,2026-05-04 17:13:20.355900+05:30
1064,J1_KOLLUPITIYA,2026-05-04 17:13:10.470828+05:30,127,5.02,SPEED_BELOW_10,2026-05-04 17:13:20.355900+05:30
1063,J4_BORELLA,2026-05-04 17:13:08.921744+05:30,130,6.00,SPEED_BELOW_10,2026-05-04 17:13:10.292704+05:30
1062,J4_BORELLA,2026-05-04 17:13:05.445007+05:30,104,3.87,SPEED_BELOW_10,2026-05-04 17:13:10.292704+05:30
1059,J3_TOWN_HALL,2026-05-04 17:13:04.899214+05:30,99,3.02,SPEED_BELOW_10,2026-05-04 17:13:10.286351+05:30
1061,J2_BAMBALAPITIYA,2026-05-04 17:13:01.876437+05:30,127,8.80,SPEED_BELOW_10,2026-05-04 17:13:10.292899+05:30
1060,J2_BAMBALAPITIYA,2026-05-04 17:13:00.868613+05:30,150,6.71,SPEED_BELOW_10,2026-05-04 17:13:10.292899+05:30
1058,J3_TOWN_HALL,2026-05-04 17:12:58.396911+05:30,123,2.26,SPEED_BELOW_10,2026-05-04 17:13:00.218219+05:30
1057,J3_TOWN_HALL,2026-05-04 17:12:56.838780+05:30,103,4.04,SPEED_BELOW_10,2026-05-04 17:13:00.218219+05:30
1056,J3_TOWN_HALL,2026-05-04 17:12:54.369577+05:30,126,5.94,SPEED_BELOW_10,2026-05-04 17:13:00.218219+05:30
1055,J3_TOWN_HALL,2026-05-04 17:12:53.815257+05:30,113,4.78,SPEED_BELOW_10,2026-05-04 17:13:00.218219+05:30
1054,J3_TOWN_HALL,2026-05-04 17:12:52.804521+05:30,99,3.91,SPEED_BELOW_10,2026-05-04 17:13:00.218219+05:30
1053,J3_TOWN_HALL,2026-05-04 17:12:51.352015+05:30,134,7.16,SPEED_BELOW_10,2026-05-04 17:13:00.218219+05:30
1049,J2_BAMBALAPITIYA,2026-05-04 17:12:49.332752+05:30,102,3.86,SPEED_BELOW_10,2026-05-04 17:12:50.399178+05:30
1052,J4_BORELLA,2026-05-04 17:12:49.101780+05:30,122,7.58,SPEED_BELOW_10,2026-05-04 17:12:50.404225+05:30
1048,J3_TOWN_HALL,2026-05-04 17:12:49.098217+05:30,97,9.71,SPEED_BELOW_10,2026-05-04 17:12:50.357785+05:30
1051,J1_KOLLUPITIYA,2026-05-04 17:12:46.072964+05:30,144,6.64,SPEED_BELOW_10,2026-05-04 17:12:50.404225+05:30
1050,J4_BORELLA,2026-05-04 17:12:45.310144+05:30,135,2.12,SPEED_BELOW_10,2026-05-04 17:12:50.404225+05:30
1047,J3_TOWN_HALL,2026-05-04 17:12:45.064378+05:30,91,7.30,SPEED_BELOW_10,2026-05-04 17:12:50.357785+05:30
1046,J3_TOWN_HALL,2026-05-04 17:12:42.294135+05:30,150,8.59,SPEED_BELOW_10,2026-05-04 17:12:50.357785+05:30
1045,J3_TOWN_HALL,2026-05-04 17:12:40.274572+05:30,144,3.24,SPEED_BELOW_10,2026-05-04 17:12:50.357785+05:30
1041,J2_BAMBALAPITIYA,2026-05-04 17:12:39.690749+05:30,137,6.52,SPEED_BELOW_10,2026-05-04 17:12:40.334240+05:30
1043,J4_BORELLA,2026-05-04 17:12:37.675719+05:30,125,8.71,SPEED_BELOW_10,2026-05-04 17:12:40.340689+05:30
1044,J3_TOWN_HALL,2026-05-04 17:12:36.246949+05:30,139,2.67,SPEED_BELOW_10,2026-05-04 17:12:40.343332+05:30
1042,J4_BORELLA,2026-05-04 17:12:35.239416+05:30,149,8.70,SPEED_BELOW_10,2026-05-04 17:12:40.340689+05:30
1040,J3_TOWN_HALL,2026-05-04 17:12:29.965823+05:30,126,4.66,SPEED_BELOW_10,2026-05-04 17:12:30.258061+05:30
1035,J2_BAMBALAPITIYA,2026-05-04 17:12:29.613464+05:30,131,2.50,SPEED_BELOW_10,2026-05-04 17:12:30.213704+05:30
1034,J2_BAMBALAPITIYA,2026-05-04 17:12:27.182577+05:30,112,4.96,SPEED_BELOW_10,2026-05-04 17:12:30.213704+05:30
1039,J3_TOWN_HALL,2026-05-04 17:12:26.944594+05:30,124,8.40,SPEED_BELOW_10,2026-05-04 17:12:30.258061+05:30
1037,J1_KOLLUPITIYA,2026-05-04 17:12:24.561253+05:30,124,2.28,SPEED_BELOW_10,2026-05-04 17:12:30.252432+05:30
1038,J3_TOWN_HALL,2026-05-04 17:12:23.923133+05:30,126,4.95,SPEED_BELOW_10,2026-05-04 17:12:30.258061+05:30
1033,J2_BAMBALAPITIYA,2026-05-04 17:12:20.894139+05:30,149,2.82,SPEED_BELOW_10,2026-05-04 17:12:30.213704+05:30
1036,J1_KOLLUPITIYA,2026-05-04 17:12:20.891124+05:30,109,8.55,SPEED_BELOW_10,2026-05-04 17:12:30.252432+05:30
1032,J2_BAMBALAPITIYA,2026-05-04 17:12:20.531244+05:30,122,9.74,SPEED_BELOW_10,2026-05-04 17:12:30.213704+05:30
1027,J4_BORELLA,2026-05-04 17:12:17.054123+05:30,104,9.65,SPEED_BELOW_10,2026-05-04 17:12:20.536039+05:30
1031,J3_TOWN_HALL,2026-05-04 17:12:16.043208+05:30,148,7.12,SPEED_BELOW_10,2026-05-04 17:12:20.584542+05:30
1029,J2_BAMBALAPITIYA,2026-05-04 17:12:15.853138+05:30,111,3.01,SPEED_BELOW_10,2026-05-04 17:12:20.579601+05:30
1028,J2_BAMBALAPITIYA,2026-05-04 17:12:11.823575+05:30,134,2.96,SPEED_BELOW_10,2026-05-04 17:12:20.579601+05:30
1030,J3_TOWN_HALL,2026-05-04 17:12:11.473110+05:30,104,2.85,SPEED_BELOW_10,2026-05-04 17:12:20.584542+05:30
1026,J1_KOLLUPITIYA,2026-05-04 17:12:10.461415+05:30,121,5.74,SPEED_BELOW_10,2026-05-04 17:12:20.536039+05:30
1024,J2_BAMBALAPITIYA,2026-05-04 17:12:09.452444+05:30,94,2.89,SPEED_BELOW_10,2026-05-04 17:12:10.503316+05:30
1025,J3_TOWN_HALL,2026-05-04 17:12:07.927771+05:30,100,7.24,SPEED_BELOW_10,2026-05-04 17:12:10.505359+05:30
1022,J3_TOWN_HALL,2026-05-04 17:11:58.734743+05:30,104,4.58,SPEED_BELOW_10,2026-05-04 17:12:00.432536+05:30
1023,J1_KOLLUPITIYA,2026-05-04 17:11:58.367628+05:30,90,3.72,SPEED_BELOW_10,2026-05-04 17:12:00.434011+05:30
1021,J3_TOWN_HALL,2026-05-04 17:11:53.838351+05:30,110,3.38,SPEED_BELOW_10,2026-05-04 17:12:00.432536+05:30
1020,J3_TOWN_HALL,2026-05-04 17:11:51.688780+05:30,141,7.54,SPEED_BELOW_10,2026-05-04 17:12:00.432536+05:30
1017,J2_BAMBALAPITIYA,2026-05-04 17:11:46.655937+05:30,146,3.54,SPEED_BELOW_10,2026-05-04 17:11:50.364511+05:30
1019,J4_BORELLA,2026-05-04 17:11:45.288674+05:30,124,9.84,SPEED_BELOW_10,2026-05-04 17:11:50.365098+05:30
1016,J2_BAMBALAPITIYA,2026-05-04 17:11:45.285698+05:30,98,7.45,SPEED_BELOW_10,2026-05-04 17:11:50.364511+05:30
1018,J4_BORELLA,2026-05-04 17:11:44.280787+05:30,137,7.46,SPEED_BELOW_10,2026-05-04 17:11:50.365098+05:30
1015,J1_KOLLUPITIYA,2026-05-04 17:11:33.192013+05:30,118,5.09,SPEED_BELOW_10,2026-05-04 17:11:40.301902+05:30
1014,J3_TOWN_HALL,2026-05-04 17:11:32.185677+05:30,149,6.70,SPEED_BELOW_10,2026-05-04 17:11:40.300703+05:30
1010,J3_TOWN_HALL,2026-05-04 17:11:28.443285+05:30,102,4.60,SPEED_BELOW_10,2026-05-04 17:11:30.228601+05:30
1009,J3_TOWN_HALL,2026-05-04 17:11:28.154640+05:30,98,3.73,SPEED_BELOW_10,2026-05-04 17:11:30.228601+05:30
1008,J3_TOWN_HALL,2026-05-04 17:11:26.654892+05:30,119,7.53,SPEED_BELOW_10,2026-05-04 17:11:30.228601+05:30
1011,J2_BAMBALAPITIYA,2026-05-04 17:11:24.413964+05:30,146,6.09,SPEED_BELOW_10,2026-05-04 17:11:30.232391+05:30
1007,J3_TOWN_HALL,2026-05-04 17:11:24.123209+05:30,99,6.40,SPEED_BELOW_10,2026-05-04 17:11:30.228601+05:30
1013,J1_KOLLUPITIYA,2026-05-04 17:11:24.120871+05:30,90,9.85,SPEED_BELOW_10,2026-05-04 17:11:30.238668+05:30
1012,J1_KOLLUPITIYA,2026-05-04 17:11:23.621752+05:30,149,6.92,SPEED_BELOW_10,2026-05-04 17:11:30.238668+05:30
1001,J2_BAMBALAPITIYA,2026-05-04 17:11:18.593841+05:30,128,5.66,SPEED_BELOW_10,2026-05-04 17:11:20.443257+05:30
1004,J1_KOLLUPITIYA,2026-05-04 17:11:17.356070+05:30,127,3.97,SPEED_BELOW_10,2026-05-04 17:11:20.447728+05:30
1006,J3_TOWN_HALL,2026-05-04 17:11:15.342335+05:30,121,4.60,SPEED_BELOW_10,2026-05-04 17:11:20.451368+05:30
1000,J2_BAMBALAPITIYA,2026-05-04 17:11:15.066175+05:30,109,5.47,SPEED_BELOW_10,2026-05-04 17:11:20.443257+05:30
1003,J4_BORELLA,2026-05-04 17:11:13.329364+05:30,145,6.39,SPEED_BELOW_10,2026-05-04 17:11:20.447728+05:30
1002,J1_KOLLUPITIYA,2026-05-04 17:11:12.037529+05:30,112,5.99,SPEED_BELOW_10,2026-05-04 17:11:20.447728+05:30
1005,J3_TOWN_HALL,2026-05-04 17:11:11.028726+05:30,96,4.96,SPEED_BELOW_10,2026-05-04 17:11:20.451368+05:30
994,J3_TOWN_HALL,2026-05-04 17:11:09.537455+05:30,130,5.64,SPEED_BELOW_10,2026-05-04 17:11:10.435628+05:30
999,J1_KOLLUPITIYA,2026-05-04 17:11:09.008263+05:30,94,8.46,SPEED_BELOW_10,2026-05-04 17:11:10.446840+05:30
998,J4_BORELLA,2026-05-04 17:11:08.302362+05:30,131,8.71,SPEED_BELOW_10,2026-05-04 17:11:10.446840+05:30
997,J1_KOLLUPITIYA,2026-05-04 17:11:08.298447+05:30,134,3.33,SPEED_BELOW_10,2026-05-04 17:11:10.446840+05:30
996,J1_KOLLUPITIYA,2026-05-04 17:11:04.498255+05:30,98,6.34,SPEED_BELOW_10,2026-05-04 17:11:10.446840+05:30
993,J3_TOWN_HALL,2026-05-04 17:11:03.971998+05:30,120,8.31,SPEED_BELOW_10,2026-05-04 17:11:10.435628+05:30
995,J1_KOLLUPITIYA,2026-05-04 17:11:02.961858+05:30,141,5.76,SPEED_BELOW_10,2026-05-04 17:11:10.446840+05:30
992,J3_TOWN_HALL,2026-05-04 17:10:59.943315+05:30,107,3.21,SPEED_BELOW_10,2026-05-04 17:11:00.323758+05:30
988,J2_BAMBALAPITIYA,2026-05-04 17:10:58.931999+05:30,94,8.12,SPEED_BELOW_10,2026-05-04 17:11:00.317615+05:30
987,J2_BAMBALAPITIYA,2026-05-04 17:10:58.236360+05:30,136,8.44,SPEED_BELOW_10,2026-05-04 17:11:00.317615+05:30
991,J3_TOWN_HALL,2026-05-04 17:10:56.442212+05:30,124,3.43,SPEED_BELOW_10,2026-05-04 17:11:00.323758+05:30
985,J4_BORELLA,2026-05-04 17:10:56.222066+05:30,114,8.99,SPEED_BELOW_10,2026-05-04 17:11:00.318391+05:30
986,J2_BAMBALAPITIYA,2026-05-04 17:10:55.432831+05:30,101,4.82,SPEED_BELOW_10,2026-05-04 17:11:00.317615+05:30
990,J3_TOWN_HALL,2026-05-04 17:10:53.898983+05:30,117,6.26,SPEED_BELOW_10,2026-05-04 17:11:00.323758+05:30
989,J3_TOWN_HALL,2026-05-04 17:10:50.871699+05:30,97,7.17,SPEED_BELOW_10,2026-05-04 17:11:00.323758+05:30
984,J2_BAMBALAPITIYA,2026-05-04 17:10:50.402467+05:30,119,9.64,SPEED_BELOW_10,2026-05-04 17:11:00.317615+05:30
981,J2_BAMBALAPITIYA,2026-05-04 17:10:48.856954+05:30,140,8.68,SPEED_BELOW_10,2026-05-04 17:10:50.227034+05:30
980,J2_BAMBALAPITIYA,2026-05-04 17:10:46.375820+05:30,145,7.97,SPEED_BELOW_10,2026-05-04 17:10:50.227034+05:30
983,J3_TOWN_HALL,2026-05-04 17:10:44.831473+05:30,133,3.99,SPEED_BELOW_10,2026-05-04 17:10:50.230907+05:30
976,J4_BORELLA,2026-05-04 17:10:43.361264+05:30,115,7.27,SPEED_BELOW_10,2026-05-04 17:10:50.202843+05:30
979,J2_BAMBALAPITIYA,2026-05-04 17:10:43.358336+05:30,113,2.17,SPEED_BELOW_10,2026-05-04 17:10:50.227034+05:30
978,J2_BAMBALAPITIYA,2026-05-04 17:10:42.350119+05:30,132,7.09,SPEED_BELOW_10,2026-05-04 17:10:50.227034+05:30
982,J3_TOWN_HALL,2026-05-04 17:10:42.116876+05:30,128,5.36,SPEED_BELOW_10,2026-05-04 17:10:50.230907+05:30
977,J2_BAMBALAPITIYA,2026-05-04 17:10:41.104816+05:30,149,8.56,SPEED_BELOW_10,2026-05-04 17:10:50.227034+05:30
975,J1_KOLLUPITIYA,2026-05-04 17:10:40.327116+05:30,142,5.81,SPEED_BELOW_10,2026-05-04 17:10:50.202843+05:30
974,J4_BORELLA,2026-05-04 17:10:37.778258+05:30,110,5.50,SPEED_BELOW_10,2026-05-04 17:10:40.377652+05:30
973,J4_BORELLA,2026-05-04 17:10:37.083432+05:30,130,5.10,SPEED_BELOW_10,2026-05-04 17:10:40.377652+05:30
972,J4_BORELLA,2026-05-04 17:10:31.737855+05:30,149,6.89,SPEED_BELOW_10,2026-05-04 17:10:40.377652+05:30
971,J4_BORELLA,2026-05-04 17:10:31.267705+05:30,100,2.26,SPEED_BELOW_10,2026-05-04 17:10:40.377652+05:30
970,J4_BORELLA,2026-05-04 17:10:28.715346+05:30,108,7.84,SPEED_BELOW_10,2026-05-04 17:10:30.315685+05:30
962,J2_BAMBALAPITIYA,2026-05-04 17:10:28.710026+05:30,133,7.79,SPEED_BELOW_10,2026-05-04 17:10:30.315856+05:30
961,J2_BAMBALAPITIYA,2026-05-04 17:10:28.244171+05:30,123,8.41,SPEED_BELOW_10,2026-05-04 17:10:30.315856+05:30
969,J4_BORELLA,2026-05-04 17:10:28.022647+05:30,140,6.59,SPEED_BELOW_10,2026-05-04 17:10:30.315685+05:30
968,J1_KOLLUPITIYA,2026-05-04 17:10:28.016116+05:30,141,7.15,SPEED_BELOW_10,2026-05-04 17:10:30.315685+05:30
963,J3_TOWN_HALL,2026-05-04 17:10:27.010867+05:30,136,8.14,SPEED_BELOW_10,2026-05-04 17:10:30.316056+05:30
967,J1_KOLLUPITIYA,2026-05-04 17:10:25.221134+05:30,131,3.63,SPEED_BELOW_10,2026-05-04 17:10:30.315685+05:30
966,J1_KOLLUPITIYA,2026-05-04 17:10:24.992129+05:30,122,6.13,SPEED_BELOW_10,2026-05-04 17:10:30.315685+05:30
965,J4_BORELLA,2026-05-04 17:10:22.670508+05:30,140,4.26,SPEED_BELOW_10,2026-05-04 17:10:30.315685+05:30
959,J3_TOWN_HALL,2026-05-04 17:10:22.201226+05:30,109,2.81,SPEED_BELOW_10,2026-05-04 17:10:30.316056+05:30
964,J1_KOLLUPITIYA,2026-05-04 17:10:22.195994+05:30,103,8.04,SPEED_BELOW_10,2026-05-04 17:10:30.315685+05:30
958,J2_BAMBALAPITIYA,2026-05-04 17:10:21.657300+05:30,90,6.17,SPEED_BELOW_10,2026-05-04 17:10:30.315856+05:30
960,J1_KOLLUPITIYA,2026-05-04 17:10:20.967015+05:30,124,5.77,SPEED_BELOW_10,2026-05-04 17:10:30.315685+05:30
952,J3_TOWN_HALL,2026-05-04 17:10:19.180921+05:30,102,3.70,SPEED_BELOW_10,2026-05-04 17:10:20.240604+05:30
957,J1_KOLLUPITIYA,2026-05-04 17:10:18.950971+05:30,131,6.70,SPEED_BELOW_10,2026-05-04 17:10:20.249467+05:30
951,J3_TOWN_HALL,2026-05-04 17:10:17.943508+05:30,134,5.12,SPEED_BELOW_10,2026-05-04 17:10:20.240604+05:30
950,J3_TOWN_HALL,2026-05-04 17:10:17.633429+05:30,109,2.76,SPEED_BELOW_10,2026-05-04 17:10:20.240604+05:30
949,J3_TOWN_HALL,2026-05-04 17:10:16.158147+05:30,128,3.07,SPEED_BELOW_10,2026-05-04 17:10:20.240604+05:30
956,J1_KOLLUPITIYA,2026-05-04 17:10:15.617890+05:30,112,8.69,SPEED_BELOW_10,2026-05-04 17:10:20.249467+05:30
948,J3_TOWN_HALL,2026-05-04 17:10:15.147061+05:30,129,3.73,SPEED_BELOW_10,2026-05-04 17:10:20.240604+05:30
955,J1_KOLLUPITIYA,2026-05-04 17:10:14.602139+05:30,126,3.28,SPEED_BELOW_10,2026-05-04 17:10:20.249467+05:30
954,J4_BORELLA,2026-05-04 17:10:14.139133+05:30,113,2.74,SPEED_BELOW_10,2026-05-04 17:10:20.249467+05:30
953,J2_BAMBALAPITIYA,2026-05-04 17:10:12.907268+05:30,121,8.23,SPEED_BELOW_10,2026-05-04 17:10:20.248260+05:30
945,J3_TOWN_HALL,2026-05-04 17:10:06.867493+05:30,135,3.93,SPEED_BELOW_10,2026-05-04 17:10:10.627543+05:30
947,J4_BORELLA,2026-05-04 17:10:06.090131+05:30,92,5.03,SPEED_BELOW_10,2026-05-04 17:10:10.628974+05:30
946,J4_BORELLA,2026-05-04 17:10:03.847745+05:30,101,2.64,SPEED_BELOW_10,2026-05-04 17:10:10.628974+05:30
944,J3_TOWN_HALL,2026-05-04 17:10:02.062443+05:30,96,4.18,SPEED_BELOW_10,2026-05-04 17:10:10.627543+05:30
943,J4_BORELLA,2026-05-04 17:09:58.519045+05:30,96,7.89,SPEED_BELOW_10,2026-05-04 17:10:00.573496+05:30
942,J4_BORELLA,2026-05-04 17:09:57.802202+05:30,145,7.37,SPEED_BELOW_10,2026-05-04 17:10:00.573496+05:30
939,J3_TOWN_HALL,2026-05-04 17:09:57.510262+05:30,141,2.33,SPEED_BELOW_10,2026-05-04 17:10:00.573359+05:30
941,J1_KOLLUPITIYA,2026-05-04 17:09:57.026637+05:30,141,2.49,SPEED_BELOW_10,2026-05-04 17:10:00.573496+05:30
940,J1_KOLLUPITIYA,2026-05-04 17:09:56.022215+05:30,114,3.13,SPEED_BELOW_10,2026-05-04 17:10:00.573496+05:30
938,J1_KOLLUPITIYA,2026-05-04 17:09:55.785561+05:30,139,8.89,SPEED_BELOW_10,2026-05-04 17:10:00.573496+05:30
937,J4_BORELLA,2026-05-04 17:09:53.774944+05:30,138,5.24,SPEED_BELOW_10,2026-05-04 17:10:00.573496+05:30
936,J1_KOLLUPITIYA,2026-05-04 17:09:52.998337+05:30,138,4.31,SPEED_BELOW_10,2026-05-04 17:10:00.573496+05:30
934,J1_KOLLUPITIYA,2026-05-04 17:09:51.753493+05:30,145,3.15,SPEED_BELOW_10,2026-05-04 17:10:00.573496+05:30
935,J3_TOWN_HALL,2026-05-04 17:09:50.743966+05:30,127,3.44,SPEED_BELOW_10,2026-05-04 17:10:00.573359+05:30
932,J4_BORELLA,2026-05-04 17:09:46.964502+05:30,146,8.87,SPEED_BELOW_10,2026-05-04 17:09:50.509353+05:30
931,J1_KOLLUPITIYA,2026-05-04 17:09:45.713577+05:30,109,9.62,SPEED_BELOW_10,2026-05-04 17:09:50.509353+05:30
933,J2_BAMBALAPITIYA,2026-05-04 17:09:41.930762+05:30,130,8.35,SPEED_BELOW_10,2026-05-04 17:09:50.509832+05:30
929,J3_TOWN_HALL,2026-05-04 17:09:37.381692+05:30,95,9.84,SPEED_BELOW_10,2026-05-04 17:09:40.454518+05:30
928,J2_BAMBALAPITIYA,2026-05-04 17:09:35.888759+05:30,121,4.88,SPEED_BELOW_10,2026-05-04 17:09:40.413354+05:30
930,J1_KOLLUPITIYA,2026-05-04 17:09:32.861444+05:30,140,7.02,SPEED_BELOW_10,2026-05-04 17:09:40.455287+05:30
927,J2_BAMBALAPITIYA,2026-05-04 17:09:30.326015+05:30,95,4.50,SPEED_BELOW_10,2026-05-04 17:09:40.413354+05:30
926,J3_TOWN_HALL,2026-05-04 17:09:29.318821+05:30,136,3.48,SPEED_BELOW_10,2026-05-04 17:09:30.387681+05:30
925,J4_BORELLA,2026-05-04 17:09:26.584665+05:30,98,9.08,SPEED_BELOW_10,2026-05-04 17:09:30.380145+05:30
924,J4_BORELLA,2026-05-04 17:09:25.579128+05:30,133,9.76,SPEED_BELOW_10,2026-05-04 17:09:30.380145+05:30
923,J4_BORELLA,2026-05-04 17:09:24.818411+05:30,133,3.21,SPEED_BELOW_10,2026-05-04 17:09:30.380145+05:30
922,J2_BAMBALAPITIYA,2026-05-04 17:09:19.784046+05:30,147,4.19,SPEED_BELOW_10,2026-05-04 17:09:20.328416+05:30
921,J1_KOLLUPITIYA,2026-05-04 17:09:18.528582+05:30,109,7.08,SPEED_BELOW_10,2026-05-04 17:09:20.325835+05:30
920,J3_TOWN_HALL,2026-05-04 17:09:14.752336+05:30,137,4.23,SPEED_BELOW_10,2026-05-04 17:09:20.325808+05:30
919,J4_BORELLA,2026-05-04 17:09:14.231453+05:30,118,2.93,SPEED_BELOW_10,2026-05-04 17:09:20.325835+05:30
918,J3_TOWN_HALL,2026-05-04 17:09:11.734840+05:30,117,6.91,SPEED_BELOW_10,2026-05-04 17:09:20.325808+05:30
914,J4_BORELLA,2026-05-04 17:09:09.197621+05:30,128,9.17,SPEED_BELOW_10,2026-05-04 17:09:10.243194+05:30
913,J4_BORELLA,2026-05-04 17:09:06.180257+05:30,146,4.38,SPEED_BELOW_10,2026-05-04 17:09:10.243194+05:30
917,J3_TOWN_HALL,2026-05-04 17:09:05.167598+05:30,124,9.07,SPEED_BELOW_10,2026-05-04 17:09:10.283330+05:30
912,J1_KOLLUPITIYA,2026-05-04 17:09:04.153522+05:30,103,2.08,SPEED_BELOW_10,2026-05-04 17:09:10.243194+05:30
916,J2_BAMBALAPITIYA,2026-05-04 17:09:02.677855+05:30,103,3.91,SPEED_BELOW_10,2026-05-04 17:09:10.278957+05:30
915,J2_BAMBALAPITIYA,2026-05-04 17:09:00.663557+05:30,96,5.74,SPEED_BELOW_10,2026-05-04 17:09:10.278957+05:30
911,J1_KOLLUPITIYA,2026-05-04 17:09:00.397540+05:30,105,3.99,SPEED_BELOW_10,2026-05-04 17:09:10.243194+05:30
910,J1_KOLLUPITIYA,2026-05-04 17:08:55.625289+05:30,107,7.11,SPEED_BELOW_10,2026-05-04 17:09:00.440235+05:30
909,J1_KOLLUPITIYA,2026-05-04 17:08:53.081444+05:30,96,6.56,SPEED_BELOW_10,2026-05-04 17:09:00.440235+05:30
905,J3_TOWN_HALL,2026-05-04 17:08:45.027047+05:30,141,2.73,SPEED_BELOW_10,2026-05-04 17:08:50.385421+05:30
908,J1_KOLLUPITIYA,2026-05-04 17:08:41.997113+05:30,125,5.53,SPEED_BELOW_10,2026-05-04 17:08:50.388627+05:30
907,J1_KOLLUPITIYA,2026-05-04 17:08:41.246361+05:30,122,2.82,SPEED_BELOW_10,2026-05-04 17:08:50.388627+05:30
906,J4_BORELLA,2026-05-04 17:08:40.992573+05:30,101,4.27,SPEED_BELOW_10,2026-05-04 17:08:50.388627+05:30
904,J2_BAMBALAPITIYA,2026-05-04 17:08:40.241675+05:30,118,5.06,SPEED_BELOW_10,2026-05-04 17:08:50.337547+05:30
903,J2_BAMBALAPITIYA,2026-05-04 17:08:39.979506+05:30,130,8.67,SPEED_BELOW_10,2026-05-04 17:08:40.285619+05:30
899,J1_KOLLUPITIYA,2026-05-04 17:08:39.234905+05:30,93,8.48,SPEED_BELOW_10,2026-05-04 17:08:40.283828+05:30
898,J1_KOLLUPITIYA,2026-05-04 17:08:36.219649+05:30,112,8.15,SPEED_BELOW_10,2026-05-04 17:08:40.283828+05:30
902,J2_BAMBALAPITIYA,2026-05-04 17:08:35.465826+05:30,147,9.70,SPEED_BELOW_10,2026-05-04 17:08:40.285619+05:30
897,J4_BORELLA,2026-05-04 17:08:34.946308+05:30,144,7.49,SPEED_BELOW_10,2026-05-04 17:08:40.283828+05:30
896,J1_KOLLUPITIYA,2026-05-04 17:08:32.927816+05:30,122,7.70,SPEED_BELOW_10,2026-05-04 17:08:40.283828+05:30
901,J2_BAMBALAPITIYA,2026-05-04 17:08:32.442392+05:30,141,7.28,SPEED_BELOW_10,2026-05-04 17:08:40.285619+05:30
900,J2_BAMBALAPITIYA,2026-05-04 17:08:31.917720+05:30,109,5.33,SPEED_BELOW_10,2026-05-04 17:08:40.285619+05:30
895,J4_BORELLA,2026-05-04 17:08:31.435969+05:30,134,5.86,SPEED_BELOW_10,2026-05-04 17:08:40.283828+05:30
893,J1_KOLLUPITIYA,2026-05-04 17:08:27.165892+05:30,145,6.82,SPEED_BELOW_10,2026-05-04 17:08:30.234581+05:30
892,J1_KOLLUPITIYA,2026-05-04 17:08:26.887736+05:30,91,7.22,SPEED_BELOW_10,2026-05-04 17:08:30.234581+05:30
894,J3_TOWN_HALL,2026-05-04 17:08:25.882118+05:30,130,9.78,SPEED_BELOW_10,2026-05-04 17:08:30.236955+05:30
891,J1_KOLLUPITIYA,2026-05-04 17:08:25.384751+05:30,116,3.96,SPEED_BELOW_10,2026-05-04 17:08:30.234581+05:30
890,J4_BORELLA,2026-05-04 17:08:23.136352+05:30,94,8.82,SPEED_BELOW_10,2026-05-04 17:08:30.234581+05:30
889,J4_BORELLA,2026-05-04 17:08:19.837648+05:30,114,2.70,SPEED_BELOW_10,2026-05-04 17:08:20.409658+05:30
886,J3_TOWN_HALL,2026-05-04 17:08:14.798415+05:30,95,8.33,SPEED_BELOW_10,2026-05-04 17:08:20.409654+05:30
888,J1_KOLLUPITIYA,2026-05-04 17:08:14.078277+05:30,108,4.00,SPEED_BELOW_10,2026-05-04 17:08:20.409658+05:30
887,J4_BORELLA,2026-05-04 17:08:10.772005+05:30,147,6.65,SPEED_BELOW_10,2026-05-04 17:08:20.409658+05:30
879,J2_BAMBALAPITIYA,2026-05-04 17:08:09.260808+05:30,120,5.30,SPEED_BELOW_10,2026-05-04 17:08:10.358877+05:30
884,J4_BORELLA,2026-05-04 17:08:08.042834+05:30,130,9.66,SPEED_BELOW_10,2026-05-04 17:08:10.359093+05:30
883,J4_BORELLA,2026-05-04 17:08:06.237727+05:30,130,5.89,SPEED_BELOW_10,2026-05-04 17:08:10.359093+05:30
882,J4_BORELLA,2026-05-04 17:08:05.230759+05:30,106,4.92,SPEED_BELOW_10,2026-05-04 17:08:10.359093+05:30
881,J1_KOLLUPITIYA,2026-05-04 17:08:04.220803+05:30,145,5.40,SPEED_BELOW_10,2026-05-04 17:08:10.359093+05:30
880,J4_BORELLA,2026-05-04 17:08:04.016710+05:30,131,9.62,SPEED_BELOW_10,2026-05-04 17:08:10.359093+05:30
885,J3_TOWN_HALL,2026-05-04 17:08:02.205341+05:30,134,5.44,SPEED_BELOW_10,2026-05-04 17:08:10.365876+05:30
876,J1_KOLLUPITIYA,2026-05-04 17:07:59.177950+05:30,111,8.02,SPEED_BELOW_10,2026-05-04 17:08:00.231997+05:30
875,J1_KOLLUPITIYA,2026-05-04 17:07:58.684845+05:30,93,6.02,SPEED_BELOW_10,2026-05-04 17:08:00.231997+05:30
874,J1_KOLLUPITIYA,2026-05-04 17:07:57.974939+05:30,111,8.35,SPEED_BELOW_10,2026-05-04 17:08:00.231997+05:30
873,J4_BORELLA,2026-05-04 17:07:55.961184+05:30,104,4.12,SPEED_BELOW_10,2026-05-04 17:08:00.231997+05:30
872,J1_KOLLUPITIYA,2026-05-04 17:07:54.657140+05:30,143,6.70,SPEED_BELOW_10,2026-05-04 17:08:00.231997+05:30
871,J1_KOLLUPITIYA,2026-05-04 17:07:53.936255+05:30,118,8.69,SPEED_BELOW_10,2026-05-04 17:08:00.231997+05:30
878,J3_TOWN_HALL,2026-05-04 17:07:52.931430+05:30,125,4.77,SPEED_BELOW_10,2026-05-04 17:08:00.234643+05:30
870,J1_KOLLUPITIYA,2026-05-04 17:07:52.929598+05:30,134,4.56,SPEED_BELOW_10,2026-05-04 17:08:00.231997+05:30
877,J3_TOWN_HALL,2026-05-04 17:07:51.128692+05:30,105,5.78,SPEED_BELOW_10,2026-05-04 17:08:00.234643+05:30
869,J3_TOWN_HALL,2026-05-04 17:07:49.118140+05:30,123,9.88,SPEED_BELOW_10,2026-05-04 17:07:50.643273+05:30
868,J3_TOWN_HALL,2026-05-04 17:07:46.889758+05:30,119,8.46,SPEED_BELOW_10,2026-05-04 17:07:50.643273+05:30
865,J4_BORELLA,2026-05-04 17:07:46.564631+05:30,93,8.56,SPEED_BELOW_10,2026-05-04 17:07:50.605378+05:30
864,J4_BORELLA,2026-05-04 17:07:45.089770+05:30,126,4.41,SPEED_BELOW_10,2026-05-04 17:07:50.605378+05:30
863,J1_KOLLUPITIYA,2026-05-04 17:07:45.083881+05:30,102,5.40,SPEED_BELOW_10,2026-05-04 17:07:50.605378+05:30
867,J3_TOWN_HALL,2026-05-04 17:07:44.878280+05:30,133,9.15,SPEED_BELOW_10,2026-05-04 17:07:50.643273+05:30
862,J4_BORELLA,2026-05-04 17:07:43.871760+05:30,131,5.34,SPEED_BELOW_10,2026-05-04 17:07:50.605378+05:30
866,J2_BAMBALAPITIYA,2026-05-04 17:07:43.070259+05:30,141,6.45,SPEED_BELOW_10,2026-05-04 17:07:50.639791+05:30
861,J1_KOLLUPITIYA,2026-05-04 17:07:42.858633+05:30,122,9.37,SPEED_BELOW_10,2026-05-04 17:07:50.605378+05:30
860,J1_KOLLUPITIYA,2026-05-04 17:07:41.849199+05:30,143,6.34,SPEED_BELOW_10,2026-05-04 17:07:50.605378+05:30
859,J1_KOLLUPITIYA,2026-05-04 17:07:41.522149+05:30,124,3.31,SPEED_BELOW_10,2026-05-04 17:07:50.605378+05:30
858,J1_KOLLUPITIYA,2026-05-04 17:07:40.050667+05:30,116,3.27,SPEED_BELOW_10,2026-05-04 17:07:50.605378+05:30
854,J1_KOLLUPITIYA,2026-05-04 17:07:39.501509+05:30,105,3.69,SPEED_BELOW_10,2026-05-04 17:07:40.569059+05:30
857,J3_TOWN_HALL,2026-05-04 17:07:39.044761+05:30,106,8.66,SPEED_BELOW_10,2026-05-04 17:07:40.573170+05:30
853,J4_BORELLA,2026-05-04 17:07:38.497985+05:30,136,7.87,SPEED_BELOW_10,2026-05-04 17:07:40.569059+05:30
852,J1_KOLLUPITIYA,2026-05-04 17:07:35.479701+05:30,100,4.07,SPEED_BELOW_10,2026-05-04 17:07:40.569059+05:30
856,J3_TOWN_HALL,2026-05-04 17:07:35.015473+05:30,92,7.08,SPEED_BELOW_10,2026-05-04 17:07:40.573170+05:30
855,J3_TOWN_HALL,2026-05-04 17:07:34.006214+05:30,105,5.41,SPEED_BELOW_10,2026-05-04 17:07:40.573170+05:30
851,J1_KOLLUPITIYA,2026-05-04 17:07:30.741799+05:30,128,8.77,SPEED_BELOW_10,2026-05-04 17:07:40.569059+05:30
850,J1_KOLLUPITIYA,2026-05-04 17:07:29.734072+05:30,95,8.33,SPEED_BELOW_10,2026-05-04 17:07:30.500741+05:30
849,J4_BORELLA,2026-05-04 17:07:27.418457+05:30,148,7.92,SPEED_BELOW_10,2026-05-04 17:07:30.500741+05:30
847,J3_TOWN_HALL,2026-05-04 17:07:25.712427+05:30,98,7.33,SPEED_BELOW_10,2026-05-04 17:07:30.500615+05:30
848,J4_BORELLA,2026-05-04 17:07:23.700017+05:30,125,5.01,SPEED_BELOW_10,2026-05-04 17:07:30.500741+05:30
846,J2_BAMBALAPITIYA,2026-05-04 17:07:18.659940+05:30,103,2.77,SPEED_BELOW_10,2026-05-04 17:07:20.400094+05:30
844,J2_BAMBALAPITIYA,2026-05-04 17:07:16.897451+05:30,150,2.16,SPEED_BELOW_10,2026-05-04 17:07:20.400094+05:30
845,J4_BORELLA,2026-05-04 17:07:14.879138+05:30,111,4.15,SPEED_BELOW_10,2026-05-04 17:07:20.400448+05:30
843,J4_BORELLA,2026-05-04 17:07:13.312521+05:30,120,2.51,SPEED_BELOW_10,2026-05-04 17:07:20.400448+05:30
842,J1_KOLLUPITIYA,2026-05-04 17:07:09.280433+05:30,122,6.02,SPEED_BELOW_10,2026-05-04 17:07:10.341163+05:30
841,J4_BORELLA,2026-05-04 17:07:08.593184+05:30,110,9.47,SPEED_BELOW_10,2026-05-04 17:07:10.341163+05:30
837,J2_BAMBALAPITIYA,2026-05-04 17:07:07.581010+05:30,139,3.31,SPEED_BELOW_10,2026-05-04 17:07:10.339145+05:30
840,J4_BORELLA,2026-05-04 17:07:06.823551+05:30,148,5.08,SPEED_BELOW_10,2026-05-04 17:07:10.341163+05:30
839,J1_KOLLUPITIYA,2026-05-04 17:07:00.788482+05:30,102,9.05,SPEED_BELOW_10,2026-05-04 17:07:10.341163+05:30
838,J4_BORELLA,2026-05-04 17:07:00.218871+05:30,129,7.63,SPEED_BELOW_10,2026-05-04 17:07:10.341163+05:30
836,J2_BAMBALAPITIYA,2026-05-04 17:06:54.751436+05:30,124,4.62,SPEED_BELOW_10,2026-05-04 17:07:00.271801+05:30
834,J4_BORELLA,2026-05-04 17:06:50.434297+05:30,131,7.36,SPEED_BELOW_10,2026-05-04 17:07:00.226793+05:30
833,J1_KOLLUPITIYA,2026-05-04 17:06:50.429032+05:30,108,6.81,SPEED_BELOW_10,2026-05-04 17:07:00.226793+05:30
835,J3_TOWN_HALL,2026-05-04 17:06:50.146432+05:30,99,8.94,SPEED_BELOW_10,2026-05-04 17:07:00.231363+05:30
832,J3_TOWN_HALL,2026-05-04 17:06:48.129938+05:30,97,7.35,SPEED_BELOW_10,2026-05-04 17:06:50.474465+05:30
831,J4_BORELLA,2026-05-04 17:06:38.342669+05:30,93,2.00,SPEED_BELOW_10,2026-05-04 17:06:40.445048+05:30
830,J1_KOLLUPITIYA,2026-05-04 17:06:37.062442+05:30,127,5.04,SPEED_BELOW_10,2026-05-04 17:06:40.445048+05:30
827,J2_BAMBALAPITIYA,2026-05-04 17:06:36.630137+05:30,148,3.71,SPEED_BELOW_10,2026-05-04 17:06:40.438784+05:30
829,J4_BORELLA,2026-05-04 17:06:33.308336+05:30,122,7.88,SPEED_BELOW_10,2026-05-04 17:06:40.445048+05:30
826,J2_BAMBALAPITIYA,2026-05-04 17:06:32.298646+05:30,144,5.72,SPEED_BELOW_10,2026-05-04 17:06:40.438784+05:30
828,J4_BORELLA,2026-05-04 17:06:30.589921+05:30,105,8.67,SPEED_BELOW_10,2026-05-04 17:06:40.445048+05:30
822,J3_TOWN_HALL,2026-05-04 17:06:29.012584+05:30,142,6.56,SPEED_BELOW_10,2026-05-04 17:06:30.356795+05:30
825,J4_BORELLA,2026-05-04 17:06:27.565454+05:30,90,4.09,SPEED_BELOW_10,2026-05-04 17:06:30.376432+05:30
821,J3_TOWN_HALL,2026-05-04 17:06:27.000521+05:30,120,5.51,SPEED_BELOW_10,2026-05-04 17:06:30.356795+05:30
824,J2_BAMBALAPITIYA,2026-05-04 17:06:24.541542+05:30,105,5.67,SPEED_BELOW_10,2026-05-04 17:06:30.370613+05:30
823,J2_BAMBALAPITIYA,2026-05-04 17:06:21.230437+05:30,96,8.08,SPEED_BELOW_10,2026-05-04 17:06:30.370613+05:30
820,J3_TOWN_HALL,2026-05-04 17:06:20.225462+05:30,144,7.93,SPEED_BELOW_10,2026-05-04 17:06:30.356795+05:30
819,J2_BAMBALAPITIYA,2026-05-04 17:06:18.947064+05:30,119,7.11,SPEED_BELOW_10,2026-05-04 17:06:20.276830+05:30
818,J2_BAMBALAPITIYA,2026-05-04 17:06:18.497358+05:30,132,8.17,SPEED_BELOW_10,2026-05-04 17:06:20.276830+05:30
817,J3_TOWN_HALL,2026-05-04 17:06:18.208170+05:30,103,9.12,SPEED_BELOW_10,2026-05-04 17:06:20.274463+05:30
816,J3_TOWN_HALL,2026-05-04 17:06:12.910842+05:30,92,4.96,SPEED_BELOW_10,2026-05-04 17:06:20.274463+05:30
815,J3_TOWN_HALL,2026-05-04 17:06:11.458397+05:30,135,2.71,SPEED_BELOW_10,2026-05-04 17:06:20.274463+05:30
814,J3_TOWN_HALL,2026-05-04 17:06:10.437597+05:30,146,2.78,SPEED_BELOW_10,2026-05-04 17:06:20.274463+05:30
813,J3_TOWN_HALL,2026-05-04 17:06:07.416594+05:30,133,6.60,SPEED_BELOW_10,2026-05-04 17:06:10.249792+05:30
812,J3_TOWN_HALL,2026-05-04 17:06:03.382864+05:30,96,7.94,SPEED_BELOW_10,2026-05-04 17:06:10.249792+05:30
811,J1_KOLLUPITIYA,2026-05-04 17:06:03.378378+05:30,101,2.70,SPEED_BELOW_10,2026-05-04 17:06:10.246837+05:30
810,J1_KOLLUPITIYA,2026-05-04 17:06:01.839636+05:30,117,3.98,SPEED_BELOW_10,2026-05-04 17:06:10.246837+05:30
808,J1_KOLLUPITIYA,2026-05-04 17:05:57.054691+05:30,117,5.26,SPEED_BELOW_10,2026-05-04 17:06:00.422884+05:30
809,J2_BAMBALAPITIYA,2026-05-04 17:05:51.780223+05:30,118,2.14,SPEED_BELOW_10,2026-05-04 17:06:00.434134+05:30
807,J4_BORELLA,2026-05-04 17:05:49.290929+05:30,144,5.59,SPEED_BELOW_10,2026-05-04 17:05:50.346925+05:30
806,J4_BORELLA,2026-05-04 17:05:45.252688+05:30,125,4.53,SPEED_BELOW_10,2026-05-04 17:05:50.346925+05:30
804,J2_BAMBALAPITIYA,2026-05-04 17:05:44.977210+05:30,136,8.15,SPEED_BELOW_10,2026-05-04 17:05:50.346405+05:30
805,J1_KOLLUPITIYA,2026-05-04 17:05:44.974397+05:30,97,8.20,SPEED_BELOW_10,2026-05-04 17:05:50.346925+05:30
797,J3_TOWN_HALL,2026-05-04 17:05:39.941325+05:30,137,7.58,SPEED_BELOW_10,2026-05-04 17:05:40.264255+05:30
796,J3_TOWN_HALL,2026-05-04 17:05:38.696192+05:30,125,5.97,SPEED_BELOW_10,2026-05-04 17:05:40.264255+05:30
802,J2_BAMBALAPITIYA,2026-05-04 17:05:37.925550+05:30,115,7.25,SPEED_BELOW_10,2026-05-04 17:05:40.269825+05:30
800,J2_BAMBALAPITIYA,2026-05-04 17:05:37.686244+05:30,90,9.72,SPEED_BELOW_10,2026-05-04 17:05:40.269825+05:30
795,J3_TOWN_HALL,2026-05-04 17:05:37.196189+05:30,98,9.41,SPEED_BELOW_10,2026-05-04 17:05:40.264255+05:30
803,J1_KOLLUPITIYA,2026-05-04 17:05:36.920519+05:30,100,5.67,SPEED_BELOW_10,2026-05-04 17:05:40.270023+05:30
798,J2_BAMBALAPITIYA,2026-05-04 17:05:35.914097+05:30,111,8.41,SPEED_BELOW_10,2026-05-04 17:05:40.269825+05:30
794,J3_TOWN_HALL,2026-05-04 17:05:34.175038+05:30,125,8.29,SPEED_BELOW_10,2026-05-04 17:05:40.264255+05:30
801,J4_BORELLA,2026-05-04 17:05:32.164928+05:30,107,8.70,SPEED_BELOW_10,2026-05-04 17:05:40.270023+05:30
799,J1_KOLLUPITIYA,2026-05-04 17:05:30.885709+05:30,102,5.38,SPEED_BELOW_10,2026-05-04 17:05:40.270023+05:30
789,J1_KOLLUPITIYA,2026-05-04 17:05:29.642342+05:30,102,5.87,SPEED_BELOW_10,2026-05-04 17:05:30.209903+05:30
788,J4_BORELLA,2026-05-04 17:05:28.876560+05:30,124,6.83,SPEED_BELOW_10,2026-05-04 17:05:30.209903+05:30
792,J2_BAMBALAPITIYA,2026-05-04 17:05:28.873897+05:30,119,3.30,SPEED_BELOW_10,2026-05-04 17:05:30.703886+05:30
787,J1_KOLLUPITIYA,2026-05-04 17:05:22.595878+05:30,142,9.62,SPEED_BELOW_10,2026-05-04 17:05:30.209903+05:30
793,J3_TOWN_HALL,2026-05-04 17:05:21.827865+05:30,90,4.31,SPEED_BELOW_10,2026-05-04 17:05:30.703443+05:30
791,J3_TOWN_HALL,2026-05-04 17:05:21.587638+05:30,137,9.60,SPEED_BELOW_10,2026-05-04 17:05:30.703443+05:30
790,J2_BAMBALAPITIYA,2026-05-04 17:05:21.584264+05:30,97,3.19,SPEED_BELOW_10,2026-05-04 17:05:30.703886+05:30
786,J4_BORELLA,2026-05-04 17:05:15.774589+05:30,136,9.81,SPEED_BELOW_10,2026-05-04 17:05:20.632521+05:30
785,J4_BORELLA,2026-05-04 17:05:00.956055+05:30,118,7.21,SPEED_BELOW_10,2026-05-04 17:05:10.586990+05:30
784,J1_KOLLUPITIYA,2026-05-04 17:05:00.426883+05:30,150,5.25,SPEED_BELOW_10,2026-05-04 17:05:10.586990+05:30
783,J3_TOWN_HALL,2026-05-04 17:04:57.588242+05:30,110,7.66,SPEED_BELOW_10,2026-05-04 17:05:00.524871+05:30
782,J3_TOWN_HALL,2026-05-04 17:04:54.568744+05:30,133,4.05,SPEED_BELOW_10,2026-05-04 17:05:00.524871+05:30
781,J3_TOWN_HALL,2026-05-04 17:04:53.562133+05:30,104,6.48,SPEED_BELOW_10,2026-05-04 17:05:00.524871+05:30
780,J2_BAMBALAPITIYA,2026-05-04 17:04:48.867336+05:30,120,3.26,SPEED_BELOW_10,2026-05-04 17:04:50.413409+05:30
779,J2_BAMBALAPITIYA,2026-05-04 17:04:47.342417+05:30,140,7.30,SPEED_BELOW_10,2026-05-04 17:04:50.413409+05:30
772,J1_KOLLUPITIYA,2026-05-04 17:04:45.505009+05:30,92,6.53,SPEED_BELOW_10,2026-05-04 17:04:50.409645+05:30
775,J3_TOWN_HALL,2026-05-04 17:04:45.329003+05:30,101,9.27,SPEED_BELOW_10,2026-05-04 17:04:50.410450+05:30
774,J3_TOWN_HALL,2026-05-04 17:04:44.500410+05:30,128,7.13,SPEED_BELOW_10,2026-05-04 17:04:50.410450+05:30
778,J2_BAMBALAPITIYA,2026-05-04 17:04:43.838606+05:30,105,4.20,SPEED_BELOW_10,2026-05-04 17:04:50.413409+05:30
773,J3_TOWN_HALL,2026-05-04 17:04:43.496136+05:30,96,6.95,SPEED_BELOW_10,2026-05-04 17:04:50.410450+05:30
777,J2_BAMBALAPITIYA,2026-05-04 17:04:42.832219+05:30,149,8.13,SPEED_BELOW_10,2026-05-04 17:04:50.413409+05:30
776,J2_BAMBALAPITIYA,2026-05-04 17:04:41.281932+05:30,122,7.43,SPEED_BELOW_10,2026-05-04 17:04:50.413409+05:30
771,J4_BORELLA,2026-05-04 17:04:38.463372+05:30,132,9.40,SPEED_BELOW_10,2026-05-04 17:04:40.330008+05:30
765,J3_TOWN_HALL,2026-05-04 17:04:37.453443+05:30,150,4.59,SPEED_BELOW_10,2026-05-04 17:04:40.328970+05:30
770,J1_KOLLUPITIYA,2026-05-04 17:04:37.449556+05:30,116,7.99,SPEED_BELOW_10,2026-05-04 17:04:40.330008+05:30
767,J2_BAMBALAPITIYA,2026-05-04 17:04:33.424883+05:30,126,4.09,SPEED_BELOW_10,2026-05-04 17:04:40.329200+05:30
766,J2_BAMBALAPITIYA,2026-05-04 17:04:31.219089+05:30,137,3.21,SPEED_BELOW_10,2026-05-04 17:04:40.329200+05:30
769,J4_BORELLA,2026-05-04 17:04:30.758171+05:30,140,4.91,SPEED_BELOW_10,2026-05-04 17:04:40.330008+05:30
768,J1_KOLLUPITIYA,2026-05-04 17:04:30.751435+05:30,146,5.26,SPEED_BELOW_10,2026-05-04 17:04:40.330008+05:30
761,J1_KOLLUPITIYA,2026-05-04 17:04:28.738883+05:30,103,5.84,SPEED_BELOW_10,2026-05-04 17:04:30.279060+05:30
764,J2_BAMBALAPITIYA,2026-05-04 17:04:25.371486+05:30,107,6.32,SPEED_BELOW_10,2026-05-04 17:04:30.281643+05:30
763,J2_BAMBALAPITIYA,2026-05-04 17:04:25.177999+05:30,123,6.55,SPEED_BELOW_10,2026-05-04 17:04:30.281643+05:30
762,J3_TOWN_HALL,2026-05-04 17:04:24.715046+05:30,131,7.86,SPEED_BELOW_10,2026-05-04 17:04:30.280240+05:30
760,J1_KOLLUPITIYA,2026-05-04 17:04:24.156243+05:30,149,5.05,SPEED_BELOW_10,2026-05-04 17:04:30.279060+05:30
759,J1_KOLLUPITIYA,2026-05-04 17:04:21.689153+05:30,92,8.17,SPEED_BELOW_10,2026-05-04 17:04:30.279060+05:30
758,J2_BAMBALAPITIYA,2026-05-04 17:04:17.325015+05:30,113,9.76,SPEED_BELOW_10,2026-05-04 17:04:20.404116+05:30
753,J3_TOWN_HALL,2026-05-04 17:04:15.314573+05:30,125,3.26,SPEED_BELOW_10,2026-05-04 17:04:20.403978+05:30
757,J1_KOLLUPITIYA,2026-05-04 17:04:15.094942+05:30,133,4.85,SPEED_BELOW_10,2026-05-04 17:04:20.405255+05:30
756,J1_KOLLUPITIYA,2026-05-04 17:04:14.301075+05:30,119,2.03,SPEED_BELOW_10,2026-05-04 17:04:20.405255+05:30
755,J1_KOLLUPITIYA,2026-05-04 17:04:12.620502+05:30,139,8.67,SPEED_BELOW_10,2026-05-04 17:04:20.405255+05:30
754,J1_KOLLUPITIYA,2026-05-04 17:04:12.282712+05:30,92,5.17,SPEED_BELOW_10,2026-05-04 17:04:20.405255+05:30
749,J1_KOLLUPITIYA,2026-05-04 17:04:08.594019+05:30,90,5.39,SPEED_BELOW_10,2026-05-04 17:04:10.323331+05:30
752,J2_BAMBALAPITIYA,2026-05-04 17:04:05.036019+05:30,135,6.30,SPEED_BELOW_10,2026-05-04 17:04:10.616765+05:30
748,J4_BORELLA,2026-05-04 17:04:03.566167+05:30,146,7.95,SPEED_BELOW_10,2026-05-04 17:04:10.323331+05:30
747,J4_BORELLA,2026-05-04 17:04:01.551693+05:30,149,6.49,SPEED_BELOW_10,2026-05-04 17:04:10.323331+05:30
750,J3_TOWN_HALL,2026-05-04 17:04:01.176747+05:30,123,7.16,SPEED_BELOW_10,2026-05-04 17:04:10.330226+05:30
746,J4_BORELLA,2026-05-04 17:04:01.010518+05:30,105,3.51,SPEED_BELOW_10,2026-05-04 17:04:10.323331+05:30
751,J2_BAMBALAPITIYA,2026-05-04 17:04:00.003048+05:30,109,6.17,SPEED_BELOW_10,2026-05-04 17:04:10.616765+05:30
742,J3_TOWN_HALL,2026-05-04 17:03:58.997677+05:30,93,6.14,SPEED_BELOW_10,2026-05-04 17:04:00.243601+05:30
743,J1_KOLLUPITIYA,2026-05-04 17:03:58.153507+05:30,136,9.33,SPEED_BELOW_10,2026-05-04 17:04:00.247416+05:30
741,J3_TOWN_HALL,2026-05-04 17:03:57.992563+05:30,115,8.67,SPEED_BELOW_10,2026-05-04 17:04:00.243601+05:30
745,J2_BAMBALAPITIYA,2026-05-04 17:03:54.508139+05:30,133,8.81,SPEED_BELOW_10,2026-05-04 17:04:00.252589+05:30
744,J2_BAMBALAPITIYA,2026-05-04 17:03:54.133436+05:30,133,4.29,SPEED_BELOW_10,2026-05-04 17:04:00.252589+05:30
736,J2_BAMBALAPITIYA,2026-05-04 17:03:49.468826+05:30,103,7.66,SPEED_BELOW_10,2026-05-04 17:03:50.584394+05:30
739,J1_KOLLUPITIYA,2026-05-04 17:03:47.919165+05:30,129,7.51,SPEED_BELOW_10,2026-05-04 17:03:50.586381+05:30
740,J3_TOWN_HALL,2026-05-04 17:03:47.085359+05:30,112,5.99,SPEED_BELOW_10,2026-05-04 17:03:50.589088+05:30
738,J1_KOLLUPITIYA,2026-05-04 17:03:47.082769+05:30,112,3.92,SPEED_BELOW_10,2026-05-04 17:03:50.586381+05:30
735,J2_BAMBALAPITIYA,2026-05-04 17:03:44.900492+05:30,131,7.28,SPEED_BELOW_10,2026-05-04 17:03:50.584394+05:30
734,J2_BAMBALAPITIYA,2026-05-04 17:03:44.065837+05:30,117,4.00,SPEED_BELOW_10,2026-05-04 17:03:50.584394+05:30
737,J1_KOLLUPITIYA,2026-05-04 17:03:42.047416+05:30,107,7.38,SPEED_BELOW_10,2026-05-04 17:03:50.586381+05:30
732,J4_BORELLA,2026-05-04 17:03:37.016037+05:30,147,6.09,SPEED_BELOW_10,2026-05-04 17:03:40.472999+05:30
731,J1_KOLLUPITIYA,2026-05-04 17:03:36.008248+05:30,101,5.29,SPEED_BELOW_10,2026-05-04 17:03:40.472999+05:30
733,J3_TOWN_HALL,2026-05-04 17:03:35.838042+05:30,145,2.05,SPEED_BELOW_10,2026-05-04 17:03:40.478555+05:30
730,J4_BORELLA,2026-05-04 17:03:32.819231+05:30,149,3.48,SPEED_BELOW_10,2026-05-04 17:03:40.472999+05:30
729,J4_BORELLA,2026-05-04 17:03:32.365392+05:30,127,4.29,SPEED_BELOW_10,2026-05-04 17:03:40.472999+05:30
728,J4_BORELLA,2026-05-04 17:03:31.810829+05:30,125,8.32,SPEED_BELOW_10,2026-05-04 17:03:40.472999+05:30
727,J2_BAMBALAPITIYA,2026-05-04 17:03:31.804527+05:30,94,2.65,SPEED_BELOW_10,2026-05-04 17:03:40.472268+05:30
724,J4_BORELLA,2026-05-04 17:03:28.334340+05:30,136,3.61,SPEED_BELOW_10,2026-05-04 17:03:30.404959+05:30
726,J2_BAMBALAPITIYA,2026-05-04 17:03:26.763415+05:30,138,2.20,SPEED_BELOW_10,2026-05-04 17:03:30.410120+05:30
721,J3_TOWN_HALL,2026-05-04 17:03:25.314279+05:30,90,4.28,SPEED_BELOW_10,2026-05-04 17:03:30.404778+05:30
723,J4_BORELLA,2026-05-04 17:03:24.749774+05:30,111,7.32,SPEED_BELOW_10,2026-05-04 17:03:30.404959+05:30
722,J1_KOLLUPITIYA,2026-05-04 17:03:23.920486+05:30,110,5.97,SPEED_BELOW_10,2026-05-04 17:03:30.404959+05:30
720,J4_BORELLA,2026-05-04 17:03:23.739070+05:30,119,7.15,SPEED_BELOW_10,2026-05-04 17:03:30.404959+05:30
725,J2_BAMBALAPITIYA,2026-05-04 17:03:21.286738+05:30,94,8.71,SPEED_BELOW_10,2026-05-04 17:03:30.410120+05:30
719,J3_TOWN_HALL,2026-05-04 17:03:20.714714+05:30,144,8.04,SPEED_BELOW_10,2026-05-04 17:03:30.404778+05:30
717,J3_TOWN_HALL,2026-05-04 17:03:19.705544+05:30,137,7.80,SPEED_BELOW_10,2026-05-04 17:03:20.340755+05:30
716,J3_TOWN_HALL,2026-05-04 17:03:16.879628+05:30,113,5.86,SPEED_BELOW_10,2026-05-04 17:03:20.340755+05:30
718,J2_BAMBALAPITIYA,2026-05-04 17:03:16.680910+05:30,91,6.94,SPEED_BELOW_10,2026-05-04 17:03:20.342435+05:30
715,J1_KOLLUPITIYA,2026-05-04 17:03:12.848013+05:30,99,2.40,SPEED_BELOW_10,2026-05-04 17:03:20.288325+05:30
714,J4_BORELLA,2026-05-04 17:03:10.223535+05:30,96,5.06,SPEED_BELOW_10,2026-05-04 17:03:20.288325+05:30
712,J4_BORELLA,2026-05-04 17:03:09.498137+05:30,137,4.59,SPEED_BELOW_10,2026-05-04 17:03:10.657952+05:30
713,J3_TOWN_HALL,2026-05-04 17:03:05.462593+05:30,135,5.95,SPEED_BELOW_10,2026-05-04 17:03:10.717145+05:30
711,J1_KOLLUPITIYA,2026-05-04 17:03:04.798849+05:30,91,8.38,SPEED_BELOW_10,2026-05-04 17:03:10.657952+05:30
710,J4_BORELLA,2026-05-04 17:03:02.162223+05:30,134,5.78,SPEED_BELOW_10,2026-05-04 17:03:10.657952+05:30
707,J2_BAMBALAPITIYA,2026-05-04 17:02:56.740085+05:30,108,5.53,SPEED_BELOW_10,2026-05-04 17:03:00.481251+05:30
706,J2_BAMBALAPITIYA,2026-05-04 17:02:56.404976+05:30,121,7.75,SPEED_BELOW_10,2026-05-04 17:03:00.481251+05:30
709,J1_KOLLUPITIYA,2026-05-04 17:02:56.118043+05:30,98,4.61,SPEED_BELOW_10,2026-05-04 17:03:00.485643+05:30
705,J2_BAMBALAPITIYA,2026-05-04 17:02:55.110507+05:30,104,6.14,SPEED_BELOW_10,2026-05-04 17:03:00.481251+05:30
708,J4_BORELLA,2026-05-04 17:02:51.083766+05:30,129,7.52,SPEED_BELOW_10,2026-05-04 17:03:00.485643+05:30
704,J1_KOLLUPITIYA,2026-05-04 17:02:49.691700+05:30,114,2.79,SPEED_BELOW_10,2026-05-04 17:02:50.421329+05:30
700,J3_TOWN_HALL,2026-05-04 17:02:48.064992+05:30,125,6.02,SPEED_BELOW_10,2026-05-04 17:02:50.416352+05:30
703,J1_KOLLUPITIYA,2026-05-04 17:02:47.053995+05:30,99,5.52,SPEED_BELOW_10,2026-05-04 17:02:50.421329+05:30
702,J1_KOLLUPITIYA,2026-05-04 17:02:44.656792+05:30,145,6.94,SPEED_BELOW_10,2026-05-04 17:02:50.421329+05:30
701,J4_BORELLA,2026-05-04 17:02:44.036585+05:30,90,9.84,SPEED_BELOW_10,2026-05-04 17:02:50.421329+05:30
695,J2_BAMBALAPITIYA,2026-05-04 17:02:38.288105+05:30,104,4.20,SPEED_BELOW_10,2026-05-04 17:02:40.365171+05:30
699,J1_KOLLUPITIYA,2026-05-04 17:02:36.273337+05:30,137,2.56,SPEED_BELOW_10,2026-05-04 17:02:40.364812+05:30
696,J3_TOWN_HALL,2026-05-04 17:02:35.988788+05:30,143,8.52,SPEED_BELOW_10,2026-05-04 17:02:40.365269+05:30
698,J4_BORELLA,2026-05-04 17:02:32.575957+05:30,111,3.86,SPEED_BELOW_10,2026-05-04 17:02:40.364812+05:30
697,J4_BORELLA,2026-05-04 17:02:32.232172+05:30,133,7.79,SPEED_BELOW_10,2026-05-04 17:02:40.364812+05:30
694,J2_BAMBALAPITIYA,2026-05-04 17:02:29.544762+05:30,104,8.51,SPEED_BELOW_10,2026-05-04 17:02:30.288961+05:30
693,J4_BORELLA,2026-05-04 17:02:26.529076+05:30,141,2.11,SPEED_BELOW_10,2026-05-04 17:02:30.282607+05:30
692,J1_KOLLUPITIYA,2026-05-04 17:02:25.907958+05:30,91,9.68,SPEED_BELOW_10,2026-05-04 17:02:30.282607+05:30
691,J4_BORELLA,2026-05-04 17:02:22.494708+05:30,110,2.94,SPEED_BELOW_10,2026-05-04 17:02:30.282607+05:30
690,J1_KOLLUPITIYA,2026-05-04 17:02:21.483679+05:30,96,8.97,SPEED_BELOW_10,2026-05-04 17:02:30.282607+05:30
689,J1_KOLLUPITIYA,2026-05-04 17:02:21.127796+05:30,136,8.52,SPEED_BELOW_10,2026-05-04 17:02:30.282607+05:30
688,J3_TOWN_HALL,2026-05-04 17:02:19.869495+05:30,93,8.54,SPEED_BELOW_10,2026-05-04 17:02:20.570111+05:30
685,J1_KOLLUPITIYA,2026-05-04 17:02:18.857279+05:30,143,5.77,SPEED_BELOW_10,2026-05-04 17:02:20.561158+05:30
687,J3_TOWN_HALL,2026-05-04 17:02:18.107532+05:30,113,8.52,SPEED_BELOW_10,2026-05-04 17:02:20.570111+05:30
684,J4_BORELLA,2026-05-04 17:02:11.817822+05:30,101,3.70,SPEED_BELOW_10,2026-05-04 17:02:20.561158+05:30
686,J3_TOWN_HALL,2026-05-04 17:02:11.816027+05:30,114,6.07,SPEED_BELOW_10,2026-05-04 17:02:20.570111+05:30
683,J2_BAMBALAPITIYA,2026-05-04 17:02:05.005578+05:30,102,8.67,SPEED_BELOW_10,2026-05-04 17:02:10.431487+05:30
682,J2_BAMBALAPITIYA,2026-05-04 17:02:01.985569+05:30,112,8.21,SPEED_BELOW_10,2026-05-04 17:02:10.431487+05:30
681,J2_BAMBALAPITIYA,2026-05-04 17:02:00.353363+05:30,116,2.12,SPEED_BELOW_10,2026-05-04 17:02:10.431487+05:30
680,J4_BORELLA,2026-05-04 17:01:58.343939+05:30,105,5.10,SPEED_BELOW_10,2026-05-04 17:02:00.876242+05:30
679,J1_KOLLUPITIYA,2026-05-04 17:01:54.931672+05:30,117,2.47,SPEED_BELOW_10,2026-05-04 17:02:00.876242+05:30
677,J3_TOWN_HALL,2026-05-04 17:01:53.694815+05:30,117,2.58,SPEED_BELOW_10,2026-05-04 17:02:00.847356+05:30
678,J2_BAMBALAPITIYA,2026-05-04 17:01:53.691937+05:30,119,3.78,SPEED_BELOW_10,2026-05-04 17:02:00.869365+05:30
676,J3_TOWN_HALL,2026-05-04 17:01:52.686048+05:30,97,8.95,SPEED_BELOW_10,2026-05-04 17:02:00.847356+05:30
673,J1_KOLLUPITIYA,2026-05-04 17:01:49.665111+05:30,138,8.80,SPEED_BELOW_10,2026-05-04 17:01:50.347659+05:30
675,J3_TOWN_HALL,2026-05-04 17:01:45.261669+05:30,139,3.58,SPEED_BELOW_10,2026-05-04 17:01:50.347719+05:30
670,J2_BAMBALAPITIYA,2026-05-04 17:01:44.635714+05:30,145,7.04,SPEED_BELOW_10,2026-05-04 17:01:50.346272+05:30
674,J3_TOWN_HALL,2026-05-04 17:01:42.862276+05:30,114,4.08,SPEED_BELOW_10,2026-05-04 17:01:50.347719+05:30
671,J1_KOLLUPITIYA,2026-05-04 17:01:41.855275+05:30,103,9.29,SPEED_BELOW_10,2026-05-04 17:01:50.347659+05:30
672,J3_TOWN_HALL,2026-05-04 17:01:41.622138+05:30,107,6.52,SPEED_BELOW_10,2026-05-04 17:01:50.347719+05:30
669,J2_BAMBALAPITIYA,2026-05-04 17:01:41.619774+05:30,97,5.70,SPEED_BELOW_10,2026-05-04 17:01:50.346272+05:30
668,J2_BAMBALAPITIYA,2026-05-04 17:01:40.595477+05:30,94,7.64,SPEED_BELOW_10,2026-05-04 17:01:50.346272+05:30
667,J3_TOWN_HALL,2026-05-04 17:01:36.572621+05:30,99,9.36,SPEED_BELOW_10,2026-05-04 17:01:40.326221+05:30
666,J4_BORELLA,2026-05-04 17:01:32.723074+05:30,107,9.54,SPEED_BELOW_10,2026-05-04 17:01:40.311593+05:30
663,J2_BAMBALAPITIYA,2026-05-04 17:01:32.718967+05:30,148,9.25,SPEED_BELOW_10,2026-05-04 17:01:40.299760+05:30
665,J1_KOLLUPITIYA,2026-05-04 17:01:32.180223+05:30,130,5.58,SPEED_BELOW_10,2026-05-04 17:01:40.311593+05:30
664,J4_BORELLA,2026-05-04 17:01:31.714544+05:30,141,8.34,SPEED_BELOW_10,2026-05-04 17:01:40.311593+05:30
662,J1_KOLLUPITIYA,2026-05-04 17:01:29.696396+05:30,125,7.66,SPEED_BELOW_10,2026-05-04 17:01:30.569026+05:30
661,J1_KOLLUPITIYA,2026-05-04 17:01:28.687492+05:30,91,5.24,SPEED_BELOW_10,2026-05-04 17:01:30.569026+05:30
660,J1_KOLLUPITIYA,2026-05-04 17:01:27.501359+05:30,147,2.94,SPEED_BELOW_10,2026-05-04 17:01:30.569026+05:30
658,J2_BAMBALAPITIYA,2026-05-04 17:01:25.129017+05:30,126,3.08,SPEED_BELOW_10,2026-05-04 17:01:30.534489+05:30
659,J1_KOLLUPITIYA,2026-05-04 17:01:21.082375+05:30,129,7.71,SPEED_BELOW_10,2026-05-04 17:01:30.569026+05:30
656,J3_TOWN_HALL,2026-05-04 17:01:20.435767+05:30,112,5.12,SPEED_BELOW_10,2026-05-04 17:01:30.533668+05:30
657,J2_BAMBALAPITIYA,2026-05-04 17:01:20.076731+05:30,150,8.91,SPEED_BELOW_10,2026-05-04 17:01:30.534489+05:30
654,J2_BAMBALAPITIYA,2026-05-04 17:01:19.063245+05:30,112,5.47,SPEED_BELOW_10,2026-05-04 17:01:20.511813+05:30
652,J1_KOLLUPITIYA,2026-05-04 17:01:19.059970+05:30,117,2.82,SPEED_BELOW_10,2026-05-04 17:01:20.505551+05:30
653,J2_BAMBALAPITIYA,2026-05-04 17:01:18.416896+05:30,112,4.01,SPEED_BELOW_10,2026-05-04 17:01:20.511813+05:30
651,J1_KOLLUPITIYA,2026-05-04 17:01:16.401358+05:30,115,9.09,SPEED_BELOW_10,2026-05-04 17:01:20.505551+05:30
655,J3_TOWN_HALL,2026-05-04 17:01:15.614509+05:30,141,5.75,SPEED_BELOW_10,2026-05-04 17:01:20.521311+05:30
650,J1_KOLLUPITIYA,2026-05-04 17:01:10.985083+05:30,145,9.08,SPEED_BELOW_10,2026-05-04 17:01:20.505551+05:30
649,J4_BORELLA,2026-05-04 17:01:09.978515+05:30,116,7.03,SPEED_BELOW_10,2026-05-04 17:01:10.445271+05:30
648,J4_BORELLA,2026-05-04 17:01:08.972855+05:30,96,5.59,SPEED_BELOW_10,2026-05-04 17:01:10.445271+05:30
643,J2_BAMBALAPITIYA,2026-05-04 17:01:07.529138+05:30,96,7.28,SPEED_BELOW_10,2026-05-04 17:01:10.417454+05:30
647,J1_KOLLUPITIYA,2026-05-04 17:01:04.514026+05:30,95,4.31,SPEED_BELOW_10,2026-05-04 17:01:10.445271+05:30
642,J2_BAMBALAPITIYA,2026-05-04 17:01:02.930758+05:30,113,5.48,SPEED_BELOW_10,2026-05-04 17:01:10.417454+05:30
646,J4_BORELLA,2026-05-04 17:01:01.272821+05:30,138,6.67,SPEED_BELOW_10,2026-05-04 17:01:10.445271+05:30
645,J1_KOLLUPITIYA,2026-05-04 17:01:00.915939+05:30,150,8.35,SPEED_BELOW_10,2026-05-04 17:01:10.445271+05:30
644,J1_KOLLUPITIYA,2026-05-04 17:01:00.482061+05:30,102,8.14,SPEED_BELOW_10,2026-05-04 17:01:10.445271+05:30
638,J4_BORELLA,2026-05-04 17:00:58.471057+05:30,127,7.77,SPEED_BELOW_10,2026-05-04 17:01:00.552593+05:30
641,J3_TOWN_HALL,2026-05-04 17:00:57.898134+05:30,98,2.93,SPEED_BELOW_10,2026-05-04 17:01:00.570559+05:30
637,J1_KOLLUPITIYA,2026-05-04 17:00:56.887252+05:30,144,8.66,SPEED_BELOW_10,2026-05-04 17:01:00.552593+05:30
640,J3_TOWN_HALL,2026-05-04 17:00:53.439850+05:30,118,3.26,SPEED_BELOW_10,2026-05-04 17:01:00.570559+05:30
639,J3_TOWN_HALL,2026-05-04 17:00:52.430523+05:30,127,2.75,SPEED_BELOW_10,2026-05-04 17:01:00.570559+05:30
636,J2_BAMBALAPITIYA,2026-05-04 17:00:52.213170+05:30,146,3.56,SPEED_BELOW_10,2026-05-04 17:01:00.546594+05:30
635,J2_BAMBALAPITIYA,2026-05-04 17:00:45.825135+05:30,142,6.72,SPEED_BELOW_10,2026-05-04 17:00:50.462222+05:30
633,J4_BORELLA,2026-05-04 17:00:45.379668+05:30,94,9.14,SPEED_BELOW_10,2026-05-04 17:00:50.277358+05:30
631,J3_TOWN_HALL,2026-05-04 17:00:45.169034+05:30,120,7.24,SPEED_BELOW_10,2026-05-04 17:00:50.275106+05:30
630,J3_TOWN_HALL,2026-05-04 17:00:44.370984+05:30,143,2.28,SPEED_BELOW_10,2026-05-04 17:00:50.275106+05:30
634,J2_BAMBALAPITIYA,2026-05-04 17:00:42.149729+05:30,140,2.09,SPEED_BELOW_10,2026-05-04 17:00:50.462222+05:30
629,J3_TOWN_HALL,2026-05-04 17:00:41.809622+05:30,110,7.27,SPEED_BELOW_10,2026-05-04 17:00:50.275106+05:30
632,J4_BORELLA,2026-05-04 17:00:41.145651+05:30,113,3.17,SPEED_BELOW_10,2026-05-04 17:00:50.277358+05:30
628,J2_BAMBALAPITIYA,2026-05-04 17:00:39.338643+05:30,102,3.11,SPEED_BELOW_10,2026-05-04 17:00:40.425469+05:30
622,J3_TOWN_HALL,2026-05-04 17:00:38.796277+05:30,119,4.88,SPEED_BELOW_10,2026-05-04 17:00:40.405359+05:30
623,J4_BORELLA,2026-05-04 17:00:37.120063+05:30,135,5.70,SPEED_BELOW_10,2026-05-04 17:00:40.413277+05:30
627,J2_BAMBALAPITIYA,2026-05-04 17:00:36.788088+05:30,144,3.64,SPEED_BELOW_10,2026-05-04 17:00:40.425469+05:30
626,J2_BAMBALAPITIYA,2026-05-04 17:00:35.106966+05:30,141,4.37,SPEED_BELOW_10,2026-05-04 17:00:40.425469+05:30
625,J2_BAMBALAPITIYA,2026-05-04 17:00:32.090155+05:30,99,6.21,SPEED_BELOW_10,2026-05-04 17:00:40.425469+05:30
621,J3_TOWN_HALL,2026-05-04 17:00:31.084440+05:30,126,8.21,SPEED_BELOW_10,2026-05-04 17:00:40.405359+05:30
624,J2_BAMBALAPITIYA,2026-05-04 17:00:31.081779+05:30,135,5.41,SPEED_BELOW_10,2026-05-04 17:00:40.425469+05:30
619,J1_KOLLUPITIYA,2026-05-04 17:00:29.066705+05:30,142,5.44,SPEED_BELOW_10,2026-05-04 17:00:30.292751+05:30
620,J2_BAMBALAPITIYA,2026-05-04 17:00:27.055604+05:30,94,6.89,SPEED_BELOW_10,2026-05-04 17:00:30.294396+05:30
618,J4_BORELLA,2026-05-04 17:00:26.737008+05:30,145,8.18,SPEED_BELOW_10,2026-05-04 17:00:30.292751+05:30
616,J4_BORELLA,2026-05-04 17:00:26.050873+05:30,133,2.33,SPEED_BELOW_10,2026-05-04 17:00:30.292751+05:30
615,J1_KOLLUPITIYA,2026-05-04 17:00:26.045931+05:30,142,5.94,SPEED_BELOW_10,2026-05-04 17:00:30.292751+05:30
617,J2_BAMBALAPITIYA,2026-05-04 17:00:20.221360+05:30,119,3.11,SPEED_BELOW_10,2026-05-04 17:00:30.294396+05:30
614,J1_KOLLUPITIYA,2026-05-04 17:00:20.009141+05:30,145,8.73,SPEED_BELOW_10,2026-05-04 17:00:30.292751+05:30
613,J2_BAMBALAPITIYA,2026-05-04 17:00:18.210950+05:30,108,6.17,SPEED_BELOW_10,2026-05-04 17:00:20.761307+05:30
611,J4_BORELLA,2026-05-04 17:00:16.203616+05:30,108,6.90,SPEED_BELOW_10,2026-05-04 17:00:20.311028+05:30
612,J2_BAMBALAPITIYA,2026-05-04 17:00:13.978065+05:30,138,2.84,SPEED_BELOW_10,2026-05-04 17:00:20.761307+05:30
609,J3_TOWN_HALL,2026-05-04 17:00:03.609426+05:30,108,4.57,SPEED_BELOW_10,2026-05-04 17:00:10.705883+05:30
610,J4_BORELLA,2026-05-04 17:00:02.602863+05:30,110,3.38,SPEED_BELOW_10,2026-05-04 17:00:10.705070+05:30
608,J3_TOWN_HALL,2026-05-04 16:59:57.030247+05:30,122,2.49,SPEED_BELOW_10,2026-05-04 17:00:00.672746+05:30
606,J2_BAMBALAPITIYA,2026-05-04 16:59:56.887088+05:30,102,4.09,SPEED_BELOW_10,2026-05-04 17:00:00.672310+05:30
605,J2_BAMBALAPITIYA,2026-05-04 16:59:55.564016+05:30,131,9.08,SPEED_BELOW_10,2026-05-04 17:00:00.672310+05:30
607,J3_TOWN_HALL,2026-05-04 16:59:54.559134+05:30,145,8.07,SPEED_BELOW_10,2026-05-04 17:00:00.672746+05:30
601,J3_TOWN_HALL,2026-05-04 16:59:45.511970+05:30,113,9.57,SPEED_BELOW_10,2026-05-04 16:59:50.610833+05:30
604,J4_BORELLA,2026-05-04 16:59:44.964447+05:30,99,2.91,SPEED_BELOW_10,2026-05-04 16:59:50.614535+05:30
603,J4_BORELLA,2026-05-04 16:59:44.506084+05:30,113,6.93,SPEED_BELOW_10,2026-05-04 16:59:50.614535+05:30
602,J4_BORELLA,2026-05-04 16:59:42.940881+05:30,90,6.47,SPEED_BELOW_10,2026-05-04 16:59:50.614535+05:30
596,J2_BAMBALAPITIYA,2026-05-04 16:59:39.476126+05:30,117,8.00,SPEED_BELOW_10,2026-05-04 16:59:40.610700+05:30
600,J1_KOLLUPITIYA,2026-05-04 16:59:36.777077+05:30,95,5.40,SPEED_BELOW_10,2026-05-04 16:59:40.619805+05:30
595,J2_BAMBALAPITIYA,2026-05-04 16:59:35.897010+05:30,114,6.09,SPEED_BELOW_10,2026-05-04 16:59:40.610700+05:30
599,J4_BORELLA,2026-05-04 16:59:32.881865+05:30,114,7.83,SPEED_BELOW_10,2026-05-04 16:59:40.619805+05:30
598,J3_TOWN_HALL,2026-05-04 16:59:32.758134+05:30,148,8.76,SPEED_BELOW_10,2026-05-04 16:59:40.616405+05:30
597,J3_TOWN_HALL,2026-05-04 16:59:31.877069+05:30,103,5.46,SPEED_BELOW_10,2026-05-04 16:59:40.616405+05:30
589,J2_BAMBALAPITIYA,2026-05-04 16:59:29.864663+05:30,126,2.39,SPEED_BELOW_10,2026-05-04 16:59:30.765600+05:30
594,J1_KOLLUPITIYA,2026-05-04 16:59:27.420958+05:30,124,5.07,SPEED_BELOW_10,2026-05-04 16:59:30.853517+05:30
593,J4_BORELLA,2026-05-04 16:59:26.418494+05:30,104,3.11,SPEED_BELOW_10,2026-05-04 16:59:30.853517+05:30
592,J4_BORELLA,2026-05-04 16:59:25.758950+05:30,132,3.95,SPEED_BELOW_10,2026-05-04 16:59:30.853517+05:30
591,J1_KOLLUPITIYA,2026-05-04 16:59:24.403668+05:30,125,5.06,SPEED_BELOW_10,2026-05-04 16:59:30.853517+05:30
590,J4_BORELLA,2026-05-04 16:59:23.744911+05:30,109,8.25,SPEED_BELOW_10,2026-05-04 16:59:30.853517+05:30
588,J2_BAMBALAPITIYA,2026-05-04 16:59:23.701356+05:30,112,5.66,SPEED_BELOW_10,2026-05-04 16:59:30.765600+05:30
587,J2_BAMBALAPITIYA,2026-05-04 16:59:23.394371+05:30,144,4.55,SPEED_BELOW_10,2026-05-04 16:59:30.765600+05:30
586,J3_TOWN_HALL,2026-05-04 16:59:22.696858+05:30,107,7.02,SPEED_BELOW_10,2026-05-04 16:59:23.805429+05:30
585,J4_BORELLA,2026-05-04 16:59:21.374711+05:30,131,3.35,SPEED_BELOW_10,2026-05-04 16:59:23.722875+05:30
582,J3_TOWN_HALL,2026-05-04 16:59:15.640966+05:30,144,3.27,SPEED_BELOW_10,2026-05-04 16:59:22.743699+05:30
584,J4_BORELLA,2026-05-04 16:59:14.315607+05:30,133,6.07,SPEED_BELOW_10,2026-05-04 16:59:22.754384+05:30
581,J2_BAMBALAPITIYA,2026-05-04 16:59:13.637402+05:30,102,3.10,SPEED_BELOW_10,2026-05-04 16:59:22.740481+05:30
583,J4_BORELLA,2026-05-04 16:59:12.290751+05:30,96,9.13,SPEED_BELOW_10,2026-05-04 16:59:22.754384+05:30
574,J2_BAMBALAPITIYA,2026-05-04 16:59:09.264409+05:30,142,9.50,SPEED_BELOW_10,2026-05-04 16:59:10.313639+05:30
573,J2_BAMBALAPITIYA,2026-05-04 16:59:08.595793+05:30,115,4.91,SPEED_BELOW_10,2026-05-04 16:59:10.313639+05:30
580,J3_TOWN_HALL,2026-05-04 16:59:07.608176+05:30,149,9.52,SPEED_BELOW_10,2026-05-04 16:59:10.325563+05:30
577,J4_BORELLA,2026-05-04 16:59:04.591216+05:30,111,8.57,SPEED_BELOW_10,2026-05-04 16:59:10.316129+05:30
576,J4_BORELLA,2026-05-04 16:59:04.578823+05:30,116,8.79,SPEED_BELOW_10,2026-05-04 16:59:10.316129+05:30
579,J3_TOWN_HALL,2026-05-04 16:59:03.583425+05:30,126,5.56,SPEED_BELOW_10,2026-05-04 16:59:10.325563+05:30
572,J2_BAMBALAPITIYA,2026-05-04 16:59:03.229401+05:30,134,6.61,SPEED_BELOW_10,2026-05-04 16:59:10.313639+05:30
575,J4_BORELLA,2026-05-04 16:59:02.578431+05:30,141,4.63,SPEED_BELOW_10,2026-05-04 16:59:10.316129+05:30
571,J2_BAMBALAPITIYA,2026-05-04 16:59:02.567968+05:30,122,9.79,SPEED_BELOW_10,2026-05-04 16:59:10.313639+05:30
578,J3_TOWN_HALL,2026-05-04 16:59:02.222358+05:30,95,4.00,SPEED_BELOW_10,2026-05-04 16:59:10.325563+05:30
570,J3_TOWN_HALL,2026-05-04 16:58:54.525234+05:30,98,3.09,SPEED_BELOW_10,2026-05-04 16:59:00.595394+05:30
569,J2_BAMBALAPITIYA,2026-05-04 16:58:53.170356+05:30,118,5.99,SPEED_BELOW_10,2026-05-04 16:59:00.594861+05:30
568,J1_KOLLUPITIYA,2026-05-04 16:58:48.139800+05:30,92,2.76,SPEED_BELOW_10,2026-05-04 16:58:50.530233+05:30
567,J3_TOWN_HALL,2026-05-04 16:58:47.134065+05:30,132,8.54,SPEED_BELOW_10,2026-05-04 16:58:50.530232+05:30
566,J1_KOLLUPITIYA,2026-05-04 16:58:46.125517+05:30,95,9.05,SPEED_BELOW_10,2026-05-04 16:58:50.530233+05:30
565,J3_TOWN_HALL,2026-05-04 16:58:43.108092+05:30,137,6.27,SPEED_BELOW_10,2026-05-04 16:58:50.530232+05:30
559,J3_TOWN_HALL,2026-05-04 16:58:39.086957+05:30,144,3.48,SPEED_BELOW_10,2026-05-04 16:58:40.461617+05:30
564,J4_BORELLA,2026-05-04 16:58:37.411210+05:30,142,2.13,SPEED_BELOW_10,2026-05-04 16:58:40.461758+05:30
563,J1_KOLLUPITIYA,2026-05-04 16:58:36.059322+05:30,107,8.22,SPEED_BELOW_10,2026-05-04 16:58:40.461758+05:30
562,J1_KOLLUPITIYA,2026-05-04 16:58:34.383333+05:30,137,9.32,SPEED_BELOW_10,2026-05-04 16:58:40.461758+05:30
561,J1_KOLLUPITIYA,2026-05-04 16:58:32.033936+05:30,128,8.13,SPEED_BELOW_10,2026-05-04 16:58:40.461758+05:30
560,J1_KOLLUPITIYA,2026-05-04 16:58:31.024875+05:30,102,5.08,SPEED_BELOW_10,2026-05-04 16:58:40.461758+05:30
558,J4_BORELLA,2026-05-04 16:58:28.335231+05:30,93,4.95,SPEED_BELOW_10,2026-05-04 16:58:30.398525+05:30
557,J1_KOLLUPITIYA,2026-05-04 16:58:28.331765+05:30,115,3.36,SPEED_BELOW_10,2026-05-04 16:58:30.398525+05:30
556,J1_KOLLUPITIYA,2026-05-04 16:58:26.314428+05:30,123,6.43,SPEED_BELOW_10,2026-05-04 16:58:30.398525+05:30
555,J1_KOLLUPITIYA,2026-05-04 16:58:25.305365+05:30,106,8.53,SPEED_BELOW_10,2026-05-04 16:58:30.398525+05:30
554,J3_TOWN_HALL,2026-05-04 16:58:21.276172+05:30,114,4.36,SPEED_BELOW_10,2026-05-04 16:58:30.398738+05:30
549,J2_BAMBALAPITIYA,2026-05-04 16:58:17.246209+05:30,94,9.81,SPEED_BELOW_10,2026-05-04 16:58:20.301310+05:30
553,J4_BORELLA,2026-05-04 16:58:15.237593+05:30,138,8.29,SPEED_BELOW_10,2026-05-04 16:58:20.306044+05:30
551,J3_TOWN_HALL,2026-05-04 16:58:15.233806+05:30,105,6.63,SPEED_BELOW_10,2026-05-04 16:58:20.303918+05:30
548,J2_BAMBALAPITIYA,2026-05-04 16:58:14.226132+05:30,112,4.12,SPEED_BELOW_10,2026-05-04 16:58:20.301310+05:30
552,J1_KOLLUPITIYA,2026-05-04 16:58:13.918447+05:30,147,6.32,SPEED_BELOW_10,2026-05-04 16:58:20.306044+05:30
550,J3_TOWN_HALL,2026-05-04 16:58:12.217103+05:30,142,8.12,SPEED_BELOW_10,2026-05-04 16:58:20.303918+05:30
544,J4_BORELLA,2026-05-04 16:58:09.890173+05:30,106,8.81,SPEED_BELOW_10,2026-05-04 16:58:10.208048+05:30
547,J3_TOWN_HALL,2026-05-04 16:58:07.182254+05:30,142,8.17,SPEED_BELOW_10,2026-05-04 16:58:10.232184+05:30
546,J3_TOWN_HALL,2026-05-04 16:58:07.181831+05:30,121,2.96,SPEED_BELOW_10,2026-05-04 16:58:10.232184+05:30
545,J3_TOWN_HALL,2026-05-04 16:58:05.170117+05:30,137,2.88,SPEED_BELOW_10,2026-05-04 16:58:10.232184+05:30
543,J1_KOLLUPITIYA,2026-05-04 16:58:00.820632+05:30,91,5.78,SPEED_BELOW_10,2026-05-04 16:58:10.208048+05:30
542,J4_BORELLA,2026-05-04 16:58:00.132983+05:30,101,6.97,SPEED_BELOW_10,2026-05-04 16:58:10.208048+05:30
538,J4_BORELLA,2026-05-04 16:57:59.128741+05:30,126,7.48,SPEED_BELOW_10,2026-05-04 16:58:00.663757+05:30
541,J3_TOWN_HALL,2026-05-04 16:57:59.127068+05:30,146,9.05,SPEED_BELOW_10,2026-05-04 16:58:00.668372+05:30
540,J3_TOWN_HALL,2026-05-04 16:57:59.122670+05:30,149,2.48,SPEED_BELOW_10,2026-05-04 16:58:00.668372+05:30
537,J4_BORELLA,2026-05-04 16:57:57.798872+05:30,100,4.85,SPEED_BELOW_10,2026-05-04 16:58:00.663757+05:30
536,J1_KOLLUPITIYA,2026-05-04 16:57:56.788217+05:30,116,9.35,SPEED_BELOW_10,2026-05-04 16:58:00.663757+05:30
535,J4_BORELLA,2026-05-04 16:57:52.758329+05:30,95,4.07,SPEED_BELOW_10,2026-05-04 16:58:00.663757+05:30
534,J2_BAMBALAPITIYA,2026-05-04 16:57:52.754170+05:30,129,9.47,SPEED_BELOW_10,2026-05-04 16:58:00.663706+05:30
532,J2_BAMBALAPITIYA,2026-05-04 16:57:52.077132+05:30,148,8.90,SPEED_BELOW_10,2026-05-04 16:58:00.663706+05:30
539,J3_TOWN_HALL,2026-05-04 16:57:51.747668+05:30,105,3.09,SPEED_BELOW_10,2026-05-04 16:58:00.668372+05:30
533,J4_BORELLA,2026-05-04 16:57:51.070206+05:30,142,3.72,SPEED_BELOW_10,2026-05-04 16:58:00.663757+05:30
531,J2_BAMBALAPITIYA,2026-05-04 16:57:48.046077+05:30,136,8.98,SPEED_BELOW_10,2026-05-04 16:57:50.661207+05:30
530,J2_BAMBALAPITIYA,2026-05-04 16:57:43.007443+05:30,103,9.81,SPEED_BELOW_10,2026-05-04 16:57:50.661207+05:30
529,J1_KOLLUPITIYA,2026-05-04 16:57:40.992560+05:30,149,9.71,SPEED_BELOW_10,2026-05-04 16:57:50.661196+05:30
528,J3_TOWN_HALL,2026-05-04 16:57:39.985184+05:30,101,4.26,SPEED_BELOW_10,2026-05-04 16:57:40.708300+05:30
526,J2_BAMBALAPITIYA,2026-05-04 16:57:39.983631+05:30,104,9.29,SPEED_BELOW_10,2026-05-04 16:57:40.702522+05:30
527,J3_TOWN_HALL,2026-05-04 16:57:36.640297+05:30,120,8.92,SPEED_BELOW_10,2026-05-04 16:57:40.708300+05:30
525,J1_KOLLUPITIYA,2026-05-04 16:57:32.922287+05:30,146,9.40,SPEED_BELOW_10,2026-05-04 16:57:40.699037+05:30
524,J4_BORELLA,2026-05-04 16:57:30.913085+05:30,138,7.45,SPEED_BELOW_10,2026-05-04 16:57:40.699037+05:30
523,J4_BORELLA,2026-05-04 16:57:30.596222+05:30,121,9.05,SPEED_BELOW_10,2026-05-04 16:57:40.699037+05:30
520,J4_BORELLA,2026-05-04 16:57:28.901134+05:30,130,8.17,SPEED_BELOW_10,2026-05-04 16:57:30.626411+05:30
518,J4_BORELLA,2026-05-04 16:57:27.893898+05:30,117,9.23,SPEED_BELOW_10,2026-05-04 16:57:30.626411+05:30
522,J2_BAMBALAPITIYA,2026-05-04 16:57:23.861747+05:30,95,5.23,SPEED_BELOW_10,2026-05-04 16:57:30.626653+05:30
521,J2_BAMBALAPITIYA,2026-05-04 16:57:22.542238+05:30,135,3.89,SPEED_BELOW_10,2026-05-04 16:57:30.626653+05:30
519,J2_BAMBALAPITIYA,2026-05-04 16:57:21.845867+05:30,145,6.77,SPEED_BELOW_10,2026-05-04 16:57:30.626653+05:30
516,J1_KOLLUPITIYA,2026-05-04 16:57:18.821697+05:30,135,8.63,SPEED_BELOW_10,2026-05-04 16:57:20.563359+05:30
515,J4_BORELLA,2026-05-04 16:57:17.514257+05:30,133,6.18,SPEED_BELOW_10,2026-05-04 16:57:20.563359+05:30
514,J4_BORELLA,2026-05-04 16:57:15.806741+05:30,98,4.18,SPEED_BELOW_10,2026-05-04 16:57:20.563359+05:30
513,J4_BORELLA,2026-05-04 16:57:15.806062+05:30,109,2.97,SPEED_BELOW_10,2026-05-04 16:57:20.563359+05:30
512,J4_BORELLA,2026-05-04 16:57:14.795247+05:30,118,8.06,SPEED_BELOW_10,2026-05-04 16:57:20.563359+05:30
517,J3_TOWN_HALL,2026-05-04 16:57:13.788179+05:30,145,7.57,SPEED_BELOW_10,2026-05-04 16:57:20.567306+05:30
511,J4_BORELLA,2026-05-04 16:57:13.482719+05:30,93,9.03,SPEED_BELOW_10,2026-05-04 16:57:20.563359+05:30
510,J1_KOLLUPITIYA,2026-05-04 16:57:06.424924+05:30,143,7.61,SPEED_BELOW_10,2026-05-04 16:57:10.488523+05:30
508,J3_TOWN_HALL,2026-05-04 16:57:05.420062+05:30,143,9.47,SPEED_BELOW_10,2026-05-04 16:57:10.488991+05:30
506,J2_BAMBALAPITIYA,2026-05-04 16:57:03.724429+05:30,143,5.60,SPEED_BELOW_10,2026-05-04 16:57:10.488072+05:30
509,J1_KOLLUPITIYA,2026-05-04 16:57:02.718316+05:30,148,8.73,SPEED_BELOW_10,2026-05-04 16:57:10.488523+05:30
507,J4_BORELLA,2026-05-04 16:57:01.716090+05:30,111,7.52,SPEED_BELOW_10,2026-05-04 16:57:10.488523+05:30
505,J3_TOWN_HALL,2026-05-04 16:56:58.372937+05:30,148,2.78,SPEED_BELOW_10,2026-05-04 16:57:00.425044+05:30
504,J4_BORELLA,2026-05-04 16:56:57.366795+05:30,92,7.71,SPEED_BELOW_10,2026-05-04 16:57:00.425049+05:30
502,J4_BORELLA,2026-05-04 16:56:51.652948+05:30,125,4.90,SPEED_BELOW_10,2026-05-04 16:57:00.425049+05:30
503,J3_TOWN_HALL,2026-05-04 16:56:50.644371+05:30,104,5.46,SPEED_BELOW_10,2026-05-04 16:57:00.425044+05:30
498,J2_BAMBALAPITIYA,2026-05-04 16:56:49.622016+05:30,141,2.64,SPEED_BELOW_10,2026-05-04 16:56:50.364421+05:30
501,J4_BORELLA,2026-05-04 16:56:46.289456+05:30,118,2.16,SPEED_BELOW_10,2026-05-04 16:56:50.364591+05:30
500,J4_BORELLA,2026-05-04 16:56:44.591312+05:30,103,7.74,SPEED_BELOW_10,2026-05-04 16:56:50.364591+05:30
499,J4_BORELLA,2026-05-04 16:56:40.240116+05:30,148,9.61,SPEED_BELOW_10,2026-05-04 16:56:50.364591+05:30
497,J1_KOLLUPITIYA,2026-05-04 16:56:39.566955+05:30,105,9.28,SPEED_BELOW_10,2026-05-04 16:56:40.270807+05:30
495,J2_BAMBALAPITIYA,2026-05-04 16:56:38.226332+05:30,135,3.94,SPEED_BELOW_10,2026-05-04 16:56:40.243366+05:30
496,J4_BORELLA,2026-05-04 16:56:35.537116+05:30,90,8.86,SPEED_BELOW_10,2026-05-04 16:56:40.270807+05:30
494,J2_BAMBALAPITIYA,2026-05-04 16:56:30.180897+05:30,115,2.03,SPEED_BELOW_10,2026-05-04 16:56:40.243366+05:30
492,J4_BORELLA,2026-05-04 16:56:27.494648+05:30,134,4.51,SPEED_BELOW_10,2026-05-04 16:56:30.215256+05:30
493,J3_TOWN_HALL,2026-05-04 16:56:27.485506+05:30,136,4.99,SPEED_BELOW_10,2026-05-04 16:56:30.218984+05:30
491,J1_KOLLUPITIYA,2026-05-04 16:56:27.482721+05:30,136,9.75,SPEED_BELOW_10,2026-05-04 16:56:30.215256+05:30
490,J1_KOLLUPITIYA,2026-05-04 16:56:22.091632+05:30,134,2.91,SPEED_BELOW_10,2026-05-04 16:56:30.215256+05:30
488,J3_TOWN_HALL,2026-05-04 16:56:19.073452+05:30,126,9.70,SPEED_BELOW_10,2026-05-04 16:56:20.455384+05:30
487,J3_TOWN_HALL,2026-05-04 16:56:18.067555+05:30,111,6.25,SPEED_BELOW_10,2026-05-04 16:56:20.455384+05:30
486,J3_TOWN_HALL,2026-05-04 16:56:17.388074+05:30,115,6.70,SPEED_BELOW_10,2026-05-04 16:56:20.455384+05:30
483,J1_KOLLUPITIYA,2026-05-04 16:56:17.384979+05:30,143,6.06,SPEED_BELOW_10,2026-05-04 16:56:20.450878+05:30
489,J2_BAMBALAPITIYA,2026-05-04 16:56:15.375565+05:30,146,3.42,SPEED_BELOW_10,2026-05-04 16:56:20.458924+05:30
482,J4_BORELLA,2026-05-04 16:56:14.367694+05:30,104,8.16,SPEED_BELOW_10,2026-05-04 16:56:20.450878+05:30
485,J3_TOWN_HALL,2026-05-04 16:56:14.000821+05:30,141,9.70,SPEED_BELOW_10,2026-05-04 16:56:20.455384+05:30
481,J1_KOLLUPITIYA,2026-05-04 16:56:13.353648+05:30,134,2.23,SPEED_BELOW_10,2026-05-04 16:56:20.450878+05:30
480,J4_BORELLA,2026-05-04 16:56:12.353776+05:30,146,5.48,SPEED_BELOW_10,2026-05-04 16:56:20.450878+05:30
484,J3_TOWN_HALL,2026-05-04 16:56:12.347724+05:30,103,5.91,SPEED_BELOW_10,2026-05-04 16:56:20.455384+05:30
479,J1_KOLLUPITIYA,2026-05-04 16:56:11.338480+05:30,131,9.70,SPEED_BELOW_10,2026-05-04 16:56:20.450878+05:30
478,J1_KOLLUPITIYA,2026-05-04 16:56:09.300674+05:30,99,2.18,SPEED_BELOW_10,2026-05-04 16:56:10.371581+05:30
477,J4_BORELLA,2026-05-04 16:56:06.283452+05:30,131,6.75,SPEED_BELOW_10,2026-05-04 16:56:10.371581+05:30
476,J1_KOLLUPITIYA,2026-05-04 16:56:03.236206+05:30,149,6.88,SPEED_BELOW_10,2026-05-04 16:56:10.371581+05:30
475,J3_TOWN_HALL,2026-05-04 16:56:00.621911+05:30,117,7.63,SPEED_BELOW_10,2026-05-04 16:56:10.329303+05:30
470,J1_KOLLUPITIYA,2026-05-04 16:55:59.865857+05:30,98,5.01,SPEED_BELOW_10,2026-05-04 16:56:00.659798+05:30
474,J3_TOWN_HALL,2026-05-04 16:55:57.549413+05:30,100,4.13,SPEED_BELOW_10,2026-05-04 16:56:00.662681+05:30
469,J4_BORELLA,2026-05-04 16:55:56.861992+05:30,131,2.18,SPEED_BELOW_10,2026-05-04 16:56:00.659798+05:30
473,J3_TOWN_HALL,2026-05-04 16:55:55.852011+05:30,127,9.27,SPEED_BELOW_10,2026-05-04 16:56:00.662681+05:30
468,J2_BAMBALAPITIYA,2026-05-04 16:55:55.525537+05:30,118,5.69,SPEED_BELOW_10,2026-05-04 16:56:00.659742+05:30
472,J3_TOWN_HALL,2026-05-04 16:55:54.519234+05:30,147,6.24,SPEED_BELOW_10,2026-05-04 16:56:00.662681+05:30
471,J3_TOWN_HALL,2026-05-04 16:55:51.788626+05:30,125,6.16,SPEED_BELOW_10,2026-05-04 16:56:00.662681+05:30
467,J1_KOLLUPITIYA,2026-05-04 16:55:48.756518+05:30,129,4.97,SPEED_BELOW_10,2026-05-04 16:55:50.534390+05:30
466,J4_BORELLA,2026-05-04 16:55:48.463353+05:30,126,8.80,SPEED_BELOW_10,2026-05-04 16:55:50.534390+05:30
465,J4_BORELLA,2026-05-04 16:55:46.741509+05:30,119,3.32,SPEED_BELOW_10,2026-05-04 16:55:50.534390+05:30
464,J1_KOLLUPITIYA,2026-05-04 16:55:43.102361+05:30,106,9.79,SPEED_BELOW_10,2026-05-04 16:55:50.534390+05:30
463,J3_TOWN_HALL,2026-05-04 16:55:40.082529+05:30,109,5.15,SPEED_BELOW_10,2026-05-04 16:55:50.508057+05:30
460,J3_TOWN_HALL,2026-05-04 16:55:39.531204+05:30,149,5.51,SPEED_BELOW_10,2026-05-04 16:55:40.609407+05:30
462,J2_BAMBALAPITIYA,2026-05-04 16:55:39.065502+05:30,133,2.30,SPEED_BELOW_10,2026-05-04 16:55:40.623187+05:30
461,J2_BAMBALAPITIYA,2026-05-04 16:55:37.517953+05:30,130,4.57,SPEED_BELOW_10,2026-05-04 16:55:40.623187+05:30
457,J4_BORELLA,2026-05-04 16:55:28.500339+05:30,118,2.46,SPEED_BELOW_10,2026-05-04 16:55:30.352430+05:30
459,J3_TOWN_HALL,2026-05-04 16:55:27.488884+05:30,97,7.68,SPEED_BELOW_10,2026-05-04 16:55:30.354621+05:30
458,J3_TOWN_HALL,2026-05-04 16:55:22.195065+05:30,109,3.09,SPEED_BELOW_10,2026-05-04 16:55:30.354621+05:30
456,J4_BORELLA,2026-05-04 16:55:19.026016+05:30,122,2.54,SPEED_BELOW_10,2026-05-04 16:55:21.062096+05:30
452,J2_BAMBALAPITIYA,2026-05-04 16:55:19.021876+05:30,127,9.89,SPEED_BELOW_10,2026-05-04 16:55:21.049556+05:30
455,J1_KOLLUPITIYA,2026-05-04 16:55:15.040875+05:30,144,4.84,SPEED_BELOW_10,2026-05-04 16:55:21.062096+05:30
454,J4_BORELLA,2026-05-04 16:55:14.032822+05:30,143,7.31,SPEED_BELOW_10,2026-05-04 16:55:21.062096+05:30
450,J2_BAMBALAPITIYA,2026-05-04 16:55:13.372556+05:30,122,9.41,SPEED_BELOW_10,2026-05-04 16:55:21.049556+05:30
453,J1_KOLLUPITIYA,2026-05-04 16:55:12.364635+05:30,93,3.83,SPEED_BELOW_10,2026-05-04 16:55:21.062096+05:30
451,J3_TOWN_HALL,2026-05-04 16:55:11.003800+05:30,115,6.55,SPEED_BELOW_10,2026-05-04 16:55:21.049861+05:30
449,J3_TOWN_HALL,2026-05-04 16:55:08.992321+05:30,117,5.87,SPEED_BELOW_10,2026-05-04 16:55:10.392110+05:30
446,J2_BAMBALAPITIYA,2026-05-04 16:55:08.950290+05:30,131,5.55,SPEED_BELOW_10,2026-05-04 16:55:10.387081+05:30
448,J1_KOLLUPITIYA,2026-05-04 16:55:05.934270+05:30,104,8.91,SPEED_BELOW_10,2026-05-04 16:55:10.387435+05:30
447,J4_BORELLA,2026-05-04 16:55:05.327605+05:30,119,3.55,SPEED_BELOW_10,2026-05-04 16:55:10.387435+05:30
445,J4_BORELLA,2026-05-04 16:54:59.295300+05:30,129,7.07,SPEED_BELOW_10,2026-05-04 16:55:00.349035+05:30
444,J2_BAMBALAPITIYA,2026-05-04 16:54:59.293191+05:30,94,5.62,SPEED_BELOW_10,2026-05-04 16:55:00.339238+05:30
441,J3_TOWN_HALL,2026-05-04 16:54:58.904979+05:30,118,4.36,SPEED_BELOW_10,2026-05-04 16:55:00.339457+05:30
443,J2_BAMBALAPITIYA,2026-05-04 16:54:55.834538+05:30,132,6.93,SPEED_BELOW_10,2026-05-04 16:55:00.339238+05:30
442,J2_BAMBALAPITIYA,2026-05-04 16:54:54.830326+05:30,115,3.60,SPEED_BELOW_10,2026-05-04 16:55:00.339238+05:30
440,J3_TOWN_HALL,2026-05-04 16:54:51.736316+05:30,111,4.98,SPEED_BELOW_10,2026-05-04 16:55:00.339457+05:30
432,J3_TOWN_HALL,2026-05-04 16:54:49.724067+05:30,132,3.92,SPEED_BELOW_10,2026-05-04 16:54:50.279524+05:30
431,J2_BAMBALAPITIYA,2026-05-04 16:54:49.235709+05:30,132,8.77,SPEED_BELOW_10,2026-05-04 16:54:50.276797+05:30
439,J4_BORELLA,2026-05-04 16:54:48.716775+05:30,121,9.70,SPEED_BELOW_10,2026-05-04 16:54:50.279382+05:30
438,J1_KOLLUPITIYA,2026-05-04 16:54:47.225754+05:30,123,3.92,SPEED_BELOW_10,2026-05-04 16:54:50.279382+05:30
437,J4_BORELLA,2026-05-04 16:54:46.704957+05:30,104,4.72,SPEED_BELOW_10,2026-05-04 16:54:50.279382+05:30
436,J1_KOLLUPITIYA,2026-05-04 16:54:45.690456+05:30,101,5.87,SPEED_BELOW_10,2026-05-04 16:54:50.279382+05:30
435,J4_BORELLA,2026-05-04 16:54:44.181854+05:30,113,2.65,SPEED_BELOW_10,2026-05-04 16:54:50.279382+05:30
434,J1_KOLLUPITIYA,2026-05-04 16:54:44.175877+05:30,146,5.40,SPEED_BELOW_10,2026-05-04 16:54:50.279382+05:30
433,J1_KOLLUPITIYA,2026-05-04 16:54:42.674924+05:30,112,2.74,SPEED_BELOW_10,2026-05-04 16:54:50.279382+05:30
427,J3_TOWN_HALL,2026-05-04 16:54:38.659160+05:30,105,8.84,SPEED_BELOW_10,2026-05-04 16:54:40.190247+05:30
430,J1_KOLLUPITIYA,2026-05-04 16:54:38.657421+05:30,119,7.77,SPEED_BELOW_10,2026-05-04 16:54:40.193285+05:30
426,J3_TOWN_HALL,2026-05-04 16:54:33.669551+05:30,132,7.61,SPEED_BELOW_10,2026-05-04 16:54:40.190247+05:30
429,J4_BORELLA,2026-05-04 16:54:32.664293+05:30,124,6.55,SPEED_BELOW_10,2026-05-04 16:54:40.193285+05:30
425,J3_TOWN_HALL,2026-05-04 16:54:30.653380+05:30,105,8.06,SPEED_BELOW_10,2026-05-04 16:54:40.190247+05:30
428,J2_BAMBALAPITIYA,2026-05-04 16:54:30.650240+05:30,100,8.97,SPEED_BELOW_10,2026-05-04 16:54:40.191823+05:30
420,J2_BAMBALAPITIYA,2026-05-04 16:54:29.642416+05:30,120,3.53,SPEED_BELOW_10,2026-05-04 16:54:30.676242+05:30
424,J4_BORELLA,2026-05-04 16:54:29.615607+05:30,124,5.95,SPEED_BELOW_10,2026-05-04 16:54:30.676110+05:30
423,J4_BORELLA,2026-05-04 16:54:28.610177+05:30,116,9.61,SPEED_BELOW_10,2026-05-04 16:54:30.676110+05:30
422,J4_BORELLA,2026-05-04 16:54:28.090711+05:30,90,5.99,SPEED_BELOW_10,2026-05-04 16:54:30.676110+05:30
421,J4_BORELLA,2026-05-04 16:54:27.603137+05:30,106,6.86,SPEED_BELOW_10,2026-05-04 16:54:30.676110+05:30
416,J3_TOWN_HALL,2026-05-04 16:54:27.600979+05:30,138,4.84,SPEED_BELOW_10,2026-05-04 16:54:30.675385+05:30
418,J2_BAMBALAPITIYA,2026-05-04 16:54:26.625593+05:30,102,9.16,SPEED_BELOW_10,2026-05-04 16:54:30.676242+05:30
419,J4_BORELLA,2026-05-04 16:54:23.613802+05:30,134,2.12,SPEED_BELOW_10,2026-05-04 16:54:30.676110+05:30
417,J1_KOLLUPITIYA,2026-05-04 16:54:23.053483+05:30,136,7.07,SPEED_BELOW_10,2026-05-04 16:54:30.676110+05:30
414,J4_BORELLA,2026-05-04 16:54:16.022740+05:30,115,7.00,SPEED_BELOW_10,2026-05-04 16:54:20.603445+05:30
413,J4_BORELLA,2026-05-04 16:54:15.531903+05:30,100,8.01,SPEED_BELOW_10,2026-05-04 16:54:20.603445+05:30
412,J1_KOLLUPITIYA,2026-05-04 16:54:13.559092+05:30,136,4.51,SPEED_BELOW_10,2026-05-04 16:54:20.603445+05:30
409,J2_BAMBALAPITIYA,2026-05-04 16:54:13.517808+05:30,116,7.08,SPEED_BELOW_10,2026-05-04 16:54:20.602417+05:30
408,J2_BAMBALAPITIYA,2026-05-04 16:54:13.002642+05:30,122,3.30,SPEED_BELOW_10,2026-05-04 16:54:20.602417+05:30
415,J3_TOWN_HALL,2026-05-04 16:54:12.556114+05:30,110,4.91,SPEED_BELOW_10,2026-05-04 16:54:20.608827+05:30
411,J1_KOLLUPITIYA,2026-05-04 16:54:12.509896+05:30,100,8.32,SPEED_BELOW_10,2026-05-04 16:54:20.603445+05:30
410,J4_BORELLA,2026-05-04 16:54:11.507181+05:30,103,4.28,SPEED_BELOW_10,2026-05-04 16:54:20.603445+05:30
405,J1_KOLLUPITIYA,2026-05-04 16:54:05.517202+05:30,138,9.83,SPEED_BELOW_10,2026-05-04 16:54:10.536015+05:30
404,J2_BAMBALAPITIYA,2026-05-04 16:54:04.460083+05:30,138,8.65,SPEED_BELOW_10,2026-05-04 16:54:10.532107+05:30
407,J3_TOWN_HALL,2026-05-04 16:54:01.442442+05:30,113,3.98,SPEED_BELOW_10,2026-05-04 16:54:10.537292+05:30
406,J3_TOWN_HALL,2026-05-04 16:54:00.945549+05:30,148,7.38,SPEED_BELOW_10,2026-05-04 16:54:10.537292+05:30
399,J4_BORELLA,2026-05-04 16:53:59.428555+05:30,94,8.25,SPEED_BELOW_10,2026-05-04 16:54:00.467519+05:30
398,J4_BORELLA,2026-05-04 16:53:58.421459+05:30,145,5.10,SPEED_BELOW_10,2026-05-04 16:54:00.467519+05:30
397,J1_KOLLUPITIYA,2026-05-04 16:53:57.407190+05:30,120,7.57,SPEED_BELOW_10,2026-05-04 16:54:00.467519+05:30
403,J3_TOWN_HALL,2026-05-04 16:53:55.397646+05:30,97,8.42,SPEED_BELOW_10,2026-05-04 16:54:00.470323+05:30
402,J2_BAMBALAPITIYA,2026-05-04 16:53:54.382564+05:30,149,3.68,SPEED_BELOW_10,2026-05-04 16:54:00.470320+05:30
396,J1_KOLLUPITIYA,2026-05-04 16:53:53.374353+05:30,135,7.00,SPEED_BELOW_10,2026-05-04 16:54:00.467519+05:30
400,J2_BAMBALAPITIYA,2026-05-04 16:53:52.891641+05:30,94,8.35,SPEED_BELOW_10,2026-05-04 16:54:00.470320+05:30
401,J3_TOWN_HALL,2026-05-04 16:53:52.371105+05:30,141,2.17,SPEED_BELOW_10,2026-05-04 16:54:00.470323+05:30
395,J1_KOLLUPITIYA,2026-05-04 16:53:48.874172+05:30,118,2.44,SPEED_BELOW_10,2026-05-04 16:53:50.392074+05:30
393,J4_BORELLA,2026-05-04 16:53:48.434099+05:30,146,2.52,SPEED_BELOW_10,2026-05-04 16:53:50.392074+05:30
391,J4_BORELLA,2026-05-04 16:53:47.871814+05:30,103,8.68,SPEED_BELOW_10,2026-05-04 16:53:50.392074+05:30
390,J1_KOLLUPITIYA,2026-05-04 16:53:47.868882+05:30,107,2.81,SPEED_BELOW_10,2026-05-04 16:53:50.392074+05:30
394,J2_BAMBALAPITIYA,2026-05-04 16:53:47.342086+05:30,126,3.71,SPEED_BELOW_10,2026-05-04 16:53:50.391912+05:30
388,J4_BORELLA,2026-05-04 16:53:45.863233+05:30,117,3.89,SPEED_BELOW_10,2026-05-04 16:53:50.392074+05:30
392,J2_BAMBALAPITIYA,2026-05-04 16:53:45.331249+05:30,134,7.86,SPEED_BELOW_10,2026-05-04 16:53:50.391912+05:30
389,J2_BAMBALAPITIYA,2026-05-04 16:53:44.406857+05:30,115,8.49,SPEED_BELOW_10,2026-05-04 16:53:50.391912+05:30
387,J4_BORELLA,2026-05-04 16:53:44.326718+05:30,91,7.66,SPEED_BELOW_10,2026-05-04 16:53:50.392074+05:30
384,J3_TOWN_HALL,2026-05-04 16:53:41.841195+05:30,90,3.15,SPEED_BELOW_10,2026-05-04 16:53:50.368407+05:30
386,J2_BAMBALAPITIYA,2026-05-04 16:53:41.839260+05:30,126,5.92,SPEED_BELOW_10,2026-05-04 16:53:50.391912+05:30
385,J4_BORELLA,2026-05-04 16:53:40.836196+05:30,117,7.41,SPEED_BELOW_10,2026-05-04 16:53:50.392074+05:30
383,J3_TOWN_HALL,2026-05-04 16:53:40.294305+05:30,102,3.68,SPEED_BELOW_10,2026-05-04 16:53:50.368407+05:30
380,J2_BAMBALAPITIYA,2026-05-04 16:53:39.376770+05:30,115,7.84,SPEED_BELOW_10,2026-05-04 16:53:40.325366+05:30
382,J3_TOWN_HALL,2026-05-04 16:53:34.353721+05:30,116,7.96,SPEED_BELOW_10,2026-05-04 16:53:40.337703+05:30
381,J3_TOWN_HALL,2026-05-04 16:53:33.345022+05:30,138,3.14,SPEED_BELOW_10,2026-05-04 16:53:40.337703+05:30
379,J2_BAMBALAPITIYA,2026-05-04 16:53:33.256324+05:30,122,6.32,SPEED_BELOW_10,2026-05-04 16:53:40.325366+05:30
378,J1_KOLLUPITIYA,2026-05-04 16:53:32.335894+05:30,117,4.22,SPEED_BELOW_10,2026-05-04 16:53:40.325154+05:30
377,J1_KOLLUPITIYA,2026-05-04 16:53:28.312247+05:30,90,5.15,SPEED_BELOW_10,2026-05-04 16:53:30.289688+05:30
371,J2_BAMBALAPITIYA,2026-05-04 16:53:27.219343+05:30,141,6.16,SPEED_BELOW_10,2026-05-04 16:53:30.273811+05:30
372,J3_TOWN_HALL,2026-05-04 16:53:26.756252+05:30,107,8.03,SPEED_BELOW_10,2026-05-04 16:53:30.281011+05:30
376,J4_BORELLA,2026-05-04 16:53:25.751394+05:30,115,4.32,SPEED_BELOW_10,2026-05-04 16:53:30.289688+05:30
375,J4_BORELLA,2026-05-04 16:53:25.210961+05:30,103,7.24,SPEED_BELOW_10,2026-05-04 16:53:30.289688+05:30
374,J4_BORELLA,2026-05-04 16:53:23.736894+05:30,97,8.28,SPEED_BELOW_10,2026-05-04 16:53:30.289688+05:30
373,J1_KOLLUPITIYA,2026-05-04 16:53:21.270622+05:30,141,4.47,SPEED_BELOW_10,2026-05-04 16:53:30.289688+05:30
370,J4_BORELLA,2026-05-04 16:53:18.171852+05:30,97,8.92,SPEED_BELOW_10,2026-05-04 16:53:20.712953+05:30
369,J4_BORELLA,2026-05-04 16:53:15.245304+05:30,98,5.34,SPEED_BELOW_10,2026-05-04 16:53:20.712953+05:30
368,J1_KOLLUPITIYA,2026-05-04 16:53:14.236589+05:30,123,6.70,SPEED_BELOW_10,2026-05-04 16:53:20.712953+05:30
367,J4_BORELLA,2026-05-04 16:53:13.233426+05:30,93,9.04,SPEED_BELOW_10,2026-05-04 16:53:20.712953+05:30
364,J2_BAMBALAPITIYA,2026-05-04 16:53:10.209897+05:30,108,8.67,SPEED_BELOW_10,2026-05-04 16:53:20.345100+05:30
366,J1_KOLLUPITIYA,2026-05-04 16:53:10.198987+05:30,115,3.42,SPEED_BELOW_10,2026-05-04 16:53:20.712953+05:30
365,J3_TOWN_HALL,2026-05-04 16:53:10.121983+05:30,115,5.56,SPEED_BELOW_10,2026-05-04 16:53:20.712266+05:30
360,J3_TOWN_HALL,2026-05-04 16:53:03.605562+05:30,112,9.46,SPEED_BELOW_10,2026-05-04 16:53:10.271865+05:30
363,J2_BAMBALAPITIYA,2026-05-04 16:53:03.603507+05:30,138,3.83,SPEED_BELOW_10,2026-05-04 16:53:10.271865+05:30
362,J2_BAMBALAPITIYA,2026-05-04 16:53:03.086476+05:30,113,5.66,SPEED_BELOW_10,2026-05-04 16:53:10.271865+05:30
361,J2_BAMBALAPITIYA,2026-05-04 16:53:01.155183+05:30,127,7.07,SPEED_BELOW_10,2026-05-04 16:53:10.271865+05:30
359,J2_BAMBALAPITIYA,2026-05-04 16:52:56.556660+05:30,118,6.96,SPEED_BELOW_10,2026-05-04 16:53:00.632163+05:30
357,J4_BORELLA,2026-05-04 16:52:52.102162+05:30,137,2.97,SPEED_BELOW_10,2026-05-04 16:53:00.613380+05:30
358,J3_TOWN_HALL,2026-05-04 16:52:52.025447+05:30,126,2.12,SPEED_BELOW_10,2026-05-04 16:53:00.626227+05:30
356,J4_BORELLA,2026-05-04 16:52:49.521137+05:30,101,3.09,SPEED_BELOW_10,2026-05-04 16:52:50.557053+05:30
355,J1_KOLLUPITIYA,2026-05-04 16:52:46.493754+05:30,98,8.62,SPEED_BELOW_10,2026-05-04 16:52:50.557053+05:30
354,J4_BORELLA,2026-05-04 16:52:46.073090+05:30,113,2.47,SPEED_BELOW_10,2026-05-04 16:52:50.557053+05:30
353,J1_KOLLUPITIYA,2026-05-04 16:52:42.945872+05:30,139,5.87,SPEED_BELOW_10,2026-05-04 16:52:50.557053+05:30
352,J4_BORELLA,2026-05-04 16:52:35.000314+05:30,90,4.95,SPEED_BELOW_10,2026-05-04 16:52:40.491986+05:30
351,J4_BORELLA,2026-05-04 16:52:32.985993+05:30,143,2.81,SPEED_BELOW_10,2026-05-04 16:52:40.491986+05:30
350,J2_BAMBALAPITIYA,2026-05-04 16:52:32.878580+05:30,117,4.85,SPEED_BELOW_10,2026-05-04 16:52:40.489625+05:30
349,J1_KOLLUPITIYA,2026-05-04 16:52:29.966290+05:30,149,2.69,SPEED_BELOW_10,2026-05-04 16:52:30.444931+05:30
347,J2_BAMBALAPITIYA,2026-05-04 16:52:29.859768+05:30,129,9.17,SPEED_BELOW_10,2026-05-04 16:52:30.438548+05:30
348,J3_TOWN_HALL,2026-05-04 16:52:29.385267+05:30,95,6.30,SPEED_BELOW_10,2026-05-04 16:52:30.441485+05:30
346,J2_BAMBALAPITIYA,2026-05-04 16:52:29.382297+05:30,90,8.02,SPEED_BELOW_10,2026-05-04 16:52:30.438548+05:30
343,J4_BORELLA,2026-05-04 16:52:19.902008+05:30,94,3.00,SPEED_BELOW_10,2026-05-04 16:52:20.359809+05:30
339,J2_BAMBALAPITIYA,2026-05-04 16:52:19.314047+05:30,113,6.53,SPEED_BELOW_10,2026-05-04 16:52:20.326955+05:30
342,J4_BORELLA,2026-05-04 16:52:16.756763+05:30,99,7.86,SPEED_BELOW_10,2026-05-04 16:52:20.359809+05:30
345,J3_TOWN_HALL,2026-05-04 16:52:14.855865+05:30,101,2.11,SPEED_BELOW_10,2026-05-04 16:52:20.385969+05:30
341,J1_KOLLUPITIYA,2026-05-04 16:52:14.258446+05:30,108,3.48,SPEED_BELOW_10,2026-05-04 16:52:20.359809+05:30
340,J1_KOLLUPITIYA,2026-05-04 16:52:11.721222+05:30,105,2.79,SPEED_BELOW_10,2026-05-04 16:52:20.359809+05:30
344,J3_TOWN_HALL,2026-05-04 16:52:10.800563+05:30,116,4.42,SPEED_BELOW_10,2026-05-04 16:52:20.385969+05:30
338,J2_BAMBALAPITIYA,2026-05-04 16:52:10.234948+05:30,115,3.64,SPEED_BELOW_10,2026-05-04 16:52:20.326955+05:30
337,J2_BAMBALAPITIYA,2026-05-04 16:52:08.791087+05:30,115,3.69,SPEED_BELOW_10,2026-05-04 16:52:10.292882+05:30
333,J3_TOWN_HALL,2026-05-04 16:52:06.695065+05:30,101,7.83,SPEED_BELOW_10,2026-05-04 16:52:10.255102+05:30
336,J2_BAMBALAPITIYA,2026-05-04 16:52:05.208897+05:30,141,4.47,SPEED_BELOW_10,2026-05-04 16:52:10.292882+05:30
335,J4_BORELLA,2026-05-04 16:52:04.685869+05:30,110,6.71,SPEED_BELOW_10,2026-05-04 16:52:10.286373+05:30
334,J1_KOLLUPITIYA,2026-05-04 16:52:03.195981+05:30,142,9.87,SPEED_BELOW_10,2026-05-04 16:52:10.286373+05:30
332,J3_TOWN_HALL,2026-05-04 16:52:01.188798+05:30,96,2.11,SPEED_BELOW_10,2026-05-04 16:52:10.255102+05:30
331,J3_TOWN_HALL,2026-05-04 16:52:00.179495+05:30,105,6.05,SPEED_BELOW_10,2026-05-04 16:52:10.255102+05:30
330,J3_TOWN_HALL,2026-05-04 16:51:59.738256+05:30,123,3.25,SPEED_BELOW_10,2026-05-04 16:52:00.672614+05:30
327,J1_KOLLUPITIYA,2026-05-04 16:51:59.736441+05:30,100,4.29,SPEED_BELOW_10,2026-05-04 16:52:00.657655+05:30
326,J4_BORELLA,2026-05-04 16:51:58.570352+05:30,115,7.74,SPEED_BELOW_10,2026-05-04 16:52:00.657655+05:30
325,J4_BORELLA,2026-05-04 16:51:56.554394+05:30,144,7.41,SPEED_BELOW_10,2026-05-04 16:52:00.657655+05:30
328,J2_BAMBALAPITIYA,2026-05-04 16:51:54.711810+05:30,148,9.89,SPEED_BELOW_10,2026-05-04 16:52:00.665206+05:30
324,J1_KOLLUPITIYA,2026-05-04 16:51:53.536078+05:30,132,2.54,SPEED_BELOW_10,2026-05-04 16:52:00.657655+05:30
323,J1_KOLLUPITIYA,2026-05-04 16:51:51.687163+05:30,118,7.43,SPEED_BELOW_10,2026-05-04 16:52:00.657655+05:30
322,J4_BORELLA,2026-05-04 16:51:51.528658+05:30,140,5.08,SPEED_BELOW_10,2026-05-04 16:52:00.657655+05:30
329,J3_TOWN_HALL,2026-05-04 16:51:51.526935+05:30,103,7.31,SPEED_BELOW_10,2026-05-04 16:52:00.672614+05:30
321,J1_KOLLUPITIYA,2026-05-04 16:51:51.524198+05:30,94,9.43,SPEED_BELOW_10,2026-05-04 16:52:00.657655+05:30
317,J4_BORELLA,2026-05-04 16:51:48.672566+05:30,149,8.70,SPEED_BELOW_10,2026-05-04 16:51:50.569753+05:30
316,J1_KOLLUPITIYA,2026-05-04 16:51:48.669224+05:30,94,7.48,SPEED_BELOW_10,2026-05-04 16:51:50.569753+05:30
315,J4_BORELLA,2026-05-04 16:51:48.492140+05:30,108,5.29,SPEED_BELOW_10,2026-05-04 16:51:50.569753+05:30
320,J3_TOWN_HALL,2026-05-04 16:51:48.114169+05:30,137,2.63,SPEED_BELOW_10,2026-05-04 16:51:50.610225+05:30
318,J2_BAMBALAPITIYA,2026-05-04 16:51:45.653582+05:30,107,8.12,SPEED_BELOW_10,2026-05-04 16:51:50.577249+05:30
314,J4_BORELLA,2026-05-04 16:51:43.643264+05:30,146,9.59,SPEED_BELOW_10,2026-05-04 16:51:50.569753+05:30
319,J3_TOWN_HALL,2026-05-04 16:51:42.086717+05:30,117,8.78,SPEED_BELOW_10,2026-05-04 16:51:50.610225+05:30
313,J4_BORELLA,2026-05-04 16:51:41.442943+05:30,144,8.50,SPEED_BELOW_10,2026-05-04 16:51:50.569753+05:30
312,J2_BAMBALAPITIYA,2026-05-04 16:51:34.371519+05:30,136,8.23,SPEED_BELOW_10,2026-05-04 16:51:40.465839+05:30
311,J2_BAMBALAPITIYA,2026-05-04 16:51:33.026706+05:30,135,2.46,SPEED_BELOW_10,2026-05-04 16:51:40.465839+05:30
310,J1_KOLLUPITIYA,2026-05-04 16:51:32.019692+05:30,100,6.41,SPEED_BELOW_10,2026-05-04 16:51:40.459223+05:30
307,J1_KOLLUPITIYA,2026-05-04 16:51:27.552462+05:30,140,2.40,SPEED_BELOW_10,2026-05-04 16:51:30.396651+05:30
309,J2_BAMBALAPITIYA,2026-05-04 16:51:25.987798+05:30,126,3.47,SPEED_BELOW_10,2026-05-04 16:51:30.404382+05:30
306,J1_KOLLUPITIYA,2026-05-04 16:51:23.972929+05:30,111,5.15,SPEED_BELOW_10,2026-05-04 16:51:30.396651+05:30
305,J1_KOLLUPITIYA,2026-05-04 16:51:22.969114+05:30,122,2.55,SPEED_BELOW_10,2026-05-04 16:51:30.396651+05:30
308,J2_BAMBALAPITIYA,2026-05-04 16:51:20.957379+05:30,124,5.24,SPEED_BELOW_10,2026-05-04 16:51:30.404382+05:30
301,J3_TOWN_HALL,2026-05-04 16:51:19.950969+05:30,118,9.21,SPEED_BELOW_10,2026-05-04 16:51:20.346611+05:30
302,J2_BAMBALAPITIYA,2026-05-04 16:51:18.944265+05:30,107,3.30,SPEED_BELOW_10,2026-05-04 16:51:20.345814+05:30
299,J3_TOWN_HALL,2026-05-04 16:51:18.505723+05:30,145,3.35,SPEED_BELOW_10,2026-05-04 16:51:20.346611+05:30
304,J4_BORELLA,2026-05-04 16:51:17.938345+05:30,132,8.28,SPEED_BELOW_10,2026-05-04 16:51:20.346780+05:30
297,J3_TOWN_HALL,2026-05-04 16:51:17.935357+05:30,114,3.81,SPEED_BELOW_10,2026-05-04 16:51:20.346611+05:30
303,J1_KOLLUPITIYA,2026-05-04 16:51:16.927315+05:30,121,8.58,SPEED_BELOW_10,2026-05-04 16:51:20.346780+05:30
298,J2_BAMBALAPITIYA,2026-05-04 16:51:14.482404+05:30,131,8.39,SPEED_BELOW_10,2026-05-04 16:51:20.345814+05:30
300,J1_KOLLUPITIYA,2026-05-04 16:51:14.479416+05:30,116,7.30,SPEED_BELOW_10,2026-05-04 16:51:20.346780+05:30
296,J4_BORELLA,2026-05-04 16:51:14.244423+05:30,113,5.88,SPEED_BELOW_10,2026-05-04 16:51:20.346780+05:30
295,J2_BAMBALAPITIYA,2026-05-04 16:51:10.456319+05:30,127,3.26,SPEED_BELOW_10,2026-05-04 16:51:20.345814+05:30
294,J3_TOWN_HALL,2026-05-04 16:51:08.207846+05:30,137,7.99,SPEED_BELOW_10,2026-05-04 16:51:10.276197+05:30
293,J3_TOWN_HALL,2026-05-04 16:51:07.437899+05:30,144,7.87,SPEED_BELOW_10,2026-05-04 16:51:10.276197+05:30
292,J3_TOWN_HALL,2026-05-04 16:51:03.859229+05:30,106,2.39,SPEED_BELOW_10,2026-05-04 16:51:10.276197+05:30
291,J3_TOWN_HALL,2026-05-04 16:51:02.851350+05:30,126,5.54,SPEED_BELOW_10,2026-05-04 16:51:10.276197+05:30
290,J4_BORELLA,2026-05-04 16:51:01.155404+05:30,91,9.49,SPEED_BELOW_10,2026-05-04 16:51:10.241708+05:30
289,J1_KOLLUPITIYA,2026-05-04 16:51:00.389622+05:30,101,9.19,SPEED_BELOW_10,2026-05-04 16:51:10.241708+05:30
288,J2_BAMBALAPITIYA,2026-05-04 16:50:59.385141+05:30,148,2.91,SPEED_BELOW_10,2026-05-04 16:51:00.426074+05:30
283,J4_BORELLA,2026-05-04 16:50:57.822831+05:30,103,2.45,SPEED_BELOW_10,2026-05-04 16:51:00.401496+05:30
286,J3_TOWN_HALL,2026-05-04 16:50:57.820959+05:30,93,6.66,SPEED_BELOW_10,2026-05-04 16:51:00.426133+05:30
284,J3_TOWN_HALL,2026-05-04 16:50:57.352064+05:30,92,5.26,SPEED_BELOW_10,2026-05-04 16:51:00.426133+05:30
287,J2_BAMBALAPITIYA,2026-05-04 16:50:55.806156+05:30,92,5.52,SPEED_BELOW_10,2026-05-04 16:51:00.426074+05:30
282,J4_BORELLA,2026-05-04 16:50:55.341379+05:30,110,6.20,SPEED_BELOW_10,2026-05-04 16:51:00.401496+05:30
285,J2_BAMBALAPITIYA,2026-05-04 16:50:54.111370+05:30,103,8.80,SPEED_BELOW_10,2026-05-04 16:51:00.426074+05:30
281,J1_KOLLUPITIYA,2026-05-04 16:50:51.089846+05:30,116,8.59,SPEED_BELOW_10,2026-05-04 16:51:00.401496+05:30
280,J1_KOLLUPITIYA,2026-05-04 16:50:50.308305+05:30,111,6.82,SPEED_BELOW_10,2026-05-04 16:51:00.401496+05:30
275,J1_KOLLUPITIYA,2026-05-04 16:50:49.076958+05:30,134,3.51,SPEED_BELOW_10,2026-05-04 16:50:50.357394+05:30
277,J3_TOWN_HALL,2026-05-04 16:50:48.070160+05:30,109,3.33,SPEED_BELOW_10,2026-05-04 16:50:50.361818+05:30
279,J2_BAMBALAPITIYA,2026-05-04 16:50:47.060258+05:30,114,2.47,SPEED_BELOW_10,2026-05-04 16:50:50.367471+05:30
278,J2_BAMBALAPITIYA,2026-05-04 16:50:43.275642+05:30,92,7.65,SPEED_BELOW_10,2026-05-04 16:50:50.367471+05:30
276,J3_TOWN_HALL,2026-05-04 16:50:42.716231+05:30,116,4.32,SPEED_BELOW_10,2026-05-04 16:50:50.361818+05:30
271,J4_BORELLA,2026-05-04 16:50:39.692115+05:30,96,8.50,SPEED_BELOW_10,2026-05-04 16:50:40.296309+05:30
270,J1_KOLLUPITIYA,2026-05-04 16:50:38.678631+05:30,111,5.45,SPEED_BELOW_10,2026-05-04 16:50:40.296309+05:30
274,J3_TOWN_HALL,2026-05-04 16:50:36.669530+05:30,94,7.35,SPEED_BELOW_10,2026-05-04 16:50:40.302141+05:30
269,J1_KOLLUPITIYA,2026-05-04 16:50:36.665245+05:30,93,9.88,SPEED_BELOW_10,2026-05-04 16:50:40.296309+05:30
272,J2_BAMBALAPITIYA,2026-05-04 16:50:33.981113+05:30,148,4.36,SPEED_BELOW_10,2026-05-04 16:50:40.302110+05:30
273,J3_TOWN_HALL,2026-05-04 16:50:31.638132+05:30,96,3.69,SPEED_BELOW_10,2026-05-04 16:50:40.302141+05:30
268,J1_KOLLUPITIYA,2026-05-04 16:50:31.213244+05:30,149,2.11,SPEED_BELOW_10,2026-05-04 16:50:40.296309+05:30
267,J2_BAMBALAPITIYA,2026-05-04 16:50:27.605064+05:30,141,3.81,SPEED_BELOW_10,2026-05-04 16:50:30.248952+05:30
265,J1_KOLLUPITIYA,2026-05-04 16:50:24.175629+05:30,142,3.88,SPEED_BELOW_10,2026-05-04 16:50:30.244051+05:30
266,J2_BAMBALAPITIYA,2026-05-04 16:50:23.172120+05:30,143,8.42,SPEED_BELOW_10,2026-05-04 16:50:30.248952+05:30
264,J4_BORELLA,2026-05-04 16:50:22.557098+05:30,100,4.34,SPEED_BELOW_10,2026-05-04 16:50:30.244051+05:30
260,J4_BORELLA,2026-05-04 16:50:19.904070+05:30,108,7.71,SPEED_BELOW_10,2026-05-04 16:50:20.580796+05:30
262,J3_TOWN_HALL,2026-05-04 16:50:19.533468+05:30,108,9.52,SPEED_BELOW_10,2026-05-04 16:50:20.587352+05:30
259,J4_BORELLA,2026-05-04 16:50:17.519654+05:30,112,7.91,SPEED_BELOW_10,2026-05-04 16:50:20.580796+05:30
263,J2_BAMBALAPITIYA,2026-05-04 16:50:17.138387+05:30,138,3.97,SPEED_BELOW_10,2026-05-04 16:50:20.593338+05:30
258,J1_KOLLUPITIYA,2026-05-04 16:50:16.508635+05:30,144,2.71,SPEED_BELOW_10,2026-05-04 16:50:20.580796+05:30
261,J3_TOWN_HALL,2026-05-04 16:50:15.505101+05:30,142,8.69,SPEED_BELOW_10,2026-05-04 16:50:20.587352+05:30
257,J1_KOLLUPITIYA,2026-05-04 16:50:14.496583+05:30,118,6.92,SPEED_BELOW_10,2026-05-04 16:50:20.580796+05:30
256,J1_KOLLUPITIYA,2026-05-04 16:50:12.107433+05:30,125,8.19,SPEED_BELOW_10,2026-05-04 16:50:20.580796+05:30
254,J4_BORELLA,2026-05-04 16:50:06.074850+05:30,98,4.15,SPEED_BELOW_10,2026-05-04 16:50:10.513154+05:30
255,J3_TOWN_HALL,2026-05-04 16:50:06.072612+05:30,105,5.91,SPEED_BELOW_10,2026-05-04 16:50:10.516151+05:30
253,J1_KOLLUPITIYA,2026-05-04 16:50:04.021541+05:30,132,2.15,SPEED_BELOW_10,2026-05-04 16:50:10.513154+05:30
252,J3_TOWN_HALL,2026-05-04 16:49:59.766030+05:30,108,3.52,SPEED_BELOW_10,2026-05-04 16:50:00.442214+05:30
250,J4_BORELLA,2026-05-04 16:49:58.378791+05:30,142,8.08,SPEED_BELOW_10,2026-05-04 16:50:00.439235+05:30
251,J3_TOWN_HALL,2026-05-04 16:49:55.721222+05:30,134,8.16,SPEED_BELOW_10,2026-05-04 16:50:00.442214+05:30
247,J2_BAMBALAPITIYA,2026-05-04 16:49:53.763199+05:30,127,3.92,SPEED_BELOW_10,2026-05-04 16:50:00.439213+05:30
249,J4_BORELLA,2026-05-04 16:49:52.345890+05:30,105,4.97,SPEED_BELOW_10,2026-05-04 16:50:00.439235+05:30
248,J4_BORELLA,2026-05-04 16:49:51.689452+05:30,98,3.43,SPEED_BELOW_10,2026-05-04 16:50:00.439235+05:30
245,J1_KOLLUPITIYA,2026-05-04 16:49:46.655564+05:30,123,8.63,SPEED_BELOW_10,2026-05-04 16:49:50.371550+05:30
246,J2_BAMBALAPITIYA,2026-05-04 16:49:45.307103+05:30,113,3.63,SPEED_BELOW_10,2026-05-04 16:49:50.377482+05:30
244,J4_BORELLA,2026-05-04 16:49:41.994538+05:30,135,7.74,SPEED_BELOW_10,2026-05-04 16:49:50.371550+05:30
243,J4_BORELLA,2026-05-04 16:49:40.599615+05:30,122,6.71,SPEED_BELOW_10,2026-05-04 16:49:50.371550+05:30
242,J4_BORELLA,2026-05-04 16:49:38.641783+05:30,105,9.77,SPEED_BELOW_10,2026-05-04 16:49:40.652801+05:30
241,J1_KOLLUPITIYA,2026-05-04 16:49:37.630265+05:30,105,8.27,SPEED_BELOW_10,2026-05-04 16:49:40.652801+05:30
240,J4_BORELLA,2026-05-04 16:49:36.626436+05:30,94,8.98,SPEED_BELOW_10,2026-05-04 16:49:40.652801+05:30
239,J1_KOLLUPITIYA,2026-05-04 16:49:35.952359+05:30,100,9.55,SPEED_BELOW_10,2026-05-04 16:49:40.652801+05:30
238,J3_TOWN_HALL,2026-05-04 16:49:35.571560+05:30,146,6.61,SPEED_BELOW_10,2026-05-04 16:49:40.651071+05:30
237,J3_TOWN_HALL,2026-05-04 16:49:33.562146+05:30,128,2.10,SPEED_BELOW_10,2026-05-04 16:49:40.651071+05:30
236,J1_KOLLUPITIYA,2026-05-04 16:49:28.532482+05:30,133,5.01,SPEED_BELOW_10,2026-05-04 16:49:30.634611+05:30
233,J2_BAMBALAPITIYA,2026-05-04 16:49:27.527743+05:30,149,3.82,SPEED_BELOW_10,2026-05-04 16:49:30.616635+05:30
235,J1_KOLLUPITIYA,2026-05-04 16:49:26.520040+05:30,130,7.68,SPEED_BELOW_10,2026-05-04 16:49:30.634611+05:30
234,J1_KOLLUPITIYA,2026-05-04 16:49:20.478888+05:30,95,5.16,SPEED_BELOW_10,2026-05-04 16:49:30.634611+05:30
231,J1_KOLLUPITIYA,2026-05-04 16:49:19.467078+05:30,118,6.07,SPEED_BELOW_10,2026-05-04 16:49:20.513831+05:30
230,J4_BORELLA,2026-05-04 16:49:16.795705+05:30,119,8.81,SPEED_BELOW_10,2026-05-04 16:49:20.513831+05:30
232,J2_BAMBALAPITIYA,2026-05-04 16:49:14.415577+05:30,138,5.39,SPEED_BELOW_10,2026-05-04 16:49:20.526415+05:30
229,J4_BORELLA,2026-05-04 16:49:13.411782+05:30,122,2.14,SPEED_BELOW_10,2026-05-04 16:49:20.513831+05:30
224,J1_KOLLUPITIYA,2026-05-04 16:49:09.694596+05:30,112,4.75,SPEED_BELOW_10,2026-05-04 16:49:10.443393+05:30
223,J1_KOLLUPITIYA,2026-05-04 16:49:09.048935+05:30,134,2.80,SPEED_BELOW_10,2026-05-04 16:49:10.443393+05:30
226,J3_TOWN_HALL,2026-05-04 16:49:07.009581+05:30,122,5.17,SPEED_BELOW_10,2026-05-04 16:49:10.443491+05:30
228,J2_BAMBALAPITIYA,2026-05-04 16:49:05.979777+05:30,136,7.34,SPEED_BELOW_10,2026-05-04 16:49:10.447865+05:30
222,J4_BORELLA,2026-05-04 16:49:05.671560+05:30,107,2.56,SPEED_BELOW_10,2026-05-04 16:49:10.443393+05:30
221,J1_KOLLUPITIYA,2026-05-04 16:49:05.666299+05:30,149,5.52,SPEED_BELOW_10,2026-05-04 16:49:10.443393+05:30
220,J1_KOLLUPITIYA,2026-05-04 16:49:03.624485+05:30,146,5.36,SPEED_BELOW_10,2026-05-04 16:49:10.443393+05:30
225,J3_TOWN_HALL,2026-05-04 16:49:00.946796+05:30,106,5.35,SPEED_BELOW_10,2026-05-04 16:49:10.443491+05:30
227,J2_BAMBALAPITIYA,2026-05-04 16:49:00.944487+05:30,121,6.53,SPEED_BELOW_10,2026-05-04 16:49:10.447865+05:30
219,J4_BORELLA,2026-05-04 16:48:58.930428+05:30,120,4.24,SPEED_BELOW_10,2026-05-04 16:49:00.666056+05:30
216,J3_TOWN_HALL,2026-05-04 16:48:55.914315+05:30,136,6.44,SPEED_BELOW_10,2026-05-04 16:49:00.658643+05:30
215,J3_TOWN_HALL,2026-05-04 16:48:54.582850+05:30,104,8.65,SPEED_BELOW_10,2026-05-04 16:49:00.658643+05:30
217,J2_BAMBALAPITIYA,2026-05-04 16:48:54.580519+05:30,137,2.02,SPEED_BELOW_10,2026-05-04 16:49:00.662324+05:30
218,J1_KOLLUPITIYA,2026-05-04 16:48:53.572449+05:30,140,6.51,SPEED_BELOW_10,2026-05-04 16:49:00.666056+05:30
213,J4_BORELLA,2026-05-04 16:48:49.550354+05:30,146,8.74,SPEED_BELOW_10,2026-05-04 16:48:50.592808+05:30
212,J4_BORELLA,2026-05-04 16:48:48.856191+05:30,113,8.65,SPEED_BELOW_10,2026-05-04 16:48:50.592808+05:30
211,J1_KOLLUPITIYA,2026-05-04 16:48:47.535598+05:30,136,9.33,SPEED_BELOW_10,2026-05-04 16:48:50.592808+05:30
210,J1_KOLLUPITIYA,2026-05-04 16:48:46.851821+05:30,150,7.47,SPEED_BELOW_10,2026-05-04 16:48:50.592808+05:30
214,J3_TOWN_HALL,2026-05-04 16:48:46.532942+05:30,134,2.91,SPEED_BELOW_10,2026-05-04 16:48:50.593909+05:30
209,J4_BORELLA,2026-05-04 16:48:45.528890+05:30,96,9.87,SPEED_BELOW_10,2026-05-04 16:48:50.592808+05:30
208,J1_KOLLUPITIYA,2026-05-04 16:48:43.825640+05:30,96,3.95,SPEED_BELOW_10,2026-05-04 16:48:50.592808+05:30
207,J4_BORELLA,2026-05-04 16:48:42.829609+05:30,141,3.68,SPEED_BELOW_10,2026-05-04 16:48:50.592808+05:30
206,J4_BORELLA,2026-05-04 16:48:39.808941+05:30,139,5.38,SPEED_BELOW_10,2026-05-04 16:48:40.545123+05:30
203,J2_BAMBALAPITIYA,2026-05-04 16:48:36.476900+05:30,96,4.08,SPEED_BELOW_10,2026-05-04 16:48:40.542703+05:30
205,J1_KOLLUPITIYA,2026-05-04 16:48:36.474667+05:30,140,8.76,SPEED_BELOW_10,2026-05-04 16:48:40.545123+05:30
202,J3_TOWN_HALL,2026-05-04 16:48:33.769216+05:30,129,6.75,SPEED_BELOW_10,2026-05-04 16:48:40.538160+05:30
204,J1_KOLLUPITIYA,2026-05-04 16:48:33.458225+05:30,112,3.61,SPEED_BELOW_10,2026-05-04 16:48:40.545123+05:30
201,J2_BAMBALAPITIYA,2026-05-04 16:48:27.674560+05:30,129,9.48,SPEED_BELOW_10,2026-05-04 16:48:30.485860+05:30
200,J2_BAMBALAPITIYA,2026-05-04 16:48:25.420088+05:30,95,8.55,SPEED_BELOW_10,2026-05-04 16:48:30.485860+05:30
198,J2_BAMBALAPITIYA,2026-05-04 16:48:24.680016+05:30,100,7.25,SPEED_BELOW_10,2026-05-04 16:48:30.485860+05:30
199,J1_KOLLUPITIYA,2026-05-04 16:48:24.678391+05:30,105,5.39,SPEED_BELOW_10,2026-05-04 16:48:30.485861+05:30
194,J3_TOWN_HALL,2026-05-04 16:48:24.657073+05:30,110,6.05,SPEED_BELOW_10,2026-05-04 16:48:30.483499+05:30
196,J2_BAMBALAPITIYA,2026-05-04 16:48:23.409387+05:30,112,7.61,SPEED_BELOW_10,2026-05-04 16:48:30.485860+05:30
197,J1_KOLLUPITIYA,2026-05-04 16:48:23.407017+05:30,95,8.02,SPEED_BELOW_10,2026-05-04 16:48:30.485861+05:30
195,J4_BORELLA,2026-05-04 16:48:20.639645+05:30,111,7.01,SPEED_BELOW_10,2026-05-04 16:48:30.485861+05:30
191,J4_BORELLA,2026-05-04 16:48:19.624721+05:30,113,6.94,SPEED_BELOW_10,2026-05-04 16:48:20.428788+05:30
190,J4_BORELLA,2026-05-04 16:48:18.619632+05:30,92,7.25,SPEED_BELOW_10,2026-05-04 16:48:20.428788+05:30
193,J3_TOWN_HALL,2026-05-04 16:48:17.618429+05:30,140,3.74,SPEED_BELOW_10,2026-05-04 16:48:20.430783+05:30
189,J1_KOLLUPITIYA,2026-05-04 16:48:15.555134+05:30,117,7.88,SPEED_BELOW_10,2026-05-04 16:48:20.428788+05:30
192,J3_TOWN_HALL,2026-05-04 16:48:15.529797+05:30,120,3.50,SPEED_BELOW_10,2026-05-04 16:48:20.430783+05:30
186,J2_BAMBALAPITIYA,2026-05-04 16:48:15.358353+05:30,92,7.41,SPEED_BELOW_10,2026-05-04 16:48:20.428434+05:30
188,J1_KOLLUPITIYA,2026-05-04 16:48:14.544423+05:30,139,8.09,SPEED_BELOW_10,2026-05-04 16:48:20.428788+05:30
187,J4_BORELLA,2026-05-04 16:48:14.345489+05:30,98,5.60,SPEED_BELOW_10,2026-05-04 16:48:20.428788+05:30
185,J1_KOLLUPITIYA,2026-05-04 16:48:06.288871+05:30,135,9.42,SPEED_BELOW_10,2026-05-04 16:48:10.360643+05:30
183,J3_TOWN_HALL,2026-05-04 16:48:03.410348+05:30,95,3.96,SPEED_BELOW_10,2026-05-04 16:48:10.359476+05:30
184,J1_KOLLUPITIYA,2026-05-04 16:48:01.451141+05:30,101,9.40,SPEED_BELOW_10,2026-05-04 16:48:10.360643+05:30
182,J3_TOWN_HALL,2026-05-04 16:47:58.383948+05:30,97,7.76,SPEED_BELOW_10,2026-05-04 16:48:00.319080+05:30
178,J2_BAMBALAPITIYA,2026-05-04 16:47:58.381748+05:30,148,8.77,SPEED_BELOW_10,2026-05-04 16:48:00.318827+05:30
181,J3_TOWN_HALL,2026-05-04 16:47:57.377688+05:30,138,3.08,SPEED_BELOW_10,2026-05-04 16:48:00.319080+05:30
180,J3_TOWN_HALL,2026-05-04 16:47:56.239684+05:30,139,5.52,SPEED_BELOW_10,2026-05-04 16:48:00.319080+05:30
179,J4_BORELLA,2026-05-04 16:47:54.209241+05:30,94,5.85,SPEED_BELOW_10,2026-05-04 16:48:00.318695+05:30
177,J1_KOLLUPITIYA,2026-05-04 16:47:48.280099+05:30,137,6.57,SPEED_BELOW_10,2026-05-04 16:47:51.057432+05:30
170,J2_BAMBALAPITIYA,2026-05-04 16:47:48.216709+05:30,150,8.76,SPEED_BELOW_10,2026-05-04 16:47:51.048329+05:30
176,J1_KOLLUPITIYA,2026-05-04 16:47:47.210845+05:30,145,6.02,SPEED_BELOW_10,2026-05-04 16:47:51.057432+05:30
169,J2_BAMBALAPITIYA,2026-05-04 16:47:45.263005+05:30,140,5.22,SPEED_BELOW_10,2026-05-04 16:47:51.048329+05:30
175,J1_KOLLUPITIYA,2026-05-04 16:47:44.257403+05:30,124,6.11,SPEED_BELOW_10,2026-05-04 16:47:51.057432+05:30
174,J1_KOLLUPITIYA,2026-05-04 16:47:44.191237+05:30,97,4.65,SPEED_BELOW_10,2026-05-04 16:47:51.057432+05:30
168,J2_BAMBALAPITIYA,2026-05-04 16:47:43.249096+05:30,105,2.69,SPEED_BELOW_10,2026-05-04 16:47:51.048329+05:30
171,J3_TOWN_HALL,2026-05-04 16:47:41.984222+05:30,101,5.33,SPEED_BELOW_10,2026-05-04 16:47:51.054792+05:30
173,J1_KOLLUPITIYA,2026-05-04 16:47:41.232088+05:30,128,7.22,SPEED_BELOW_10,2026-05-04 16:47:51.057432+05:30
172,J1_KOLLUPITIYA,2026-05-04 16:47:40.223613+05:30,133,6.97,SPEED_BELOW_10,2026-05-04 16:47:51.057432+05:30
167,J2_BAMBALAPITIYA,2026-05-04 16:47:39.971069+05:30,94,9.80,SPEED_BELOW_10,2026-05-04 16:47:40.791635+05:30
164,J1_KOLLUPITIYA,2026-05-04 16:47:38.960849+05:30,91,8.81,SPEED_BELOW_10,2026-05-04 16:47:40.785517+05:30
163,J4_BORELLA,2026-05-04 16:47:38.216617+05:30,119,7.82,SPEED_BELOW_10,2026-05-04 16:47:40.785517+05:30
162,J4_BORELLA,2026-05-04 16:47:37.956783+05:30,91,3.77,SPEED_BELOW_10,2026-05-04 16:47:40.785517+05:30
161,J4_BORELLA,2026-05-04 16:47:37.152168+05:30,90,5.28,SPEED_BELOW_10,2026-05-04 16:47:40.785517+05:30
160,J4_BORELLA,2026-05-04 16:47:36.177430+05:30,123,4.38,SPEED_BELOW_10,2026-05-04 16:47:40.785517+05:30
159,J4_BORELLA,2026-05-04 16:47:36.140755+05:30,113,2.98,SPEED_BELOW_10,2026-05-04 16:47:40.785517+05:30
166,J2_BAMBALAPITIYA,2026-05-04 16:47:35.942400+05:30,137,8.27,SPEED_BELOW_10,2026-05-04 16:47:40.791635+05:30
165,J3_TOWN_HALL,2026-05-04 16:47:33.086351+05:30,150,4.34,SPEED_BELOW_10,2026-05-04 16:47:40.789740+05:30
158,J3_TOWN_HALL,2026-05-04 16:47:22.032333+05:30,142,5.47,SPEED_BELOW_10,2026-05-04 16:47:30.748466+05:30
157,J2_BAMBALAPITIYA,2026-05-04 16:47:19.050462+05:30,106,6.66,SPEED_BELOW_10,2026-05-04 16:47:20.724439+05:30
156,J2_BAMBALAPITIYA,2026-05-04 16:47:13.821244+05:30,119,6.28,SPEED_BELOW_10,2026-05-04 16:47:20.724439+05:30
152,J3_TOWN_HALL,2026-05-04 16:47:08.995556+05:30,141,4.25,SPEED_BELOW_10,2026-05-04 16:47:10.756793+05:30
151,J3_TOWN_HALL,2026-05-04 16:47:06.957064+05:30,112,6.38,SPEED_BELOW_10,2026-05-04 16:47:10.756793+05:30
149,J2_BAMBALAPITIYA,2026-05-04 16:47:04.966882+05:30,128,5.40,SPEED_BELOW_10,2026-05-04 16:47:10.739322+05:30
150,J3_TOWN_HALL,2026-05-04 16:47:03.761609+05:30,114,9.06,SPEED_BELOW_10,2026-05-04 16:47:10.756793+05:30
148,J2_BAMBALAPITIYA,2026-05-04 16:47:03.758273+05:30,143,9.35,SPEED_BELOW_10,2026-05-04 16:47:10.739322+05:30
155,J4_BORELLA,2026-05-04 16:47:02.924361+05:30,150,3.21,SPEED_BELOW_10,2026-05-04 16:47:10.759729+05:30
154,J1_KOLLUPITIYA,2026-05-04 16:47:01.936118+05:30,92,6.57,SPEED_BELOW_10,2026-05-04 16:47:10.759729+05:30
153,J1_KOLLUPITIYA,2026-05-04 16:47:01.915751+05:30,133,2.79,SPEED_BELOW_10,2026-05-04 16:47:10.759729+05:30
144,J3_TOWN_HALL,2026-05-04 16:46:57.917835+05:30,131,6.06,SPEED_BELOW_10,2026-05-04 16:47:00.701277+05:30
147,J1_KOLLUPITIYA,2026-05-04 16:46:57.713205+05:30,100,3.27,SPEED_BELOW_10,2026-05-04 16:47:00.701512+05:30
146,J1_KOLLUPITIYA,2026-05-04 16:46:56.707036+05:30,116,4.01,SPEED_BELOW_10,2026-05-04 16:47:00.701512+05:30
145,J4_BORELLA,2026-05-04 16:46:52.879911+05:30,110,7.87,SPEED_BELOW_10,2026-05-04 16:47:00.701512+05:30
143,J3_TOWN_HALL,2026-05-04 16:46:47.631208+05:30,104,9.01,SPEED_BELOW_10,2026-05-04 16:46:50.702417+05:30
139,J2_BAMBALAPITIYA,2026-05-04 16:46:47.627949+05:30,110,9.87,SPEED_BELOW_10,2026-05-04 16:46:50.692478+05:30
142,J3_TOWN_HALL,2026-05-04 16:46:46.852640+05:30,111,8.30,SPEED_BELOW_10,2026-05-04 16:46:50.702417+05:30
137,J1_KOLLUPITIYA,2026-05-04 16:46:46.849985+05:30,138,9.36,SPEED_BELOW_10,2026-05-04 16:46:50.687008+05:30
141,J3_TOWN_HALL,2026-05-04 16:46:45.845652+05:30,92,4.95,SPEED_BELOW_10,2026-05-04 16:46:50.702417+05:30
136,J1_KOLLUPITIYA,2026-05-04 16:46:45.615051+05:30,96,7.56,SPEED_BELOW_10,2026-05-04 16:46:50.687008+05:30
135,J1_KOLLUPITIYA,2026-05-04 16:46:44.838307+05:30,113,2.96,SPEED_BELOW_10,2026-05-04 16:46:50.687008+05:30
140,J3_TOWN_HALL,2026-05-04 16:46:44.826134+05:30,136,8.59,SPEED_BELOW_10,2026-05-04 16:46:50.702417+05:30
138,J2_BAMBALAPITIYA,2026-05-04 16:46:42.559407+05:30,109,4.23,SPEED_BELOW_10,2026-05-04 16:46:50.692478+05:30
134,J4_BORELLA,2026-05-04 16:46:41.804545+05:30,119,3.64,SPEED_BELOW_10,2026-05-04 16:46:50.687008+05:30
133,J2_BAMBALAPITIYA,2026-05-04 16:46:34.764019+05:30,126,9.81,SPEED_BELOW_10,2026-05-04 16:46:40.600184+05:30
132,J2_BAMBALAPITIYA,2026-05-04 16:46:33.767084+05:30,146,7.86,SPEED_BELOW_10,2026-05-04 16:46:40.600184+05:30
130,J1_KOLLUPITIYA,2026-05-04 16:46:33.764587+05:30,145,6.77,SPEED_BELOW_10,2026-05-04 16:46:40.584490+05:30
129,J4_BORELLA,2026-05-04 16:46:33.758727+05:30,124,6.60,SPEED_BELOW_10,2026-05-04 16:46:40.584490+05:30
131,J2_BAMBALAPITIYA,2026-05-04 16:46:30.745614+05:30,123,3.43,SPEED_BELOW_10,2026-05-04 16:46:40.600184+05:30
128,J2_BAMBALAPITIYA,2026-05-04 16:46:28.726633+05:30,138,7.62,SPEED_BELOW_10,2026-05-04 16:46:30.532765+05:30
126,J1_KOLLUPITIYA,2026-05-04 16:46:27.722929+05:30,140,8.23,SPEED_BELOW_10,2026-05-04 16:46:30.531540+05:30
127,J2_BAMBALAPITIYA,2026-05-04 16:46:22.615723+05:30,146,4.22,SPEED_BELOW_10,2026-05-04 16:46:30.532765+05:30
124,J1_KOLLUPITIYA,2026-05-04 16:46:19.567575+05:30,148,7.06,SPEED_BELOW_10,2026-05-04 16:46:20.457860+05:30
125,J2_BAMBALAPITIYA,2026-05-04 16:46:19.566656+05:30,98,6.20,SPEED_BELOW_10,2026-05-04 16:46:20.457901+05:30
123,J1_KOLLUPITIYA,2026-05-04 16:46:19.564949+05:30,98,2.89,SPEED_BELOW_10,2026-05-04 16:46:20.457860+05:30
121,J4_BORELLA,2026-05-04 16:46:16.403920+05:30,114,8.51,SPEED_BELOW_10,2026-05-04 16:46:20.457860+05:30
120,J2_BAMBALAPITIYA,2026-05-04 16:46:15.549928+05:30,93,3.61,SPEED_BELOW_10,2026-05-04 16:46:20.457901+05:30
122,J3_TOWN_HALL,2026-05-04 16:46:15.397728+05:30,126,9.88,SPEED_BELOW_10,2026-05-04 16:46:20.461169+05:30
119,J3_TOWN_HALL,2026-05-04 16:46:07.503841+05:30,108,3.27,SPEED_BELOW_10,2026-05-04 16:46:10.419966+05:30
117,J2_BAMBALAPITIYA,2026-05-04 16:46:03.328525+05:30,105,3.85,SPEED_BELOW_10,2026-05-04 16:46:10.416247+05:30
116,J2_BAMBALAPITIYA,2026-05-04 16:46:02.476236+05:30,133,7.66,SPEED_BELOW_10,2026-05-04 16:46:10.416247+05:30
115,J2_BAMBALAPITIYA,2026-05-04 16:46:02.474846+05:30,131,5.69,SPEED_BELOW_10,2026-05-04 16:46:10.416247+05:30
114,J1_KOLLUPITIYA,2026-05-04 16:46:02.323136+05:30,134,2.49,SPEED_BELOW_10,2026-05-04 16:46:10.415477+05:30
113,J4_BORELLA,2026-05-04 16:46:01.472976+05:30,97,9.74,SPEED_BELOW_10,2026-05-04 16:46:10.415477+05:30
118,J3_TOWN_HALL,2026-05-04 16:46:01.469481+05:30,92,8.50,SPEED_BELOW_10,2026-05-04 16:46:10.419966+05:30
112,J1_KOLLUPITIYA,2026-05-04 16:46:01.466876+05:30,123,4.35,SPEED_BELOW_10,2026-05-04 16:46:10.415477+05:30
111,J4_BORELLA,2026-05-04 16:46:00.457764+05:30,133,8.87,SPEED_BELOW_10,2026-05-04 16:46:10.415477+05:30
110,J3_TOWN_HALL,2026-05-04 16:45:54.376994+05:30,115,5.03,SPEED_BELOW_10,2026-05-04 16:46:00.522694+05:30
108,J4_BORELLA,2026-05-04 16:45:53.363417+05:30,111,8.77,SPEED_BELOW_10,2026-05-04 16:46:00.508388+05:30
109,J3_TOWN_HALL,2026-05-04 16:45:53.361521+05:30,108,7.17,SPEED_BELOW_10,2026-05-04 16:46:00.522694+05:30
106,J1_KOLLUPITIYA,2026-05-04 16:45:46.130122+05:30,111,7.10,SPEED_BELOW_10,2026-05-04 16:45:50.362867+05:30
107,J2_BAMBALAPITIYA,2026-05-04 16:45:42.232201+05:30,101,7.16,SPEED_BELOW_10,2026-05-04 16:45:50.390521+05:30
105,J4_BORELLA,2026-05-04 16:45:41.230232+05:30,100,5.27,SPEED_BELOW_10,2026-05-04 16:45:50.362867+05:30
104,J4_BORELLA,2026-05-04 16:45:40.217886+05:30,125,7.16,SPEED_BELOW_10,2026-05-04 16:45:50.362867+05:30
101,J4_BORELLA,2026-05-04 16:45:39.212013+05:30,137,9.03,SPEED_BELOW_10,2026-05-04 16:45:40.864539+05:30
100,J4_BORELLA,2026-05-04 16:45:38.206210+05:30,119,8.18,SPEED_BELOW_10,2026-05-04 16:45:40.864539+05:30
96,J2_BAMBALAPITIYA,2026-05-04 16:45:37.201015+05:30,141,2.99,SPEED_BELOW_10,2026-05-04 16:45:40.863818+05:30
103,J3_TOWN_HALL,2026-05-04 16:45:35.186817+05:30,114,6.64,SPEED_BELOW_10,2026-05-04 16:45:40.875351+05:30
102,J3_TOWN_HALL,2026-05-04 16:45:33.979988+05:30,113,9.50,SPEED_BELOW_10,2026-05-04 16:45:40.875351+05:30
99,J1_KOLLUPITIYA,2026-05-04 16:45:33.976218+05:30,141,7.48,SPEED_BELOW_10,2026-05-04 16:45:40.864539+05:30
98,J1_KOLLUPITIYA,2026-05-04 16:45:33.182125+05:30,115,6.55,SPEED_BELOW_10,2026-05-04 16:45:40.864539+05:30
95,J2_BAMBALAPITIYA,2026-05-04 16:45:32.971349+05:30,138,3.95,SPEED_BELOW_10,2026-05-04 16:45:40.863818+05:30
94,J2_BAMBALAPITIYA,2026-05-04 16:45:32.178484+05:30,108,5.22,SPEED_BELOW_10,2026-05-04 16:45:40.863818+05:30
97,J4_BORELLA,2026-05-04 16:45:30.155694+05:30,135,3.47,SPEED_BELOW_10,2026-05-04 16:45:40.864539+05:30
93,J3_TOWN_HALL,2026-05-04 16:45:28.142189+05:30,139,6.53,SPEED_BELOW_10,2026-05-04 16:45:30.852828+05:30
92,J1_KOLLUPITIYA,2026-05-04 16:45:27.143469+05:30,114,2.87,SPEED_BELOW_10,2026-05-04 16:45:30.840947+05:30
91,J4_BORELLA,2026-05-04 16:45:25.937754+05:30,90,3.72,SPEED_BELOW_10,2026-05-04 16:45:30.840947+05:30
90,J2_BAMBALAPITIYA,2026-05-04 16:45:25.122425+05:30,114,2.37,SPEED_BELOW_10,2026-05-04 16:45:30.838090+05:30
85,J1_KOLLUPITIYA,2026-05-04 16:45:19.085605+05:30,110,3.61,SPEED_BELOW_10,2026-05-04 16:45:20.970252+05:30
89,J3_TOWN_HALL,2026-05-04 16:45:15.052737+05:30,146,7.33,SPEED_BELOW_10,2026-05-04 16:45:20.980785+05:30
88,J3_TOWN_HALL,2026-05-04 16:45:13.995834+05:30,132,4.24,SPEED_BELOW_10,2026-05-04 16:45:20.980785+05:30
87,J3_TOWN_HALL,2026-05-04 16:45:11.864130+05:30,146,6.64,SPEED_BELOW_10,2026-05-04 16:45:20.980785+05:30
86,J3_TOWN_HALL,2026-05-04 16:45:10.783469+05:30,94,3.57,SPEED_BELOW_10,2026-05-04 16:45:20.980785+05:30
84,J2_BAMBALAPITIYA,2026-05-04 16:45:08.704999+05:30,109,5.70,SPEED_BELOW_10,2026-05-04 16:45:10.772595+05:30
82,J3_TOWN_HALL,2026-05-04 16:45:05.677552+05:30,115,2.11,SPEED_BELOW_10,2026-05-04 16:45:10.742596+05:30
83,J2_BAMBALAPITIYA,2026-05-04 16:45:03.711692+05:30,112,7.04,SPEED_BELOW_10,2026-05-04 16:45:10.772595+05:30
81,J3_TOWN_HALL,2026-05-04 16:45:00.611176+05:30,105,7.88,SPEED_BELOW_10,2026-05-04 16:45:10.742596+05:30
79,J2_BAMBALAPITIYA,2026-05-04 16:44:57.579162+05:30,136,5.99,SPEED_BELOW_10,2026-05-04 16:45:00.660190+05:30
80,J3_TOWN_HALL,2026-05-04 16:44:56.566377+05:30,139,3.59,SPEED_BELOW_10,2026-05-04 16:45:00.661514+05:30
78,J2_BAMBALAPITIYA,2026-05-04 16:44:52.567481+05:30,113,9.49,SPEED_BELOW_10,2026-05-04 16:45:00.660190+05:30
77,J1_KOLLUPITIYA,2026-05-04 16:44:50.516599+05:30,135,6.12,SPEED_BELOW_10,2026-05-04 16:45:00.620830+05:30
74,J1_KOLLUPITIYA,2026-05-04 16:44:48.496919+05:30,121,8.46,SPEED_BELOW_10,2026-05-04 16:44:50.604072+05:30
76,J2_BAMBALAPITIYA,2026-05-04 16:44:47.504457+05:30,126,6.19,SPEED_BELOW_10,2026-05-04 16:44:50.620739+05:30
70,J3_TOWN_HALL,2026-05-04 16:44:46.541899+05:30,150,4.83,SPEED_BELOW_10,2026-05-04 16:44:50.597406+05:30
75,J2_BAMBALAPITIYA,2026-05-04 16:44:44.475910+05:30,130,2.48,SPEED_BELOW_10,2026-05-04 16:44:50.620739+05:30
73,J4_BORELLA,2026-05-04 16:44:42.504981+05:30,126,8.88,SPEED_BELOW_10,2026-05-04 16:44:50.604072+05:30
72,J1_KOLLUPITIYA,2026-05-04 16:44:42.500154+05:30,144,5.56,SPEED_BELOW_10,2026-05-04 16:44:50.604072+05:30
69,J3_TOWN_HALL,2026-05-04 16:44:41.495633+05:30,122,7.49,SPEED_BELOW_10,2026-05-04 16:44:50.597406+05:30
71,J1_KOLLUPITIYA,2026-05-04 16:44:41.465714+05:30,107,4.29,SPEED_BELOW_10,2026-05-04 16:44:50.604072+05:30
66,J4_BORELLA,2026-05-04 16:44:38.466881+05:30,94,5.23,SPEED_BELOW_10,2026-05-04 16:44:40.499268+05:30
65,J4_BORELLA,2026-05-04 16:44:36.421251+05:30,109,7.72,SPEED_BELOW_10,2026-05-04 16:44:40.499268+05:30
68,J2_BAMBALAPITIYA,2026-05-04 16:44:35.419984+05:30,119,3.45,SPEED_BELOW_10,2026-05-04 16:44:40.504078+05:30
64,J1_KOLLUPITIYA,2026-05-04 16:44:35.411934+05:30,123,6.76,SPEED_BELOW_10,2026-05-04 16:44:40.499268+05:30
63,J1_KOLLUPITIYA,2026-05-04 16:44:34.439501+05:30,102,8.12,SPEED_BELOW_10,2026-05-04 16:44:40.499268+05:30
67,J2_BAMBALAPITIYA,2026-05-04 16:44:32.418736+05:30,143,4.85,SPEED_BELOW_10,2026-05-04 16:44:40.504078+05:30
61,J3_TOWN_HALL,2026-05-04 16:44:31.364770+05:30,101,5.20,SPEED_BELOW_10,2026-05-04 16:44:40.463232+05:30
62,J4_BORELLA,2026-05-04 16:44:30.393153+05:30,101,2.86,SPEED_BELOW_10,2026-05-04 16:44:40.499268+05:30
60,J3_TOWN_HALL,2026-05-04 16:44:30.357379+05:30,97,7.68,SPEED_BELOW_10,2026-05-04 16:44:40.463232+05:30
59,J3_TOWN_HALL,2026-05-04 16:44:28.378218+05:30,123,4.67,SPEED_BELOW_10,2026-05-04 16:44:30.434405+05:30
56,J1_KOLLUPITIYA,2026-05-04 16:44:28.365700+05:30,140,3.65,SPEED_BELOW_10,2026-05-04 16:44:30.420956+05:30
55,J4_BORELLA,2026-05-04 16:44:25.359185+05:30,135,8.58,SPEED_BELOW_10,2026-05-04 16:44:30.420956+05:30
54,J4_BORELLA,2026-05-04 16:44:25.324596+05:30,146,9.12,SPEED_BELOW_10,2026-05-04 16:44:30.420956+05:30
58,J2_BAMBALAPITIYA,2026-05-04 16:44:25.320673+05:30,144,2.84,SPEED_BELOW_10,2026-05-04 16:44:30.420956+05:30
57,J2_BAMBALAPITIYA,2026-05-04 16:44:23.310643+05:30,121,7.01,SPEED_BELOW_10,2026-05-04 16:44:30.420956+05:30
53,J2_BAMBALAPITIYA,2026-05-04 16:44:22.334510+05:30,119,6.15,SPEED_BELOW_10,2026-05-04 16:44:30.420956+05:30
52,J1_KOLLUPITIYA,2026-05-04 16:44:22.303271+05:30,115,8.94,SPEED_BELOW_10,2026-05-04 16:44:30.420956+05:30
50,J4_BORELLA,2026-05-04 16:44:18.287578+05:30,113,5.95,SPEED_BELOW_10,2026-05-04 16:44:20.404947+05:30
49,J1_KOLLUPITIYA,2026-05-04 16:44:17.265605+05:30,141,7.63,SPEED_BELOW_10,2026-05-04 16:44:20.404947+05:30
48,J1_KOLLUPITIYA,2026-05-04 16:44:15.249178+05:30,140,4.56,SPEED_BELOW_10,2026-05-04 16:44:20.404947+05:30
51,J2_BAMBALAPITIYA,2026-05-04 16:44:13.263226+05:30,150,9.62,SPEED_BELOW_10,2026-05-04 16:44:20.408481+05:30
47,J1_KOLLUPITIYA,2026-05-04 16:44:13.261532+05:30,135,7.63,SPEED_BELOW_10,2026-05-04 16:44:20.404947+05:30
46,J1_KOLLUPITIYA,2026-05-04 16:44:12.253495+05:30,117,2.37,SPEED_BELOW_10,2026-05-04 16:44:20.404947+05:30
45,J1_KOLLUPITIYA,2026-05-04 16:44:07.217977+05:30,111,2.74,SPEED_BELOW_10,2026-05-04 16:44:10.826722+05:30
44,J4_BORELLA,2026-05-04 16:44:06.209563+05:30,134,8.90,SPEED_BELOW_10,2026-05-04 16:44:10.826722+05:30
40,J3_TOWN_HALL,2026-05-04 16:44:06.204494+05:30,146,9.01,SPEED_BELOW_10,2026-05-04 16:44:10.307447+05:30
43,J1_KOLLUPITIYA,2026-05-04 16:44:05.191137+05:30,108,2.27,SPEED_BELOW_10,2026-05-04 16:44:10.826722+05:30
39,J3_TOWN_HALL,2026-05-04 16:44:03.181908+05:30,122,2.39,SPEED_BELOW_10,2026-05-04 16:44:10.307447+05:30
42,J1_KOLLUPITIYA,2026-05-04 16:44:02.174885+05:30,113,6.50,SPEED_BELOW_10,2026-05-04 16:44:10.826722+05:30
41,J1_KOLLUPITIYA,2026-05-04 16:44:00.181567+05:30,101,6.83,SPEED_BELOW_10,2026-05-04 16:44:10.826722+05:30
38,J1_KOLLUPITIYA,2026-05-04 16:43:59.175570+05:30,144,7.34,SPEED_BELOW_10,2026-05-04 16:44:00.789754+05:30
37,J1_KOLLUPITIYA,2026-05-04 16:43:56.144341+05:30,95,9.76,SPEED_BELOW_10,2026-05-04 16:44:00.789754+05:30
33,J3_TOWN_HALL,2026-05-04 16:43:55.150821+05:30,146,8.08,SPEED_BELOW_10,2026-05-04 16:44:00.776790+05:30
36,J1_KOLLUPITIYA,2026-05-04 16:43:53.121158+05:30,102,2.96,SPEED_BELOW_10,2026-05-04 16:44:00.789754+05:30
32,J3_TOWN_HALL,2026-05-04 16:43:52.135984+05:30,111,5.67,SPEED_BELOW_10,2026-05-04 16:44:00.776790+05:30
35,J1_KOLLUPITIYA,2026-05-04 16:43:51.109202+05:30,103,5.96,SPEED_BELOW_10,2026-05-04 16:44:00.789754+05:30
34,J4_BORELLA,2026-05-04 16:43:50.102162+05:30,114,2.24,SPEED_BELOW_10,2026-05-04 16:44:00.789754+05:30
28,J3_TOWN_HALL,2026-05-04 16:43:48.114705+05:30,90,8.91,SPEED_BELOW_10,2026-05-04 16:43:50.899022+05:30
31,J1_KOLLUPITIYA,2026-05-04 16:43:47.103542+05:30,146,9.50,SPEED_BELOW_10,2026-05-04 16:43:50.900621+05:30
27,J3_TOWN_HALL,2026-05-04 16:43:46.076959+05:30,139,5.51,SPEED_BELOW_10,2026-05-04 16:43:50.899022+05:30
30,J1_KOLLUPITIYA,2026-05-04 16:43:46.072937+05:30,91,9.01,SPEED_BELOW_10,2026-05-04 16:43:50.900621+05:30
29,J4_BORELLA,2026-05-04 16:43:41.051937+05:30,118,9.05,SPEED_BELOW_10,2026-05-04 16:43:50.900621+05:30
23,J3_TOWN_HALL,2026-05-04 16:43:39.029394+05:30,118,7.12,SPEED_BELOW_10,2026-05-04 16:43:40.816689+05:30
22,J3_TOWN_HALL,2026-05-04 16:43:38.019763+05:30,108,4.78,SPEED_BELOW_10,2026-05-04 16:43:40.816689+05:30
26,J1_KOLLUPITIYA,2026-05-04 16:43:37.016900+05:30,90,6.83,SPEED_BELOW_10,2026-05-04 16:43:40.821522+05:30
25,J1_KOLLUPITIYA,2026-05-04 16:43:37.000703+05:30,138,9.26,SPEED_BELOW_10,2026-05-04 16:43:40.821522+05:30
24,J4_BORELLA,2026-05-04 16:43:35.991124+05:30,100,4.48,SPEED_BELOW_10,2026-05-04 16:43:40.821522+05:30
21,J2_BAMBALAPITIYA,2026-05-04 16:43:33.952241+05:30,141,4.23,SPEED_BELOW_10,2026-05-04 16:43:40.811199+05:30
20,J1_KOLLUPITIYA,2026-05-04 16:43:28.860745+05:30,111,4.86,SPEED_BELOW_10,2026-05-04 16:43:31.087351+05:30
19,J4_BORELLA,2026-05-04 16:43:25.775248+05:30,92,6.53,SPEED_BELOW_10,2026-05-04 16:43:31.087351+05:30
18,J4_BORELLA,2026-05-04 16:43:24.728159+05:30,97,6.71,SPEED_BELOW_10,2026-05-04 16:43:31.087351+05:30
17,J4_BORELLA,2026-05-04 16:43:22.712195+05:30,148,2.69,SPEED_BELOW_10,2026-05-04 16:43:31.087351+05:30
16,J4_BORELLA,2026-05-04 16:43:21.613296+05:30,91,5.92,SPEED_BELOW_10,2026-05-04 16:43:31.087351+05:30
15,J4_BORELLA,2026-05-04 16:43:20.605445+05:30,150,4.21,SPEED_BELOW_10,2026-05-04 16:43:31.087351+05:30
14,J4_BORELLA,2026-05-04 16:43:19.687821+05:30,129,5.29,SPEED_BELOW_10,2026-05-04 16:43:20.728646+05:30
10,J2_BAMBALAPITIYA,2026-05-04 16:43:19.679544+05:30,134,5.37,SPEED_BELOW_10,2026-05-04 16:43:20.712170+05:30
13,J4_BORELLA,2026-05-04 16:43:18.433664+05:30,124,7.63,SPEED_BELOW_10,2026-05-04 16:43:20.728646+05:30
9,J2_BAMBALAPITIYA,2026-05-04 16:43:17.487204+05:30,127,8.73,SPEED_BELOW_10,2026-05-04 16:43:20.712170+05:30
12,J4_BORELLA,2026-05-04 16:43:16.443752+05:30,138,8.40,SPEED_BELOW_10,2026-05-04 16:43:20.728646+05:30
8,J2_BAMBALAPITIYA,2026-05-04 16:43:16.430988+05:30,149,3.13,SPEED_BELOW_10,2026-05-04 16:43:20.712170+05:30
11,J4_BORELLA,2026-05-04 16:43:15.218990+05:30,147,4.43,SPEED_BELOW_10,2026-05-04 16:43:20.728646+05:30
7,J3_TOWN_HALL,2026-05-04 16:43:09.878611+05:30,107,6.78,SPEED_BELOW_10,2026-05-04 16:43:10.963703+05:30
6,J2_BAMBALAPITIYA,2026-05-04 16:43:03.854032+05:30,150,7.79,SPEED_BELOW_10,2026-05-04 16:43:10.934577+05:30
5,J1_KOLLUPITIYA,2026-05-04 16:43:00.770723+05:30,101,7.09,SPEED_BELOW_10,2026-05-04 16:43:10.912795+05:30
4,J2_BAMBALAPITIYA,2026-05-04 16:42:59.132231+05:30,150,5.87,SPEED_BELOW_10,2026-05-04 16:43:01.609877+05:30
3,J3_TOWN_HALL,2026-05-04 16:42:56.134784+05:30,138,5.66,SPEED_BELOW_10,2026-05-04 16:43:01.541561+05:30
1,J3_TOWN_HALL,2026-05-04 16:42:54.111036+05:30,116,7.77,SPEED_BELOW_10,2026-05-04 16:42:56.794207+05:30
2,J2_BAMBALAPITIYA,2026-05-04 16:42:54.106041+05:30,123,6.17,SPEED_BELOW_10,2026-05-04 16:42:57.143734+05:30
